year,name,school,position,class
2005,Alfred Reft,University of Hawai'i,L,Jr.
2005,Andy Hein,Pepperdine University,MB,Jr.
2005,Evan Patak,UC Santa Barbara,RS/Opp,So.
2005,Kevin Hansen,Stanford University,S,Sr.
2005,Nate Meerstein,Penn State University,MB,Jr.
2005,Paul Johnson,UCLA,MB,Sr.
2005,Pedro Azenha,University of Hawai'i,OH,Sr.
2005,Robert Tarr,Long Beach State University,OH,Jr.
2005,Sean Rooney,Pepperdine University,OH,Sr.
2005,Tyler Hildebrand,Long Beach State University,S,Jr.
2006,Andy Hein,Pepperdine University,MB,Sr.
2006,Brent Asuka,UC Irvine,L,Fr.
2006,Brian Beckwith,University of Hawai'i,S,Jr.
2006,Chris Kozlarek,Loyola University Chicago,RS/Opp,Sr.
2006,James Grunst,Loyola University Chicago,MB,Jr.
2006,Jayson Jablonsky,UC Irvine,OH,Jr.
2006,Lauri Hakala,University of Hawai'i,OH,Jr.
2006,Robert Tarr,Long Beach State University,OH,Sr.
2006,Shaun Powell,George Mason University,RS/Opp,Sr.
2006,Tyler Hildebrand,Long Beach State University,S,Sr.
2007,Daniel Mathews,Ohio State University,S,Jr.
2007,David Smith,UC Irvine,MB,Sr.
2007,Evan Patak,UC Santa Barbara,RS/Opp,Sr.
2007,Ivan Perez,Brigham Young University,OH,Jr.
2007,Jonathan Winder,Pepperdine University,S,Jr.
2007,Marc Honore,Saint Francis University,MB,Sr.
2007,Paul Carroll,Pepperdine University,RS/Opp,So.
2007,Theo Brunner,UC Santa Barbara,MB,Jr.
2007,Tony Ker,UCLA,DS/L,Jr.
2007,Yosleyder Cala,Brigham Young University,OH,So.
2008,Dan Alexander,Long Beach State University,MB,So.
2008,Daniel Mathews,Ohio State University,S,Sr.
2008,Eric Vance,California State University Northridge,OH,Jr.
2008,Jonathan Winder,Pepperdine University,S,Sr.
2008,Matt Anderson,Penn State University,OH,Jr.
2008,Max Holt,Penn State University,MB,Jr.
2008,Paul Carroll,Pepperdine University,RS/Opp.,Jr.
2008,Paul Lotman,Long Beach State University,OH,Sr.
2008,Russell Holmes,Brigham Young University,MB,Sr.
2008,Tony Ker,UCLA,DS/L,Sr.
2009,Dean Bittner,Long Beach State University,RS/Opp.,Jr.
2009,Eric Vance,California State University Northridge,OH,Sr.
2009,Erik Shoji,Stanford University,DS/L,Fr.
2009,Kawika Shoji,Stanford University,S,Jr.
2009,Max Holt,Penn State University,MB,Sr.
2009,Max Lipsitz,Penn State University,MB,Jr.
2009,Murphy Troy,University of Southern California,OH,So.
2009,Paul Carroll,Pepperdine University,RS/Opp.,Jr.
2009,Ryan Ammerman,UC Irvine,S,Sr.
2009,Will Price,Penn State University,OH,Jr.
2010,Andrew Stewart,Brigham Young University,OH,Sr.
2010,Brad Lawson,Stanford University,OH,So.
2010,Carson Clark,UC Irvine,RS/Opp.,So.
2010,Erik Shoji,Stanford University,DS/L,So.
2010,Jacek Ratajczak,California State University Northridge,MB,Sr.
2010,Jonas Umlauft,University of Hawai'i,RS/Opp.,Fr.
2010,Kasey Crider,Pepperdine University,S,Jr.
2010,Kawika Shoji,Stanford University,S,Sr.
2010,Kevin McKniff,California State University Northridge,MB,Sr.
2010,Max Lipsitz,Penn State University,MB,Sr.
2011,Brad Lawson,Stanford University,OH,Jr.
2011,Cory Yoder,UC Irvine,OH,Sr.
2011,Erik Shoji,Stanford University,L,Jr.
2011,Jeff Menzel,UC Santa Barbara,OH,Sr.
2011,Joe Sunder,Penn State University,OH,Jr.
2011,Jonas Umlauft,University of Hawai'i,RS/Opp.,So.
2011,Murphy Troy,University of Southern California,RS/Opp.,Sr.
2011,Riley McKibbon,University of Southern California,S,Sr.
2011,Steven Kehoe,Ohio State University,S,Sr.
2011,Va'afuti Tavana,Brigham Young University,MB,Jr.
2012,Brad Lawson,Stanford University,OH,Sr.
2012,Carson Clark,UC Irvine,RS/Opp.,Sr.
2012,Erik Shoji,Stanford University,L/DS,Sr.
2012,Futi Tavana,Brigham Young University,MB,Sr.
2012,Kevin Tillie,UC Irvine,OH,Jr.
2012,Kyle Caldwell,UCLA,S,Sr.
2012,Shawn Sangrey,Ohio State University,RS/Opp.,Sr.
2012,Taylor Sander,Brigham Young University,OH,So.
2012,Thomas Amberg,UCLA,MB,Sr.
2012,Tony Ciarelli,University of Southern California,OH,Sr.
2013,Ben Patch,Brigham Young University,OPP,Fr.
2013,Brian Cook,Stanford University,OH,Jr.
2013,Dylan Davis,UC Santa Barbara,MB,Sr.
2013,Gonzalo Quiroga,UCLA,OH,Jr.
2013,Kevin Tillie,UC Irvine,OH,Sr.
2013,Levi Cabral,California Baptist University,OH,Sr.
2013,Matt West,Pepperdine University,S,So.
2013,Michael Brinkley,UC Irvine,L,So.
2013,Taylor Crabb,Long Beach State University,OH,Jr.
2013,Taylor Sander,Brigham Young University,OH,Jr.
2014,Aaron Russell,Penn State University,OH,Jr.
2014,Brian Cook,Stanford University,OH,Sr.
2014,Geoff Powell,Lewis University,OH,RS- Jr.
2014,Gonzalo Quiroga,UCLA,OH,Sr.
2014,Micah Christenson,University of Southern California,S,Jr.
2014,Michael Brinkley,UC Irvine,L,Jr.
2014,Taylor Averill,University of Hawai'i,MB,RS- Jr.
2014,Taylor Crabb,Long Beach State University,OH,Sr.
2014,Taylor Sander,Brigham Young University,OH,Sr.
2014,Thomas Jaeschke,Loyola University Chicago,OH,So.
2015,Aaron Russell,Penn State University,OH,Sr.
2015,Geoff Powell,Lewis University,OH,RS-Sr.
2015,Josh Taylor,Pepperdine University,OH,Jr.
2015,Matt West,Pepperdine University,S,Sr.
2015,Micah Christenson,University of Southern California,S,Sr.
2015,Michael Brinkley,UC Irvine,L,Sr.
2015,Tamir Hershko,UC Irvine,OH,So.
2015,Taylor Averill,University of Hawai'i,MB,RS-Sr.
2015,Thomas Jaeschke,Loyola University Chicago,OH,Jr.
2015,Zack La Cavera,UC Irvine,RS,Sr.
2016,Ben Patch,Brigham Young University,RS,So.
2016,Bobby Walsh,Lewis University,MB,Sr.
2016,Brenden Sander,Brigham Young University,OH,So.
2016,Conrad Kaminski,Stanford University,MB,Sr.
2016,Evan Enriques,Stanford University,L,So.
2016,James Shaw,Stanford University,S,Sr.
2016,Micah Ma'a,UCLA,S/H,Fr.
2016,Miles Johnson,Ohio State University,RS,Jr.
2016,Nicolas Szerszen,Ohio State University,OH,So.
2016,TJ DeFalco,Long Beach State University,OH,Fr.
2017,Amir Lugo-Rodriguez,Long Beach State University,MB,Sr.
2017,Andrew Sato,Long Beach State University,L,Sr.
2017,Jake Langlois,Brigham Young University,OH,Sr.
2017,Jeff Jendryk,Loyola University Chicago,MB,Jr.
2017,Jennings Franciskovic,University of Hawai'i,S,Sr.
2017,Josh Tuaniga,Long Beach State University,S,So.
2017,Miles Johnson,Ohio State University,RS,Sr.
2017,Nicolas Szerszen,Ohio State University,OH,Jr.
2017,Stijn van Tilburg,University of Hawai'i,RS,So.
2017,TJ DeFalco,Long Beach State University,OH,So.
2018,Brenden Sander,Brigham Young University,OH,Sr.
2018,Daenan Gyimah,UCLA,MB,So.
2018,Jeff Jendryk,Loyola University Chicago,MB,Sr.
2018,Josh Tuaniga,Long Beach State University,S,Jr.
2018,Kyle Ensing,Long Beach State University,RS,Jr.
2018,Larry Tuileta,University of Hawai'i,L,Sr.
2018,Micah Ma'a,UCLA,S,Jr.
2018,Nicolas Szerszen,Ohio State University,OH,Sr.
2018,Stijn van Tilburg,University of Hawai'i,OH,Jr.
2018,TJ DeFalco,Long Beach State University,OH,Jr.
2019,Daenan Gyimah,UCLA,MB,Jr.
2019,David Wieczorek,Pepperdine University,OH,RS-Sr.
2019,Gage Worsley,University of Hawai'i,L,So.
2019,Joe Worsley,University of Hawai'i,S,Sr.
2019,Josh Tuaniga,Long Beach State University,S,Sr.
2019,Kyle Ensing,Long Beach State University,RS,Sr.
2019,Micah Ma‘a,UCLA,S/H,Sr.
2019,Rado Parapunov,University of Hawai'i,RS,Jr.
2019,Stijn van Tilburg,University of Hawai'i,OH,Sr.
2019,TJ DeFalco,Long Beach State University,OH,Sr.
2020,Casey McGarry,UC Santa Barbara,S,Sr.
2020,Daenan Gyimah,UCLA,MB,Sr.
2020,Davide Gardini,Brigham Young University,OH,So.
2020,Gabi Garcia Fernandez,Brigham Young University,RS,Jr.
2020,Gage Worsley,University of Hawai'i,L,Jr.
2020,Kyle McCauley,UC San Diego,OH,Jr.
2020,Rado Parapunov,University of Hawai'i,RS,Sr.
2020,Ryan Coenen,Lewis University,OH,RS-Sr.
2020,Tyler Mitchem,Lewis University,MB,RS-Jr.
2020,Wil Stanley,Brigham Young University,S,Sr.
2021,Casey McGarry,UC Santa Barbara,S,Sr.
2021,Davide Gardini,Brigham Young University,OH,Jr.
2021,Gabi Garcia Fernandez,Brigham Young University,RS,Sr.
2021,Gage Worsley,University of Hawai'i,L,Jr.
2021,Patrick Gasman,University of Hawai'i,MB/RS,Sr.
2021,Rado Parapunov,University of Hawai'i,RS,Sr.
2021,Randy DeWeese,UC Santa Barbara,RS,Sr.
2021,Ryan Coenen,Lewis University,OH,Sr.
2021,Tyler Mitchem,Lewis University,MB,RS-Sr.
2021,Wil Stanley,Brigham Young University,S,Gr.
2022,Alex Nikolov,Long Beach State University,OH,Fr.
2022,Brett Wildman,Penn State University,OH,Sr.
2022,Davide Gardini,Brigham Young University,OH,Sr.
2022,Ethan Champlin,UCLA,OH,So.
2022,Jakob Thelle,University of Hawai'i,S,Jr.
2022,Kaleb Jenness,Ball State University,OH,Sr.
2022,Mason Briggs,Long Beach State University,L,So.
2022,Merrick McHenry,UCLA,MB,RS-So.
2022,Miles Partain,UCLA,S,So.
2022,Quinn Isaacson,Ball State University,S,Gr.
2022,Tyler Mitchem,Lewis University,MB,Gr.
2022,Will Rottman,Stanford University,OH,Jr.
2023,Andrew Rowan,UCLA,S,Fr.
2023,Cole Bogner,Penn State University,S,Gr.
2023,Dimitrios Mouchlias,University of Hawai'i,RS,Jr.
2023,Ethan Champlin,UCLA,OH,Jr.
2023,Guilherme Voss,University of Hawai'i,MB,Jr.
2023,Hilir Henno,UC Irvine,OH,So.
2023,Ido David,UCLA,RS,So.
2023,Jacob Pasteur,Ohio State University,OH,Jr.
2023,Jakob Thelle,University of Hawai'i,S,Sr.
2023,Mason Briggs,Long Beach State University,L,Jr.
2023,Merrick McHenry,UCLA,MB,RS-Jr.
2023,Toby Ezeonu,Penn State University,MB,Jr.
2024,Andrew Rowan,UCLA,S,So.
2024,Camden Gianni,Grand Canyon University,OH,RS-Sr.
2024,Cameron Thorne,Grand Canyon University,MB,So.
2024,Ethan Champlin,UCLA,OH,Sr.
2024,Hilir Henno,UC Irvine,OH,Jr.
2024,John Kerr,Penn State University,RS,Gr.
2024,Mason Briggs,Long Beach State University,L,Sr.
2024,Merrick McHenry,UCLA,MB,RS-Sr.
2024,Nicholas Slight,Grand Canyon University,S,RS-Jr.
2024,Parker Van Buren,Loyola University Chicago,RS,RS-Jr.
2024,Simon Torwie,Long Beach State University,MB,Sr.
2024,Sotiris Siapanis,Long Beach State University,OH,Jr.
2025,Adrien Roure,University of Hawai'i,OH,Fr.
2025,Andrew Rowan,UCLA,S,Jr.
2025,Cameron Thorne,UCLA,MB,Jr.
2025,Cooper Robinson,UCLA,OH,RS-Jr.
2025,Dillon Klein,University of Southern California,OH,Jr.
2025,Hilir Henno,UC Irvine,OH,Sr.
2025,Jalen Phillips,California State University Northridge,OPP,RS-So.
2025,Moni Nikolov,Long Beach State University,S,Fr.
2025,Parker Van Buren,Loyola University Chicago,OH,RS-Sr.
2025,Ryan Barnett,Pepperdine University,OH,RS-Jr.
2025,Skyler Varga,Long Beach State University,OH,Jr.
2025,Tread Rosenthal,University of Hawai'i,S,So.
