"","rank","title","director","year","imdb_rating","id","site","producer_site","audience_scores","tomato_meter_scores","director_rot_tom","distributor","production_co","produced_by","producers_imdb"
"1",1,"The Shawshank Redemption","Frank Darabont",1994,9.2,"tt0111161","https://www.imdb.com/title/tt0111161","https://www.imdb.com/title/tt0111161/companycredits?ref_=ttfc_sa_3",98,91,"Frank Darabont","Columbia Pictures",NA,"Columbia Pictures","Castle Rock Entertainment"
"2",2,"The Godfather","Francis Ford Coppola",1972,9.2,"tt0068646","https://www.imdb.com/title/tt0068646","https://www.imdb.com/title/tt0068646/companycredits?ref_=ttfc_sa_3",98,97,"Francis Ford Coppola","Paramount Pictures",NA,"Paramount Pictures","Paramount Pictures|Albert S. Ruddy Productions|Alfran Productions"
"3",3,"The Dark Knight","Christopher Nolan",2008,9,"tt0468569","https://www.imdb.com/title/tt0468569","https://www.imdb.com/title/tt0468569/companycredits?ref_=ttfc_sa_3",94,94,"Christopher Nolan","Warner Bros.",NA,"Warner Bros.","Warner Bros.|Legendary Entertainment|Syncopy|DC Comics"
"4",4,"The Godfather Part II","Francis Ford Coppola",1974,9,"tt0071562","https://www.imdb.com/title/tt0071562","https://www.imdb.com/title/tt0071562/companycredits?ref_=ttfc_sa_3",97,96,"Francis Ford Coppola","Paramount Pictures",NA,"Paramount Pictures","Paramount Pictures|The Coppola Company|American Zoetrope"
"5",5,"12 Angry Men","Sidney Lumet",1957,8.9,"tt0050083","https://www.imdb.com/title/tt0050083","https://www.imdb.com/title/tt0050083/companycredits?ref_=ttfc_sa_3",97,100,"Sidney Lumet","United Artists, Metro-Goldwyn-Mayer, Criterion Collection, MGM/UA Home Entertainment Inc.",NA,"United Artists, Metro-Goldwyn-Mayer, Criterion Collection, MGM/UA Home Entertainment Inc.","Orion-Nova Productions"
"6",6,"Schindler's List","Steven Spielberg",1993,8.9,"tt0108052","https://www.imdb.com/title/tt0108052","https://www.imdb.com/title/tt0108052/companycredits?ref_=ttfc_sa_3",97,98,"Steven Spielberg","Universal Pictures",NA,"Universal Pictures","Universal Pictures|Amblin Entertainment"
"7",7,"The Lord of the Rings: The Return of the King","Peter Jackson",2003,8.9,"tt0167260","https://www.imdb.com/title/tt0167260","https://www.imdb.com/title/tt0167260/companycredits?ref_=ttfc_sa_3",86,93,"Peter Jackson","New Line Cinema",NA,"New Line Cinema","New Line Cinema|WingNut Films|The Saul Zaentz Company"
"8",8,"Pulp Fiction","Quentin Tarantino",1994,8.8,"tt0110912","https://www.imdb.com/title/tt0110912","https://www.imdb.com/title/tt0110912/companycredits?ref_=ttfc_sa_3",96,92,"Quentin Tarantino","Miramax Films",NA,"Miramax Films","Miramax|A Band Apart|Jersey Films"
"9",9,"The Lord of the Rings: The Fellowship of the Ring","Peter Jackson",2001,8.8,"tt0120737","https://www.imdb.com/title/tt0120737","https://www.imdb.com/title/tt0120737/companycredits?ref_=ttfc_sa_3",95,91,"Peter Jackson","Warner Bros., New Line Cinema, Argentina Video Home, FS Film Oy",NA,"Warner Bros., New Line Cinema, Argentina Video Home, FS Film Oy","New Line Cinema|WingNut Films|The Saul Zaentz Company"
"10",10,"The Good, the Bad and the Ugly","Sergio Leone",1966,8.8,"tt0060196","https://www.imdb.com/title/tt0060196","https://www.imdb.com/title/tt0060196/companycredits?ref_=ttfc_sa_3",97,97,"Sergio Leone","Metro-Goldwyn-Mayer, United Artists",NA,"Metro-Goldwyn-Mayer, United Artists","Produzioni Europee Associate|Arturo González Producciones Cinematográficas|Constantin Film"
"11",11,"Forrest Gump","Robert Zemeckis",1994,8.8,"tt0109830","https://www.imdb.com/title/tt0109830","https://www.imdb.com/title/tt0109830/companycredits?ref_=ttfc_sa_3",95,71,"Robert Zemeckis","Paramount Pictures",NA,"Paramount Pictures","Paramount Pictures|The Steve Tisch Company|Wendy Finerman Productions"
"12",12,"Fight Club","David Fincher",1999,8.7,"tt0137523","https://www.imdb.com/title/tt0137523","https://www.imdb.com/title/tt0137523/companycredits?ref_=ttfc_sa_3",96,79,"David Fincher","20th Century Fox",NA,"20th Century Fox","Fox 2000 Pictures|New Regency Productions|Linson Films|Atman Entertainment|Knickerbocker Films|Taurus Film"
"13",13,"Inception","Christopher Nolan",2010,8.7,"tt1375666","https://www.imdb.com/title/tt1375666","https://www.imdb.com/title/tt1375666/companycredits?ref_=ttfc_sa_3",91,87,"Christopher Nolan","Warner Bros. Pictures",NA,"Warner Bros. Pictures","Warner Bros.|Legendary Entertainment|Syncopy"
"14",14,"The Lord of the Rings: The Two Towers","Peter Jackson",2002,8.7,"tt0167261","https://www.imdb.com/title/tt0167261","https://www.imdb.com/title/tt0167261/companycredits?ref_=ttfc_sa_3",95,95,"Peter Jackson","New Line Cinema",NA,"New Line Cinema","New Line Cinema|WingNut Films|The Saul Zaentz Company"
"15",15,"Star Wars: Episode V - The Empire Strikes Back","Irvin Kershner",1980,8.7,"tt0080684","https://www.imdb.com/title/tt0080684","https://www.imdb.com/title/tt0080684/companycredits?ref_=ttfc_sa_3",97,94,"Irvin Kershner","20th Century Fox",NA,"20th Century Fox","Lucasfilm"
"16",16,"The Matrix","Lana Wachowski",1999,8.7,"tt0133093","https://www.imdb.com/title/tt0133093","https://www.imdb.com/title/tt0133093/companycredits?ref_=ttfc_sa_3",85,88,"Lilly Wachowski, Lana Wachowski","Warner Bros. Pictures",NA,"Warner Bros. Pictures","Warner Bros.|Village Roadshow Pictures|Groucho Film Partnership|Silver Pictures|3 Arts Entertainment"
"17",17,"Goodfellas","Martin Scorsese",1990,8.7,"tt0099685","https://www.imdb.com/title/tt0099685","https://www.imdb.com/title/tt0099685/companycredits?ref_=ttfc_sa_3",97,96,"Martin Scorsese","Warner Bros. Pictures",NA,"Warner Bros. Pictures","Warner Bros."
"18",18,"One Flew Over the Cuckoo's Nest","Milos Forman",1975,8.6,"tt0073486","https://www.imdb.com/title/tt0073486","https://www.imdb.com/title/tt0073486/companycredits?ref_=ttfc_sa_3",96,93,"Milos Forman","Pioneer Entertainment, United Artists, Warner Home Vídeo, Republic Pictures",NA,"Pioneer Entertainment, United Artists, Warner Home Vídeo, Republic Pictures","Fantasy Films|Bryna Productions|N.V. Zvaluw"
"19",19,"Se7en","David Fincher",1995,8.6,"tt0114369","https://www.imdb.com/title/tt0114369","https://www.imdb.com/title/tt0114369/companycredits?ref_=ttfc_sa_3",95,82,"David Fincher","Criterion Collection, New Line Cinema",NA,"Criterion Collection, New Line Cinema","Cecchi Gori Pictures|Juno Pix|New Line Cinema"
"20",20,"Seven Samurai","Akira Kurosawa",1954,8.6,"tt0047478","https://www.imdb.com/title/tt0047478","https://www.imdb.com/title/tt0047478/companycredits?ref_=ttfc_sa_3",97,100,"Akira Kurosawa","Columbia Pictures",NA,"Columbia Pictures","Toho Company"
"21",21,"It's a Wonderful Life","Frank Capra",1946,8.6,"tt0038650","https://www.imdb.com/title/tt0038650","https://www.imdb.com/title/tt0038650/companycredits?ref_=ttfc_sa_3",95,93,"Frank Capra","RKO Radio Pictures",NA,"RKO Radio Pictures","Liberty Films"
"22",22,"The Silence of the Lambs","Jonathan Demme",1991,8.6,"tt0102926","https://www.imdb.com/title/tt0102926","https://www.imdb.com/title/tt0102926/companycredits?ref_=ttfc_sa_3",95,95,"Jonathan Demme","Orion Pictures",NA,"Orion Pictures","Strong Heart/Demme Production|Orion Pictures"
"23",23,"City of God","Fernando Meirelles",2002,8.6,"tt0317248","https://www.imdb.com/title/tt0317248","https://www.imdb.com/title/tt0317248/companycredits?ref_=ttfc_sa_3",97,91,"Fernando Meirelles","Miramax Films",NA,"Miramax Films","O2 Filmes|VideoFilmes|Globo Filmes|Lumière|Wild Bunch|StudioCanal|Hank Levine Film|Lereby Productions"
"24",24,"Saving Private Ryan","Steven Spielberg",1998,8.6,"tt0120815","https://www.imdb.com/title/tt0120815","https://www.imdb.com/title/tt0120815/companycredits?ref_=ttfc_sa_3",95,94,"Steven Spielberg","Paramount Pictures, DreamWorks SKG",NA,"Paramount Pictures, DreamWorks SKG","Dreamworks Pictures|Paramount Pictures|Amblin Entertainment|Mutual Film Company|H2L Media Group|Mark Gordon Productions"
"25",25,"Life Is Beautiful","Roberto Benigni",1997,8.6,"tt0118799","https://www.imdb.com/title/tt0118799","https://www.imdb.com/title/tt0118799/companycredits?ref_=ttfc_sa_3",96,81,"Roberto Benigni","Miramax Films",NA,"Miramax Films","Melampo Cinematografica|Cecchi Gori Group Tiger Cinematografica"
"26",26,"The Green Mile","Frank Darabont",1999,8.6,"tt0120689","https://www.imdb.com/title/tt0120689","https://www.imdb.com/title/tt0120689/companycredits?ref_=ttfc_sa_3",94,79,"Frank Darabont","Warner Bros. Pictures, Warner Home Vídeo, Warner Bros.",NA,"Warner Bros. Pictures, Warner Home Vídeo, Warner Bros.","Castle Rock Entertainment|Darkwoods Productions|Warner Bros."
"27",27,"Interstellar","Christopher Nolan",2014,8.6,"tt0816692","https://www.imdb.com/title/tt0816692","https://www.imdb.com/title/tt0816692/companycredits?ref_=ttfc_sa_3",86,73,"Christopher Nolan","Paramount Pictures",NA,"Paramount Pictures","Paramount Pictures|Warner Bros.|Legendary Entertainment|Syncopy|Lynda Obst Productions|Government of Alberta, Alberta Media Fund|Atvinnuvega- og nýsköpunarráðuneytið"
"28",28,"Star Wars","George Lucas",1977,8.6,"tt0076759","https://www.imdb.com/title/tt0076759","https://www.imdb.com/title/tt0076759/companycredits?ref_=ttfc_sa_3",96,93,"George Lucas",NA,NA,NA,"Lucasfilm|Twentieth Century Fox"
"29",29,"Terminator 2: Judgment Day","James Cameron",1991,8.5,"tt0103064","https://www.imdb.com/title/tt0103064","https://www.imdb.com/title/tt0103064/companycredits?ref_=ttfc_sa_3",95,93,"James Cameron","TriStar Pictures, Pioneer Entertainment, Artisan Entertainment, Live Video",NA,"TriStar Pictures, Pioneer Entertainment, Artisan Entertainment, Live Video","Carolco Pictures|Pacific Western|Lightstorm Entertainment|Le Studio Canal+|T2 Productions"
"30",30,"Back to the Future","Robert Zemeckis",1985,8.5,"tt0088763","https://www.imdb.com/title/tt0088763","https://www.imdb.com/title/tt0088763/companycredits?ref_=ttfc_sa_3",94,97,"Robert Zemeckis","Universal Pictures",NA,"Universal Pictures","Universal Pictures|Amblin Entertainment|U-Drive Productions"
"31",31,"Spirited Away","Hayao Miyazaki",2001,8.5,"tt0245429","https://www.imdb.com/title/tt0245429","https://www.imdb.com/title/tt0245429/companycredits?ref_=ttfc_sa_3",96,97,"Hayao Miyazaki, Kirk Wise","Walt Disney Pictures",NA,"Walt Disney Pictures","Tokuma Shoten|Studio Ghibli|Nippon Television Network|Dentsu|Buena Vista Home Entertainment|Tohokushinsha Film Corporation|Mitsubishi"
"32",32,"Psycho","Alfred Hitchcock",1960,8.5,"tt0054215","https://www.imdb.com/title/tt0054215","https://www.imdb.com/title/tt0054215/companycredits?ref_=ttfc_sa_3",95,96,"Alfred Hitchcock","Paramount Pictures",NA,"Paramount Pictures","Shamley Productions"
"33",33,"The Pianist","Roman Polanski",2002,8.5,"tt0253474","https://www.imdb.com/title/tt0253474","https://www.imdb.com/title/tt0253474/companycredits?ref_=ttfc_sa_3",96,95,"Roman Polanski","Focus Features",NA,"Focus Features","R.P. Productions|Heritage Films|Studio Babelsberg|Runteam|Canal+|StudioCanal|Bac Films|Canal+ Polska|Telewizja Polska|Agencja Produkcji Filmowej|Filmboard Berlin-Brandenburg|FilmFernsehFonds Bayern|Filmförderungsanstalt|Beverly Detroit|Interscope Communications|Mainstream S.A."
"34",34,"Léon: The Professional","Luc Besson",1994,8.5,"tt0110413","https://www.imdb.com/title/tt0110413","https://www.imdb.com/title/tt0110413/companycredits?ref_=ttfc_sa_3",95,73,"Luc Besson","Columbia Pictures, Columbia TriStar Home Video",NA,"Columbia Pictures, Columbia TriStar Home Video","Gaumont|Les Films du Dauphin|Columbia Pictures"
"35",35,"Parasite","Bong Joon Ho",2019,8.5,"tt6751668","https://www.imdb.com/title/tt6751668","https://www.imdb.com/title/tt6751668/companycredits?ref_=ttfc_sa_3",90,99,"Bong Joon Ho","Neon",NA,"Neon","CJ Entertainment|Barunson E&A"
"36",36,"The Lion King","Roger Allers",1994,8.5,"tt0110357","https://www.imdb.com/title/tt0110357","https://www.imdb.com/title/tt0110357/companycredits?ref_=ttfc_sa_3",93,93,"Roger Allers, Rob Minkoff","Walt Disney Pictures",NA,"Walt Disney Pictures","Walt Disney Pictures|Walt Disney Animation Studios"
"37",37,"Gladiator","Ridley Scott",2000,8.5,"tt0172495","https://www.imdb.com/title/tt0172495","https://www.imdb.com/title/tt0172495/companycredits?ref_=ttfc_sa_3",87,78,"Ridley Scott","Universal Pictures, DreamWorks SKG",NA,"Universal Pictures, DreamWorks SKG","Dreamworks Pictures|Universal Pictures|Scott Free Productions|Mill Film|C & L|Dawliz|Red Wagon Entertainment"
"38",38,"American History X","Tony Kaye",1998,8.5,"tt0120586","https://www.imdb.com/title/tt0120586","https://www.imdb.com/title/tt0120586/companycredits?ref_=ttfc_sa_3",96,83,"Tony Kaye","New Line Cinema",NA,"New Line Cinema","New Line Cinema|Savoy Pictures|The Turman-Morrissey Company"
"39",39,"The Departed","Martin Scorsese",2006,8.5,"tt0407887","https://www.imdb.com/title/tt0407887","https://www.imdb.com/title/tt0407887/companycredits?ref_=ttfc_sa_3",94,90,"Martin Scorsese","Warner Bros.",NA,"Warner Bros.","Warner Bros.|Plan B Entertainment|Initial Entertainment Group|Vertigo Entertainment|Media Asia Films"
"40",40,"The Usual Suspects","Bryan Singer",1995,8.5,"tt0114814","https://www.imdb.com/title/tt0114814","https://www.imdb.com/title/tt0114814/companycredits?ref_=ttfc_sa_3",96,89,"Bryan Singer","Gramercy Pictures",NA,"Gramercy Pictures","PolyGram Filmed Entertainment|Spelling Films International|Blue Parrot|Bad Hat Harry Productions|Rosco Film GmbH"
"41",41,"The Prestige","Christopher Nolan",2006,8.5,"tt0482571","https://www.imdb.com/title/tt0482571","https://www.imdb.com/title/tt0482571/companycredits?ref_=ttfc_sa_3",92,76,"Christopher Nolan","Buena Vista",NA,"Buena Vista","Touchstone Pictures|Warner Bros. Pictures Group|Newmarket Films|Syncopy"
"42",42,"Casablanca","Michael Curtiz",1942,8.5,"tt0034583","https://www.imdb.com/title/tt0034583","https://www.imdb.com/title/tt0034583/companycredits?ref_=ttfc_sa_3",95,99,"Michael Curtiz","Warner Bros. Pictures",NA,"Warner Bros. Pictures","Warner Bros."
"43",43,"Whiplash","Damien Chazelle",2014,8.5,"tt2582802","https://www.imdb.com/title/tt2582802","https://www.imdb.com/title/tt2582802/companycredits?ref_=ttfc_sa_3",94,94,"Damien Chazelle","Sony Pictures Classics",NA,"Sony Pictures Classics","Bold Films|Blumhouse Productions|Right of Way Films|Sierra / Affinity"
"44",44,"The Intouchables","Olivier Nakache",2011,8.5,"tt1675434","https://www.imdb.com/title/tt1675434","https://www.imdb.com/title/tt1675434/companycredits?ref_=ttfc_sa_3",93,76,"Olivier Nakache, Eric Toledano","Weinstein Co.",NA,"Weinstein Co.","Quad|Ten Films|Canal+|CinéCinéma|TF1|Chaocorp|Gaumont|TF1 Films Production"
"45",45,"Grave of the Fireflies","Isao Takahata",1988,8.5,"tt0095327","https://www.imdb.com/title/tt0095327","https://www.imdb.com/title/tt0095327/companycredits?ref_=ttfc_sa_3",95,100,"Isao Takahata",NA,NA,NA,"Shinchosha Company|Studio Ghibli"
"46",46,"Harakiri","Masaki Kobayashi",1962,8.5,"tt0056058","https://www.imdb.com/title/tt0056058","https://www.imdb.com/title/tt0056058/companycredits?ref_=ttfc_sa_3",97,100,"Masaki Kobayashi",NA,NA,NA,"Shochiku"
"47",47,"Modern Times","Charles Chaplin",1936,8.4,"tt0027977","https://www.imdb.com/title/tt0027977","https://www.imdb.com/title/tt0027977/companycredits?ref_=ttfc_sa_3",95,98,"Charlie Chaplin","United Artists",NA,"United Artists","Charles Chaplin Productions"
"48",48,"Once Upon a Time in the West","Sergio Leone",1968,8.4,"tt0064116","https://www.imdb.com/title/tt0064116","https://www.imdb.com/title/tt0064116/companycredits?ref_=ttfc_sa_3",95,95,"Sergio Leone","Paramount Pictures",NA,"Paramount Pictures","Rafran Cinematografica|San Marco|Paramount Pictures|Euro International Films"
"49",49,"Rear Window","Alfred Hitchcock",1954,8.4,"tt0047396","https://www.imdb.com/title/tt0047396","https://www.imdb.com/title/tt0047396/companycredits?ref_=ttfc_sa_3",95,98,"Alfred Hitchcock","Paramount Pictures",NA,"Paramount Pictures","Alfred J. Hitchcock Productions"
"50",50,"Alien","Ridley Scott",1979,8.4,"tt0078748","https://www.imdb.com/title/tt0078748","https://www.imdb.com/title/tt0078748/companycredits?ref_=ttfc_sa_3",94,98,"Ridley Scott","20th Century Fox",NA,"20th Century Fox","Brandywine Productions"
"51",51,"City Lights","Charles Chaplin",1931,8.4,"tt0021749","https://www.imdb.com/title/tt0021749","https://www.imdb.com/title/tt0021749/companycredits?ref_=ttfc_sa_3",96,97,"Charlie Chaplin","United Artists",NA,"United Artists","Charles Chaplin Productions"
"52",52,"Cinema Paradiso","Giuseppe Tornatore",1988,8.4,"tt0095765","https://www.imdb.com/title/tt0095765","https://www.imdb.com/title/tt0095765/companycredits?ref_=ttfc_sa_3",97,90,"Giuseppe Tornatore","HBO, Miramax Films",NA,"HBO, Miramax Films","Cristaldifilm|Les Films Ariane|Rai 3|TF1 Films Production|Forum Picture"
"53",53,"Apocalypse Now","Francis Ford Coppola",1979,8.4,"tt0078788","https://www.imdb.com/title/tt0078788","https://www.imdb.com/title/tt0078788/companycredits?ref_=ttfc_sa_3",94,98,"Francis Ford Coppola","Paramount Pictures, Miramax Films, United Artists",NA,"Paramount Pictures, Miramax Films, United Artists","American Zoetrope|Zoetrope Studios"
"54",54,"Memento","Christopher Nolan",2000,8.4,"tt0209144","https://www.imdb.com/title/tt0209144","https://www.imdb.com/title/tt0209144/companycredits?ref_=ttfc_sa_3",94,93,"Christopher Nolan","Newmarket Film Group",NA,"Newmarket Film Group","Newmarket Capital Group|Team Todd|I Remember Productions|Summit Entertainment"
"55",55,"Indiana Jones and the Raiders of the Lost Ark","Steven Spielberg",1981,8.4,"tt0082971","https://www.imdb.com/title/tt0082971","https://www.imdb.com/title/tt0082971/companycredits?ref_=ttfc_sa_3",96,96,"Steven Spielberg","Paramount Pictures",NA,"Paramount Pictures","Paramount Pictures|Lucasfilm"
"56",56,"Django Unchained","Quentin Tarantino",2012,8.4,"tt1853728","https://www.imdb.com/title/tt1853728","https://www.imdb.com/title/tt1853728/companycredits?ref_=ttfc_sa_3",92,86,"Quentin Tarantino","Weinstein Co.",NA,"Weinstein Co.","The Weinstein Company|Columbia Pictures"
"57",57,"WALL·E","Andrew Stanton",2008,8.4,"tt0910970","https://www.imdb.com/title/tt0910970","https://www.imdb.com/title/tt0910970/companycredits?ref_=ttfc_sa_3",90,95,"Andrew Stanton","Pixar Animation Studios, Walt Disney",NA,"Pixar Animation Studios, Walt Disney","FortyFour Studios|Pixar Animation Studios|Walt Disney Pictures"
"58",58,"The Lives of Others","Florian Henckel von Donnersmarck",2006,8.4,"tt0405094","https://www.imdb.com/title/tt0405094","https://www.imdb.com/title/tt0405094/companycredits?ref_=ttfc_sa_3",96,92,"Florian Henckel von Donnersmarck","Sony Pictures Classics",NA,"Sony Pictures Classics","Wiedemann & Berg Filmproduktion|Bayerischer Rundfunk|ARTE|Creado Film"
"59",59,"Sunset Blvd.","Billy Wilder",1950,8.4,"tt0043014","https://www.imdb.com/title/tt0043014","https://www.imdb.com/title/tt0043014/companycredits?ref_=ttfc_sa_3",95,98,"Billy Wilder","Paramount Pictures",NA,"Paramount Pictures","Paramount Pictures"
"60",60,"Paths of Glory","Stanley Kubrick",1957,8.4,"tt0050825","https://www.imdb.com/title/tt0050825","https://www.imdb.com/title/tt0050825/companycredits?ref_=ttfc_sa_3",95,96,"Stanley Kubrick","Criterion Collection, MGM/UA Home Entertainment Inc., United Artists",NA,"Criterion Collection, MGM/UA Home Entertainment Inc., United Artists","Bryna Productions"
"61",61,"The Shining","Stanley Kubrick",1980,8.4,"tt0081505","https://www.imdb.com/title/tt0081505","https://www.imdb.com/title/tt0081505/companycredits?ref_=ttfc_sa_3",93,82,"Stanley Kubrick","Warner Bros. Pictures",NA,"Warner Bros. Pictures","Warner Bros.|Hawk Films|Peregrine|Producers Circle"
"62",62,"The Great Dictator","Charles Chaplin",1940,8.4,"tt0032553","https://www.imdb.com/title/tt0032553","https://www.imdb.com/title/tt0032553/companycredits?ref_=ttfc_sa_3",95,92,"Charlie Chaplin","United Artists",NA,"United Artists","Charles Chaplin Productions"
"63",63,"Top Gun: Maverick","Joseph Kosinski",2022,8.4,"tt1745960","https://www.imdb.com/title/tt1745960","https://www.imdb.com/title/tt1745960/companycredits?ref_=ttfc_sa_3",99,96,"Joseph Kosinski","Paramount Pictures",NA,"Paramount Pictures","Paramount Pictures|Skydance Media|Jerry Bruckheimer Films|Don Simpson/Jerry Bruckheimer Films"
"64",64,"Witness for the Prosecution","Billy Wilder",1957,8.4,"tt0051201","https://www.imdb.com/title/tt0051201","https://www.imdb.com/title/tt0051201/companycredits?ref_=ttfc_sa_3",95,100,"Billy Wilder","United Artists, Metro-Goldwyn-Mayer",NA,"United Artists, Metro-Goldwyn-Mayer","Edward Small Productions"
"65",65,"Avengers: Infinity War","Anthony Russo",2018,8.4,"tt4154756","https://www.imdb.com/title/tt4154756","https://www.imdb.com/title/tt4154756/companycredits?ref_=ttfc_sa_3",91,85,"Anthony Russo, Joe Russo","Walt Disney",NA,"Walt Disney","Marvel Studios|Jason Roberts Productions|South Pictures|Walt Disney Pictures"
"66",66,"Aliens","James Cameron",1986,8.3,"tt0090605","https://www.imdb.com/title/tt0090605","https://www.imdb.com/title/tt0090605/companycredits?ref_=ttfc_sa_3",94,98,"James Cameron","20th Century Fox",NA,"20th Century Fox","Twentieth Century Fox|Brandywine Productions|Pinewood Studios|SLM Production Group"
"67",67,"American Beauty","Sam Mendes",1999,8.3,"tt0169547","https://www.imdb.com/title/tt0169547","https://www.imdb.com/title/tt0169547/companycredits?ref_=ttfc_sa_3",93,87,"Sam Mendes","DreamWorks SKG",NA,"DreamWorks SKG","Dreamworks Pictures|Jinks/Cohen Company"
"68",68,"Dr. Strangelove or: How I Learned to Stop Worrying and Love the Bomb","Stanley Kubrick",1964,8.3,"tt0057012","https://www.imdb.com/title/tt0057012","https://www.imdb.com/title/tt0057012/companycredits?ref_=ttfc_sa_3",94,98,"Stanley Kubrick","Columbia Pictures",NA,"Columbia Pictures","Stanley Kubrick Productions"
"69",69,"Spider-Man: Into the Spider-Verse","Bob Persichetti",2018,8.3,"tt4633694","https://www.imdb.com/title/tt4633694","https://www.imdb.com/title/tt4633694/companycredits?ref_=ttfc_sa_3",93,97,"Bob Persichetti, Peter Ramsey, Rodney Rothman","Columbia Pictures, Sony Pictures Entertainment",NA,"Columbia Pictures, Sony Pictures Entertainment","Sony Pictures Entertainment|Columbia Pictures|Marvel Entertainment|Avi Arad Productions|Lord Miller|Pascal Pictures|Sony Pictures Animation"
"70",70,"The Dark Knight Rises","Christopher Nolan",2012,8.3,"tt1345836","https://www.imdb.com/title/tt1345836","https://www.imdb.com/title/tt1345836/companycredits?ref_=ttfc_sa_3",90,87,"Christopher Nolan","Warner Bros. Pictures",NA,"Warner Bros. Pictures","Warner Bros.|Legendary Entertainment|DC Entertainment|Syncopy|DC Comics"
"71",71,"Oldboy","Park Chan-wook",2003,8.3,"tt0364569","https://www.imdb.com/title/tt0364569","https://www.imdb.com/title/tt0364569/companycredits?ref_=ttfc_sa_3",94,81,"Park Chan-wook","Tartan Films USA",NA,"Tartan Films USA","Show East|Egg Films"
"72",72,"Joker","Todd Phillips",2019,8.3,"tt7286456","https://www.imdb.com/title/tt7286456","https://www.imdb.com/title/tt7286456/companycredits?ref_=ttfc_sa_3",88,68,"Todd Phillips","Warner Bros. Pictures",NA,"Warner Bros. Pictures","Warner Bros.|Village Roadshow Pictures|Village Roadshow Pictures|BRON Studios|Joint Effort|DC Comics|Creative Wealth Media Finance"
"73",73,"Amadeus","Milos Forman",1984,8.3,"tt0086879","https://www.imdb.com/title/tt0086879","https://www.imdb.com/title/tt0086879/companycredits?ref_=ttfc_sa_3",95,89,"Milos Forman","Orion Pictures, Warner Home Vídeo",NA,"Orion Pictures, Warner Home Vídeo","AMLF|The Saul Zaentz Company"
"74",74,"Braveheart","Mel Gibson",1995,8.3,"tt0112573","https://www.imdb.com/title/tt0112573","https://www.imdb.com/title/tt0112573/companycredits?ref_=ttfc_sa_3",85,76,"Mel Gibson","Paramount Pictures",NA,"Paramount Pictures","Icon Entertainment International|The Ladd Company|B.H. Finance C.V.|Icon Productions"
"75",75,"Toy Story","John Lasseter",1995,8.3,"tt0114709","https://www.imdb.com/title/tt0114709","https://www.imdb.com/title/tt0114709/companycredits?ref_=ttfc_sa_3",92,100,"John Lasseter","Warner Home Vídeo, Buena Vista Pictures",NA,"Warner Home Vídeo, Buena Vista Pictures","Walt Disney Pictures|Pixar Animation Studios"
"76",76,"Coco","Lee Unkrich",2017,8.3,"tt2380307","https://www.imdb.com/title/tt2380307","https://www.imdb.com/title/tt2380307/companycredits?ref_=ttfc_sa_3",94,97,"Lee Unkrich","Walt Disney",NA,"Walt Disney","Walt Disney Pictures|Pixar Animation Studios"
"77",77,"Inglourious Basterds","Quentin Tarantino",2009,8.3,"tt0361748","https://www.imdb.com/title/tt0361748","https://www.imdb.com/title/tt0361748/companycredits?ref_=ttfc_sa_3",88,89,"Quentin Tarantino","Weinstein Co.",NA,"Weinstein Co.","Universal Pictures|The Weinstein Company|A Band Apart|Studio Babelsberg|Visiona Romantica"
"78",78,"The Boat","Wolfgang Petersen",1981,8.3,"tt0082096","https://www.imdb.com/title/tt0082096","https://www.imdb.com/title/tt0082096/companycredits?ref_=ttfc_sa_3",NA,NA,"David Lumsden",NA,NA,NA,"Bavaria Film|Twin Bros. Productions|Radiant Film GmbH|Süddeutscher Rundfunk|Westdeutscher Rundfunk"
"79",79,"Princess Mononoke","Hayao Miyazaki",1997,8.3,"tt0119698","https://www.imdb.com/title/tt0119698","https://www.imdb.com/title/tt0119698/companycredits?ref_=ttfc_sa_3",94,93,"Hayao Miyazaki","Miramax Films",NA,"Miramax Films","DENTSU Music And Entertainment|Nibariki|Nippon Television Network|Studio Ghibli|TNDG|Tokuma Shoten"
"80",80,"Avengers: Endgame","Anthony Russo",2019,8.3,"tt4154796","https://www.imdb.com/title/tt4154796","https://www.imdb.com/title/tt4154796/companycredits?ref_=ttfc_sa_3",90,94,"Anthony Russo, Joe Russo","Walt Disney",NA,"Walt Disney","Marvel Studios|Walt Disney Pictures"
"81",81,"Once Upon a Time in America","Sergio Leone",1984,8.3,"tt0087843","https://www.imdb.com/title/tt0087843","https://www.imdb.com/title/tt0087843/companycredits?ref_=ttfc_sa_3",93,87,"Sergio Leone",NA,NA,NA,"The Ladd Company|Warner Bros.|Producers Sales Organization|Embassy International Pictures|Rafran Cinematografica"
"82",82,"Good Will Hunting","Gus Van Sant",1997,8.3,"tt0119217","https://www.imdb.com/title/tt0119217","https://www.imdb.com/title/tt0119217/companycredits?ref_=ttfc_sa_3",94,96,"Gus Van Sant","Miramax Films",NA,"Miramax Films","Miramax|Be Gentlemen Limited Partnership|Lawrence Bender Productions"
"83",83,"Your Name.","Makoto Shinkai",2016,8.3,"tt5311514","https://www.imdb.com/title/tt5311514","https://www.imdb.com/title/tt5311514/companycredits?ref_=ttfc_sa_3",94,98,"Makoto Shinkai","Funimation",NA,"Funimation","Amuse|CoMix Wave Films|East Japan Marketing & Communications Inc.|Kadokawa|Lawson HMV Entertainment|The Answer Studio|Toho Company|Vogue Ting"
"84",84,"Requiem for a Dream","Darren Aronofsky",2000,8.3,"tt0180093","https://www.imdb.com/title/tt0180093","https://www.imdb.com/title/tt0180093/companycredits?ref_=ttfc_sa_3",93,78,"Darren Aronofsky","Artisan Entertainment",NA,"Artisan Entertainment","Artisan Entertainment|Thousand Words|Sibling Productions|Protozoa Pictures|Industry Entertainment|Bandeira Entertainment|Requiem for a Dream|Truth and Soul Pictures"
"85",85,"Toy Story 3","Lee Unkrich",2010,8.3,"tt0435761","https://www.imdb.com/title/tt0435761","https://www.imdb.com/title/tt0435761/companycredits?ref_=ttfc_sa_3",90,98,"Lee Unkrich","Walt Disney",NA,"Walt Disney","Walt Disney Pictures|Pixar Animation Studios"
"86",86,"Singin' in the Rain","Stanley Donen",1952,8.3,"tt0045152","https://www.imdb.com/title/tt0045152","https://www.imdb.com/title/tt0045152/companycredits?ref_=ttfc_sa_3",95,100,"Stanley Donen, Gene Kelly","Metro-Goldwyn-Mayer",NA,"Metro-Goldwyn-Mayer","Metro-Goldwyn-Mayer"
"87",87,"3 Idiots","Rajkumar Hirani",2009,8.3,"tt1187043","https://www.imdb.com/title/tt1187043","https://www.imdb.com/title/tt1187043/companycredits?ref_=ttfc_sa_3",93,100,"Rajkumar Hirani",NA,NA,NA,"Vinod Chopra Productions"
"88",88,"Star Wars: Episode VI - Return of the Jedi","Richard Marquand",1983,8.3,"tt0086190","https://www.imdb.com/title/tt0086190","https://www.imdb.com/title/tt0086190/companycredits?ref_=ttfc_sa_3",94,83,"Richard Marquand","20th Century Fox",NA,"20th Century Fox","Lucasfilm"
"89",89,"High and Low","Akira Kurosawa",1963,8.3,"tt0057565","https://www.imdb.com/title/tt0057565","https://www.imdb.com/title/tt0057565/companycredits?ref_=ttfc_sa_3",96,95,"Akira Kurosawa",NA,NA,NA,"Kurosawa Production Co.|Toho Company"
"90",90,"2001: A Space Odyssey","Stanley Kubrick",1968,8.3,"tt0062622","https://www.imdb.com/title/tt0062622","https://www.imdb.com/title/tt0062622/companycredits?ref_=ttfc_sa_3",89,92,"Stanley Kubrick","Metro-Goldwyn-Mayer, Criterion Collection, Warner Home Vídeo, Warner Bros.",NA,"Metro-Goldwyn-Mayer, Criterion Collection, Warner Home Vídeo, Warner Bros.","Metro-Goldwyn-Mayer|Stanley Kubrick Productions"
"91",91,"Eternal Sunshine of the Spotless Mind","Michel Gondry",2004,8.3,"tt0338013","https://www.imdb.com/title/tt0338013","https://www.imdb.com/title/tt0338013/companycredits?ref_=ttfc_sa_3",94,92,"Michel Gondry","Focus Features",NA,"Focus Features","Focus Features|Anonymous Content|This Is That Productions"
"92",92,"Reservoir Dogs","Quentin Tarantino",1992,8.3,"tt0105236","https://www.imdb.com/title/tt0105236","https://www.imdb.com/title/tt0105236/companycredits?ref_=ttfc_sa_3",94,90,"Quentin Tarantino","Miramax Films, Artisan Entertainment",NA,"Miramax Films, Artisan Entertainment","Live Entertainment|Dog Eat Dog Productions Inc."
"93",93,"Capernaum","Nadine Labaki",2018,8.3,"tt8267604","https://www.imdb.com/title/tt8267604","https://www.imdb.com/title/tt8267604/companycredits?ref_=ttfc_sa_3",93,90,"Nadine Labaki","Sony Pictures Classics",NA,"Sony Pictures Classics","Mooz Films|Cedrus Invest Bank|Sunnyland Film|Doha Film Institute|KNM Films|Boo Pictures|Synchronicity Films|The Bridge Production|Louverture Films|Open City Films|Les Films des Tournelles|Clandestino Films|Ministry of Culture|The Bertha Foundation"
"94",94,"The Hunt","Thomas Vinterberg",2012,8.3,"tt2106476","https://www.imdb.com/title/tt2106476","https://www.imdb.com/title/tt2106476/companycredits?ref_=ttfc_sa_3",93,92,"Thomas Vinterberg","Magnolia Pictures",NA,"Magnolia Pictures","Danmarks Radio|Det Danske Filminstitut|Eurimages|Film i Väst|MEDIA Programme of the European Union|Nordisk Film- & TV-Fond|Svenska Filminstitutet|Sveriges Television|Zentropa Entertainments|Zentropa International Sweden"
"95",95,"Lawrence of Arabia","David Lean",1962,8.3,"tt0056172","https://www.imdb.com/title/tt0056172","https://www.imdb.com/title/tt0056172/companycredits?ref_=ttfc_sa_3",93,94,"David Lean","Columbia TriStar Home Video, Columbia Tristar, RCA Home Video, Criterion Collection",NA,"Columbia TriStar Home Video, Columbia Tristar, RCA Home Video, Criterion Collection","Horizon Pictures"
"96",96,"Citizen Kane","Orson Welles",1941,8.3,"tt0033467","https://www.imdb.com/title/tt0033467","https://www.imdb.com/title/tt0033467/companycredits?ref_=ttfc_sa_3",90,99,"Orson Welles","RKO Radio Pictures",NA,"RKO Radio Pictures","RKO Radio Pictures|Mercury Productions"
"97",97,"M","Fritz Lang",1931,8.3,"tt0022100","https://www.imdb.com/title/tt0022100","https://www.imdb.com/title/tt0022100/companycredits?ref_=ttfc_sa_3",95,100,"Fritz Lang","Paramount Pictures",NA,"Paramount Pictures","Nero-Film AG"
"98",98,"North by Northwest","Alfred Hitchcock",1959,8.3,"tt0053125","https://www.imdb.com/title/tt0053125","https://www.imdb.com/title/tt0053125/companycredits?ref_=ttfc_sa_3",94,97,"Alfred Hitchcock","Metro-Goldwyn-Mayer",NA,"Metro-Goldwyn-Mayer","Metro-Goldwyn-Mayer"
"99",99,"Come and See","Elem Klimov",1985,8.2,"tt0091251","https://www.imdb.com/title/tt0091251","https://www.imdb.com/title/tt0091251/companycredits?ref_=ttfc_sa_3",95,97,"Elem Klimov","Kino Pictures",NA,"Kino Pictures","Belarusfilm|Mosfilm"
"100",100,"Vertigo","Alfred Hitchcock",1958,8.2,"tt0052357","https://www.imdb.com/title/tt0052357","https://www.imdb.com/title/tt0052357/companycredits?ref_=ttfc_sa_3",93,93,"Alfred Hitchcock","Paramount Pictures",NA,"Paramount Pictures","Alfred J. Hitchcock Productions"
"101",101,"Amélie","Jean-Pierre Jeunet",2001,8.2,"tt0211915","https://www.imdb.com/title/tt0211915","https://www.imdb.com/title/tt0211915/companycredits?ref_=ttfc_sa_3",95,89,"Jean-Pierre Jeunet","Miramax Films",NA,"Miramax Films","Claudie Ossard Productions|Union Générale Cinématographique|Victoires Productions|Tapioca Films|France 3 Cinéma|MMC Independent|Sofica Sofinergie 5|Filmstiftung Nordrhein-Westfalen|Canal+"
"102",102,"A Clockwork Orange","Stanley Kubrick",1971,8.2,"tt0066921","https://www.imdb.com/title/tt0066921","https://www.imdb.com/title/tt0066921/companycredits?ref_=ttfc_sa_3",93,88,"Stanley Kubrick","Warner Bros. Pictures",NA,"Warner Bros. Pictures","Warner Bros.|Polaris Productions|Hawk Films|Max L. Raab Productions|Si Litvinoff Film Production"
"103",103,"Double Indemnity","Billy Wilder",1944,8.2,"tt0036775","https://www.imdb.com/title/tt0036775","https://www.imdb.com/title/tt0036775/companycredits?ref_=ttfc_sa_3",95,97,"Billy Wilder","Paramount Pictures",NA,"Paramount Pictures","Paramount Pictures"
"104",104,"Full Metal Jacket","Stanley Kubrick",1987,8.2,"tt0093058","https://www.imdb.com/title/tt0093058","https://www.imdb.com/title/tt0093058/companycredits?ref_=ttfc_sa_3",94,90,"Stanley Kubrick","Warner Bros. Pictures",NA,"Warner Bros. Pictures","Warner Bros.|Natant|Stanley Kubrick Productions"
"105",105,"The Apartment","Billy Wilder",1960,8.2,"tt0053604","https://www.imdb.com/title/tt0053604","https://www.imdb.com/title/tt0053604/companycredits?ref_=ttfc_sa_3",94,93,"Billy Wilder",NA,NA,NA,"The Mirisch Corporation"
"106",106,"Scarface","Brian De Palma",1983,8.2,"tt0086250","https://www.imdb.com/title/tt0086250","https://www.imdb.com/title/tt0086250/companycredits?ref_=ttfc_sa_3",93,81,"Brian De Palma","Universal Pictures",NA,"Universal Pictures","Universal Pictures"
"107",107,"Ikiru","Akira Kurosawa",1952,8.2,"tt0044741","https://www.imdb.com/title/tt0044741","https://www.imdb.com/title/tt0044741/companycredits?ref_=ttfc_sa_3",97,98,"Akira Kurosawa","Brandon Films Inc., Cowboy Pictures",NA,"Brandon Films Inc., Cowboy Pictures","Toho Company"
"108",108,"The Sting","George Roy Hill",1973,8.2,"tt0070735","https://www.imdb.com/title/tt0070735","https://www.imdb.com/title/tt0070735/companycredits?ref_=ttfc_sa_3",95,92,"George Roy Hill","Universal Pictures, MCA/Universal Home Video, Universal Home Entertainment",NA,"Universal Pictures, MCA/Universal Home Video, Universal Home Entertainment","Zanuck/Brown Productions|Universal Pictures"
"109",109,"To Kill a Mockingbird","Robert Mulligan",1962,8.2,"tt0056592","https://www.imdb.com/title/tt0056592","https://www.imdb.com/title/tt0056592/companycredits?ref_=ttfc_sa_3",92,93,"Robert Mulligan","Universal Pictures",NA,"Universal Pictures","Pakula-Mulligan|Brentwood Productions"
"110",110,"Taxi Driver","Martin Scorsese",1976,8.2,"tt0075314","https://www.imdb.com/title/tt0075314","https://www.imdb.com/title/tt0075314/companycredits?ref_=ttfc_sa_3",93,96,"Martin Scorsese","Columbia Pictures",NA,"Columbia Pictures","Columbia Pictures|Columbia Pictures|Bill/Phillips|Italo/Judeo Productions"
"111",111,"Heat","Michael Mann",1995,8.2,"tt0113277","https://www.imdb.com/title/tt0113277","https://www.imdb.com/title/tt0113277/companycredits?ref_=ttfc_sa_3",94,88,"Michael Mann","Warner Bros.",NA,"Warner Bros.","Warner Bros.|New Regency Productions|Forward Pass|Art Linson Productions|Monarchy Enterprises B.V."
"112",112,"Up","Pete Docter",2009,8.2,"tt1049413","https://www.imdb.com/title/tt1049413","https://www.imdb.com/title/tt1049413/companycredits?ref_=ttfc_sa_3",90,98,"Pete Docter, Bob Peterson","Walt Disney, Pixar Animation Studios",NA,"Walt Disney, Pixar Animation Studios","Pixar Animation Studios|Walt Disney Pictures"
"113",113,"L.A. Confidential","Curtis Hanson",1997,8.2,"tt0119488","https://www.imdb.com/title/tt0119488","https://www.imdb.com/title/tt0119488/companycredits?ref_=ttfc_sa_3",94,99,"Curtis Hanson","Warner Bros., Warner Home Vídeo",NA,"Warner Bros., Warner Home Vídeo","New Regency Productions|The Wolper Organization|Warner Bros."
"114",114,"Incendies","Denis Villeneuve",2010,8.2,"tt1255953","https://www.imdb.com/title/tt1255953","https://www.imdb.com/title/tt1255953/companycredits?ref_=ttfc_sa_3",92,91,"Denis Villeneuve","Sony Pictures Classics",NA,"Sony Pictures Classics","micro_scope|TS Productions|Phi Group|Canadian Broadcasting Corporation"
"115",115,"Metropolis","Fritz Lang",1927,8.2,"tt0017136","https://www.imdb.com/title/tt0017136","https://www.imdb.com/title/tt0017136/companycredits?ref_=ttfc_sa_3",92,97,"Fritz Lang","Paramount Pictures",NA,"Paramount Pictures","Universum Film"
"116",116,"A Separation","Asghar Farhadi",2011,8.2,"tt1832382","https://www.imdb.com/title/tt1832382","https://www.imdb.com/title/tt1832382/companycredits?ref_=ttfc_sa_3",92,99,"Asghar Farhadi","Sony Pictures Classics",NA,"Sony Pictures Classics","Asghar Farhadi Productions|Dreamlab Films|MPA APSA Academy Film Fund|Memento Films"
"117",117,"Hamilton","Thomas Kail",2020,8.2,"tt8503618","https://www.imdb.com/title/tt8503618","https://www.imdb.com/title/tt8503618/companycredits?ref_=ttfc_sa_3",89,98,"Thomas Kail",NA,NA,NA,"Walt Disney Pictures|5000 Broadway Productions|Nevis Productions|Old 320 Sycamore|RadicalMedia"
"118",118,"Die Hard","John McTiernan",1988,8.2,"tt0095016","https://www.imdb.com/title/tt0095016","https://www.imdb.com/title/tt0095016/companycredits?ref_=ttfc_sa_3",94,94,"John McTiernan","20th Century Fox",NA,"20th Century Fox","Twentieth Century Fox|Gordon Company|Silver Pictures"
"119",119,"Snatch","Guy Ritchie",2000,8.2,"tt0208092","https://www.imdb.com/title/tt0208092","https://www.imdb.com/title/tt0208092/companycredits?ref_=ttfc_sa_3",93,74,"Guy Ritchie","Screen Gems",NA,"Screen Gems","Columbia Pictures|SKA Films"
"120",120,"Indiana Jones and the Last Crusade","Steven Spielberg",1989,8.2,"tt0097576","https://www.imdb.com/title/tt0097576","https://www.imdb.com/title/tt0097576/companycredits?ref_=ttfc_sa_3",94,88,"Steven Spielberg","Paramount Pictures",NA,"Paramount Pictures","Paramount Pictures|Lucasfilm"
"121",121,"Bicycle Thieves","Vittorio De Sica",1948,8.2,"tt0040522","https://www.imdb.com/title/tt0040522","https://www.imdb.com/title/tt0040522/companycredits?ref_=ttfc_sa_3",94,99,"Vittorio De Sica",NA,NA,NA,"Produzioni De Sica"
"122",122,"1917","Sam Mendes",2019,8.2,"tt8579674","https://www.imdb.com/title/tt8579674","https://www.imdb.com/title/tt8579674/companycredits?ref_=ttfc_sa_3",88,88,"Sam Mendes","Universal Pictures",NA,"Universal Pictures","Dreamworks Pictures|Reliance Entertainment|New Republic Pictures|Neal Street Productions|Mogambo|Amblin Partners"
"123",123,"Like Stars on Earth","Aamir Khan",2007,8.2,"tt0986264","https://www.imdb.com/title/tt0986264","https://www.imdb.com/title/tt0986264/companycredits?ref_=ttfc_sa_3",96,92,"Aamir Khan","UTV Motion Pictures",NA,"UTV Motion Pictures","Aamir Khan Productions|PVR Pictures"
"124",124,"Downfall","Oliver Hirschbiegel",2004,8.2,"tt0363163","https://www.imdb.com/title/tt0363163","https://www.imdb.com/title/tt0363163/companycredits?ref_=ttfc_sa_3",94,90,"Oliver Hirschbiegel","Newmarket Film Group",NA,"Newmarket Film Group","Constantin Film|Norddeutscher Rundfunk|Westdeutscher Rundfunk|ARD Degeto Film|Österreichischer Rundfunk|EOS Entertainment|Rai Cinema"
"125",125,"For a Few Dollars More","Sergio Leone",1965,8.2,"tt0059578","https://www.imdb.com/title/tt0059578","https://www.imdb.com/title/tt0059578/companycredits?ref_=ttfc_sa_3",94,92,"Sergio Leone","Warner Home Vídeo, MGM/UA Home Entertainment Inc., United Artists",NA,"Warner Home Vídeo, MGM/UA Home Entertainment Inc., United Artists","Produzioni Europee Associate|Arturo González Producciones Cinematográficas|Constantin Film"
"126",126,"Batman Begins","Christopher Nolan",2005,8.2,"tt0372784","https://www.imdb.com/title/tt0372784","https://www.imdb.com/title/tt0372784/companycredits?ref_=ttfc_sa_3",94,84,"Christopher Nolan","Warner Bros. Pictures",NA,"Warner Bros. Pictures","Warner Bros.|Syncopy|DC Comics|Legendary Entertainment|Patalex III Productions Limited"
"127",127,"Dangal","Nitesh Tiwari",2016,8.2,"tt5074352","https://www.imdb.com/title/tt5074352","https://www.imdb.com/title/tt5074352/companycredits?ref_=ttfc_sa_3",93,88,"Nitesh Tiwari","UTV Motion Pictures",NA,"UTV Motion Pictures","Aamir Khan Productions|UTV Motion Pictures|Walt Disney Pictures"
"128",128,"The Kid","Charles Chaplin",1921,8.2,"tt0012349","https://www.imdb.com/title/tt0012349","https://www.imdb.com/title/tt0012349/companycredits?ref_=ttfc_sa_3",95,100,"Charlie Chaplin",NA,NA,NA,"Charles Chaplin Productions"
"129",129,"Some Like It Hot","Billy Wilder",1959,8.2,"tt0053291","https://www.imdb.com/title/tt0053291","https://www.imdb.com/title/tt0053291/companycredits?ref_=ttfc_sa_3",94,94,"Billy Wilder","Metro-Goldwyn-Mayer",NA,"Metro-Goldwyn-Mayer","Ashton Productions|The Mirisch Corporation"
"130",130,"All About Eve","Joseph L. Mankiewicz",1950,8.2,"tt0042192","https://www.imdb.com/title/tt0042192","https://www.imdb.com/title/tt0042192/companycredits?ref_=ttfc_sa_3",94,99,"Joseph L. Mankiewicz","20th Century Fox, Fox",NA,"20th Century Fox, Fox","Twentieth Century Fox"
"131",131,"The Father","Florian Zeller",2020,8.2,"tt10272386","https://www.imdb.com/title/tt10272386","https://www.imdb.com/title/tt10272386/companycredits?ref_=ttfc_sa_3",92,98,"Florian Zeller","Sony Pictures Classics",NA,"Sony Pictures Classics","Les Films du Cru|Film4|Orange Studio|Canal+|Ciné+|Embankment Films|F Comme Film|Trademark Films|Ciné@|AG Studios NYC|Simon Friend Entertainment|Viewfinder"
"132",132,"Green Book","Peter Farrelly",2018,8.2,"tt6966692","https://www.imdb.com/title/tt6966692","https://www.imdb.com/title/tt6966692/companycredits?ref_=ttfc_sa_3",91,77,"Peter Farrelly","Universal Pictures",NA,"Universal Pictures","Participant|Dreamworks Pictures|Innisfree Pictures|Cinetic Media|Alibaba Pictures|Louisiana Entertainment|Wessler Entertainment"
"133",133,"The Wolf of Wall Street","Martin Scorsese",2013,8.2,"tt0993846","https://www.imdb.com/title/tt0993846","https://www.imdb.com/title/tt0993846/companycredits?ref_=ttfc_sa_3",83,80,"Martin Scorsese","Paramount Pictures",NA,"Paramount Pictures","Red Granite Pictures|Appian Way|Sikelia Productions|EMJAG Productions"
"134",134,"Judgment at Nuremberg","Stanley Kramer",1961,8.2,"tt0055031","https://www.imdb.com/title/tt0055031","https://www.imdb.com/title/tt0055031/companycredits?ref_=ttfc_sa_3",93,92,"Stanley Kramer","United Artists",NA,"United Artists","Roxlom Films Inc."
"135",135,"Spider-Man: No Way Home","Jon Watts",2021,8.2,"tt10872600","https://www.imdb.com/title/tt10872600","https://www.imdb.com/title/tt10872600/companycredits?ref_=ttfc_sa_3",98,93,"Jon Watts","Columbia Pictures",NA,"Columbia Pictures","Columbia Pictures|Pascal Pictures|Marvel Studios"
"136",136,"Ran","Akira Kurosawa",1985,8.2,"tt0089881","https://www.imdb.com/title/tt0089881","https://www.imdb.com/title/tt0089881/companycredits?ref_=ttfc_sa_3",95,96,"Akira Kurosawa","Orion Pictures",NA,"Orion Pictures","Greenwich Film Productions|Herald Ace|Nippon Herald Films"
"137",137,"Casino","Martin Scorsese",1995,8.2,"tt0112641","https://www.imdb.com/title/tt0112641","https://www.imdb.com/title/tt0112641/companycredits?ref_=ttfc_sa_3",93,79,"Martin Scorsese","MCA/Universal Pictures [us]",NA,"MCA/Universal Pictures [us]","Universal Pictures|Syalis DA|Légende Entreprises|De Fina-Cappa|GGG"
"138",138,"Unforgiven","Clint Eastwood",1992,8.2,"tt0105695","https://www.imdb.com/title/tt0105695","https://www.imdb.com/title/tt0105695/companycredits?ref_=ttfc_sa_3",93,96,"Clint Eastwood","Warner Bros. Pictures",NA,"Warner Bros. Pictures","Warner Bros.|Malpaso Productions"
"139",139,"Pan's Labyrinth","Guillermo del Toro",2006,8.2,"tt0457430","https://www.imdb.com/title/tt0457430","https://www.imdb.com/title/tt0457430/companycredits?ref_=ttfc_sa_3",91,95,"Guillermo del Toro","Picturehouse",NA,"Picturehouse","Tequila Gang|Estudios Picasso|Esperanto Filmoj|Telecinco"
"140",140,"There Will Be Blood","Paul Thomas Anderson",2007,8.2,"tt0469494","https://www.imdb.com/title/tt0469494","https://www.imdb.com/title/tt0469494/companycredits?ref_=ttfc_sa_3",86,91,"Paul Thomas Anderson","Paramount Pictures",NA,"Paramount Pictures","Paramount Vantage|Miramax|Ghoulardi Film Company"
"141",141,"The Truman Show","Peter Weir",1998,8.2,"tt0120382","https://www.imdb.com/title/tt0120382","https://www.imdb.com/title/tt0120382/companycredits?ref_=ttfc_sa_3",89,95,"Peter Weir",NA,NA,NA,"Paramount Pictures|Scott Rudin Productions"
"142",142,"The Sixth Sense","M. Night Shyamalan",1999,8.2,"tt0167404","https://www.imdb.com/title/tt0167404","https://www.imdb.com/title/tt0167404/companycredits?ref_=ttfc_sa_3",90,86,"M. Night Shyamalan","Buena Vista Pictures",NA,"Buena Vista Pictures","Hollywood Pictures|Spyglass Entertainment|The Kennedy/Marshall Company|Barry Mendel Productions"
"143",143,"A Beautiful Mind","Ron Howard",2001,8.2,"tt0268978","https://www.imdb.com/title/tt0268978","https://www.imdb.com/title/tt0268978/companycredits?ref_=ttfc_sa_3",93,74,"Ron Howard","Universal Pictures",NA,"Universal Pictures","Universal Pictures|Dreamworks Pictures|Imagine Entertainment"
"144",144,"Monty Python and the Holy Grail","Terry Gilliam",1975,8.2,"tt0071853","https://www.imdb.com/title/tt0071853","https://www.imdb.com/title/tt0071853/companycredits?ref_=ttfc_sa_3",95,98,"Terry Gilliam, Terry Jones","Columbia Pictures",NA,"Columbia Pictures","Python Pictures|Michael White Productions|National Film Trustee Company"
"145",145,"Yojimbo","Akira Kurosawa",1961,8.1,"tt0055630","https://www.imdb.com/title/tt0055630","https://www.imdb.com/title/tt0055630/companycredits?ref_=ttfc_sa_3",96,95,"Akira Kurosawa",NA,NA,NA,"Kurosawa Production Co.|Sammy|Toho Company"
"146",146,"The Treasure of the Sierra Madre","John Huston",1948,8.1,"tt0040897","https://www.imdb.com/title/tt0040897","https://www.imdb.com/title/tt0040897/companycredits?ref_=ttfc_sa_3",93,100,"John Huston","Warner Bros. Pictures, MGM/UA Home Entertainment Inc.",NA,"Warner Bros. Pictures, MGM/UA Home Entertainment Inc.","Warner Bros."
"147",147,"Shutter Island","Martin Scorsese",2010,8.1,"tt1130884","https://www.imdb.com/title/tt1130884","https://www.imdb.com/title/tt1130884/companycredits?ref_=ttfc_sa_3",77,68,"Martin Scorsese","Paramount Pictures",NA,"Paramount Pictures","Paramount Pictures|Phoenix Pictures|Sikelia Productions|Appian Way|Thomas FX Group"
"148",148,"Jurassic Park","Steven Spielberg",1993,8.1,"tt0107290","https://www.imdb.com/title/tt0107290","https://www.imdb.com/title/tt0107290/companycredits?ref_=ttfc_sa_3",91,92,"Steven Spielberg","Universal Pictures",NA,"Universal Pictures","Universal Pictures|Amblin Entertainment"
"149",149,"Rashomon","Akira Kurosawa",1950,8.1,"tt0042876","https://www.imdb.com/title/tt0042876","https://www.imdb.com/title/tt0042876/companycredits?ref_=ttfc_sa_3",93,98,"Akira Kurosawa","RKO Radio Pictures",NA,"RKO Radio Pictures","Daiei"
"150",150,"The Great Escape","John Sturges",1963,8.1,"tt0057115","https://www.imdb.com/title/tt0057115","https://www.imdb.com/title/tt0057115/companycredits?ref_=ttfc_sa_3",95,94,"John Sturges","Criterion Collection, United Artists, MGM/UA Home Entertainment Inc.",NA,"Criterion Collection, United Artists, MGM/UA Home Entertainment Inc.","The Mirisch Company|Alpha"
"151",151,"Kill Bill: Vol. 1","Quentin Tarantino",2003,8.1,"tt0266697","https://www.imdb.com/title/tt0266697","https://www.imdb.com/title/tt0266697/companycredits?ref_=ttfc_sa_3",81,85,"Quentin Tarantino","Miramax Films",NA,"Miramax Films","Miramax|A Band Apart|Super Cool ManChu|Shaw Brothers"
"152",152,"No Country for Old Men","Ethan Coen",2007,8.1,"tt0477348","https://www.imdb.com/title/tt0477348","https://www.imdb.com/title/tt0477348/companycredits?ref_=ttfc_sa_3",86,93,"Joel Coen, Ethan Coen","Miramax Films",NA,"Miramax Films","Paramount Vantage|Miramax|Scott Rudin Productions|Mike Zoss Productions"
"153",153,"Finding Nemo","Andrew Stanton",2003,8.1,"tt0266543","https://www.imdb.com/title/tt0266543","https://www.imdb.com/title/tt0266543/companycredits?ref_=ttfc_sa_3",86,99,"Andrew Stanton","Walt Disney Pictures",NA,"Walt Disney Pictures","Pixar Animation Studios|Walt Disney Pictures"
"154",154,"The Elephant Man","David Lynch",1980,8.1,"tt0080678","https://www.imdb.com/title/tt0080678","https://www.imdb.com/title/tt0080678/companycredits?ref_=ttfc_sa_3",93,91,"David Lynch","Paramount Pictures",NA,"Paramount Pictures","Brooksfilms"
"155",155,"Chinatown","Roman Polanski",1974,8.1,"tt0071315","https://www.imdb.com/title/tt0071315","https://www.imdb.com/title/tt0071315/companycredits?ref_=ttfc_sa_3",93,99,"Roman Polanski","Paramount Pictures",NA,"Paramount Pictures","Paramount Pictures|Penthouse Video|Long Road Productions|Robert Evans Company"
"156",156,"Raging Bull","Martin Scorsese",1980,8.1,"tt0081398","https://www.imdb.com/title/tt0081398","https://www.imdb.com/title/tt0081398/companycredits?ref_=ttfc_sa_3",93,94,"Martin Scorsese","United Artists",NA,"United Artists","Chartoff-Winkler Productions"
"157",157,"The Thing","John Carpenter",1982,8.1,"tt0084787","https://www.imdb.com/title/tt0084787","https://www.imdb.com/title/tt0084787/companycredits?ref_=ttfc_sa_3",92,83,"John Carpenter","Universal Pictures",NA,"Universal Pictures","Universal Pictures|Turman-Foster Company|Province of BC, Ministry of Tourism, Film Promotion Office"
"158",158,"Gone with the Wind","Victor Fleming",1939,8.1,"tt0031381","https://www.imdb.com/title/tt0031381","https://www.imdb.com/title/tt0031381/companycredits?ref_=ttfc_sa_3",92,90,"Victor Fleming","Metro-Goldwyn-Mayer",NA,"Metro-Goldwyn-Mayer","Selznick International Pictures|Metro-Goldwyn-Mayer"
"159",159,"V for Vendetta","James McTeigue",2005,8.1,"tt0434409","https://www.imdb.com/title/tt0434409","https://www.imdb.com/title/tt0434409/companycredits?ref_=ttfc_sa_3",90,73,"James McTeigue","Warner Bros.",NA,"Warner Bros.","Warner Bros.|Virtual Studios|Silver Pictures|Anarchos Productions|Warner Bros.|Studio Babelsberg|Medienboard Berlin-Brandenburg|DC Comics"
"160",160,"Inside Out","Pete Docter",2015,8.1,"tt2096673","https://www.imdb.com/title/tt2096673","https://www.imdb.com/title/tt2096673/companycredits?ref_=ttfc_sa_3",89,98,"Pete Docter","Walt Disney",NA,"Walt Disney","Pixar Animation Studios|Walt Disney Pictures"
"161",161,"Lock, Stock and Two Smoking Barrels","Guy Ritchie",1998,8.1,"tt0120735","https://www.imdb.com/title/tt0120735","https://www.imdb.com/title/tt0120735/companycredits?ref_=ttfc_sa_3",93,75,"Guy Ritchie","Gramercy Pictures",NA,"Gramercy Pictures","Summit Entertainment|The Steve Tisch Company|SKA Films|HandMade Films|Polygram Filmed Entertainment"
"162",162,"Dial M for Murder","Alfred Hitchcock",1954,8.1,"tt0046912","https://www.imdb.com/title/tt0046912","https://www.imdb.com/title/tt0046912/companycredits?ref_=ttfc_sa_3",92,90,"Alfred Hitchcock","Warner Bros. Pictures",NA,"Warner Bros. Pictures","Warner Bros."
"163",163,"The Secret in Their Eyes","Juan José Campanella",2009,8.1,"tt1305806","https://www.imdb.com/title/tt1305806","https://www.imdb.com/title/tt1305806/companycredits?ref_=ttfc_sa_3",93,89,"Juan José Campanella","Sony Pictures Classics",NA,"Sony Pictures Classics","Tornasol Films|Haddock Films|100 Bares|Televisión Federal|Televisión Española|Canal+ España|Instituto de la Cinematografía y de las Artes Audiovisuales|Instituto Nacional de Cine y Artes Audiovisuales|Instituto de Crédito Oficial|El secreto de Sus Ojos|Instituto de la Cinematografía y de las Artes Audiovisuales"
"164",164,"Howl's Moving Castle","Hayao Miyazaki",2004,8.1,"tt0347149","https://www.imdb.com/title/tt0347149","https://www.imdb.com/title/tt0347149/companycredits?ref_=ttfc_sa_3",93,87,"Hayao Miyazaki","Buena Vista Pictures",NA,"Buena Vista Pictures","Buena Vista Home Entertainment|DENTSU Music And Entertainment|Mitsubishi|Nippon Television Network|Studio Ghibli|Tohokushinsha Film Corporation|Tokuma Shoten|d-rights"
"165",165,"The Bridge on the River Kwai","David Lean",1957,8.1,"tt0050212","https://www.imdb.com/title/tt0050212","https://www.imdb.com/title/tt0050212/companycredits?ref_=ttfc_sa_3",93,96,"David Lean","Columbia Pictures",NA,"Columbia Pictures","Horizon Pictures"
"166",166,"Three Billboards Outside Ebbing, Missouri","Martin McDonagh",2017,8.1,"tt5027774","https://www.imdb.com/title/tt5027774","https://www.imdb.com/title/tt5027774/companycredits?ref_=ttfc_sa_3",87,90,"Martin McDonagh","Fox Searchlight",NA,"Fox Searchlight","Blueprint Pictures|Film 4|Fox Searchlight Pictures"
"167",167,"Trainspotting","Danny Boyle",1996,8.1,"tt0117951","https://www.imdb.com/title/tt0117951","https://www.imdb.com/title/tt0117951/companycredits?ref_=ttfc_sa_3",93,90,"Danny Boyle","Miramax Films",NA,"Miramax Films","Channel Four Films|Figment Films|The Noel Gay Motion Picture Company"
"168",168,"Warrior","Gavin O'Connor",2011,8.1,"tt1291584","https://www.imdb.com/title/tt1291584","https://www.imdb.com/title/tt1291584/companycredits?ref_=ttfc_sa_3",92,84,"Gavin O'Connor","Lionsgate Films",NA,"Lionsgate Films","Lionsgate|Mimran Schur Pictures|Solaris|Filmtribe"
"169",169,"Gran Torino","Clint Eastwood",2008,8.1,"tt1205489","https://www.imdb.com/title/tt1205489","https://www.imdb.com/title/tt1205489/companycredits?ref_=ttfc_sa_3",90,81,"Clint Eastwood","Warner Bros.",NA,"Warner Bros.","Matten Productions|Double Nickel Entertainment|Gerber Pictures|Malpaso Productions|Village Roadshow Pictures|WV Films IV|Warner Bros."
"170",170,"Fargo","Joel Coen",1996,8.1,"tt0116282","https://www.imdb.com/title/tt0116282","https://www.imdb.com/title/tt0116282/companycredits?ref_=ttfc_sa_3",93,94,"Joel Coen","Gramercy Pictures",NA,"Gramercy Pictures","PolyGram Filmed Entertainment|Working Title Films"
"171",171,"Prisoners","Denis Villeneuve",2013,8.1,"tt1392214","https://www.imdb.com/title/tt1392214","https://www.imdb.com/title/tt1392214/companycredits?ref_=ttfc_sa_3",87,81,"Denis Villeneuve","Warner Bros.",NA,"Warner Bros.","Alcon Entertainment|8:38 Productions|Madhouse Entertainment"
"172",172,"My Neighbor Totoro","Hayao Miyazaki",1988,8.1,"tt0096283","https://www.imdb.com/title/tt0096283","https://www.imdb.com/title/tt0096283/companycredits?ref_=ttfc_sa_3",94,95,"Hayao Miyazaki",NA,NA,NA,"Tokuma Japan Communications|Studio Ghibli|Nibariki"
"173",173,"Million Dollar Baby","Clint Eastwood",2004,8.1,"tt0405159","https://www.imdb.com/title/tt0405159","https://www.imdb.com/title/tt0405159/companycredits?ref_=ttfc_sa_3",90,90,"Clint Eastwood","Warner Bros.",NA,"Warner Bros.","Warner Bros.|Lakeshore Entertainment|Malpaso Productions|Ruddy Productions|Epsilon Motion Pictures|StudioCanal"
"174",174,"Catch Me If You Can","Steven Spielberg",2002,8.1,"tt0264464","https://www.imdb.com/title/tt0264464","https://www.imdb.com/title/tt0264464/companycredits?ref_=ttfc_sa_3",89,96,"Steven Spielberg","DreamWorks SKG",NA,"DreamWorks SKG","Dreamworks Pictures|Kemp Company|Splendid Pictures|Parkes/MacDonald Image Nation|Amblin Entertainment|Muse Entertainment Enterprises"
"175",175,"The Gold Rush","Charles Chaplin",1925,8.1,"tt0015864","https://www.imdb.com/title/tt0015864","https://www.imdb.com/title/tt0015864/companycredits?ref_=ttfc_sa_3",93,100,"Charlie Chaplin","United Artists",NA,"United Artists","Charles Chaplin Productions"
"176",176,"Blade Runner","Ridley Scott",1982,8.1,"tt0083658","https://www.imdb.com/title/tt0083658","https://www.imdb.com/title/tt0083658/companycredits?ref_=ttfc_sa_3",91,89,"Ridley Scott","Warner Bros. Pictures",NA,"Warner Bros. Pictures","The Ladd Company|Shaw Brothers|Warner Bros.|Blade Runner Partnership|Michael Deeley Production|Ridley Scott Productions"
"177",177,"On the Waterfront","Elia Kazan",1954,8.1,"tt0047296","https://www.imdb.com/title/tt0047296","https://www.imdb.com/title/tt0047296/companycredits?ref_=ttfc_sa_3",95,99,"Elia Kazan","Columbia Pictures",NA,"Columbia Pictures","Horizon Pictures"
"178",178,"Children of Heaven","Majid Majidi",1997,8.1,"tt0118849","https://www.imdb.com/title/tt0118849","https://www.imdb.com/title/tt0118849/companycredits?ref_=ttfc_sa_3",96,83,"Majid Majidi","Buena Vista International [us], Miramax Films",NA,"Buena Vista International [us], Miramax Films","Kanun parvaresh fekri"
"179",179,"The Third Man","Carol Reed",1949,8.1,"tt0041959","https://www.imdb.com/title/tt0041959","https://www.imdb.com/title/tt0041959/companycredits?ref_=ttfc_sa_3",93,99,"Carol Reed","Continental Home Vídeo [br], Selznick International Pictures, Warner Home Vídeo, British Lion Films Ltd., Vintage Video, Spiegel Media GmbH",NA,"Continental Home Vídeo [br], Selznick International Pictures, Warner Home Vídeo, British Lion Films Ltd., Vintage Video, Spiegel Media GmbH","London Film Productions"
"180",180,"Before Sunrise","Richard Linklater",1995,8.1,"tt0112471","https://www.imdb.com/title/tt0112471","https://www.imdb.com/title/tt0112471/companycredits?ref_=ttfc_sa_3",93,100,"Richard Linklater",NA,NA,NA,"Castle Rock Entertainment|Detour Filmproduction|Filmhaus Wien Universa Filmproduktions|Sunrise Production|Columbia Pictures|Filmhaus Films"
"181",181,"Ben-Hur","William Wyler",1959,8.1,"tt0052618","https://www.imdb.com/title/tt0052618","https://www.imdb.com/title/tt0052618/companycredits?ref_=ttfc_sa_3",89,85,"William Wyler","Metro-Goldwyn-Mayer",NA,"Metro-Goldwyn-Mayer","Metro-Goldwyn-Mayer"
"182",182,"12 Years a Slave","Steve McQueen",2013,8.1,"tt2024544","https://www.imdb.com/title/tt2024544","https://www.imdb.com/title/tt2024544/companycredits?ref_=ttfc_sa_3",90,95,"Steve McQueen","Fox Searchlight",NA,"Fox Searchlight","New Regency Productions|River Road Entertainment|Plan B Entertainment|New Regency Productions|Film4|Fox Searchlight Pictures|Summit Entertainment"
"183",183,"Wild Strawberries","Ingmar Bergman",1957,8.1,"tt0050986","https://www.imdb.com/title/tt0050986","https://www.imdb.com/title/tt0050986/companycredits?ref_=ttfc_sa_3",94,94,"Ingmar Bergman","Criterion Collection, Janus Films, Video Yesteryear",NA,"Criterion Collection, Janus Films, Video Yesteryear","Svensk Filmindustri"
"184",184,"Harry Potter and the Deathly Hallows: Part 2","David Yates",2011,8.1,"tt1201607","https://www.imdb.com/title/tt1201607","https://www.imdb.com/title/tt1201607/companycredits?ref_=ttfc_sa_3",89,96,"David Yates","Warner Bros. Pictures",NA,"Warner Bros. Pictures","Warner Bros.|Heyday Films|Moving Picture Company"
"185",185,"Gone Girl","David Fincher",2014,8.1,"tt2267998","https://www.imdb.com/title/tt2267998","https://www.imdb.com/title/tt2267998/companycredits?ref_=ttfc_sa_3",87,88,"David Fincher","20th Century Fox",NA,"20th Century Fox","Twentieth Century Fox|New Regency Productions|TSG Entertainment|New Regency Productions|Pacific Standard"
"186",186,"The General","Clyde Bruckman",1926,8.1,"tt0017925","https://www.imdb.com/title/tt0017925","https://www.imdb.com/title/tt0017925/companycredits?ref_=ttfc_sa_3",92,92,"Clyde Bruckman, Buster Keaton","Image Entertainment Inc., Radio Films S.A.E.S.A. [es], Andrés Vicente Gómez Montero [es], Reel Media International [us], United Artists, LS Video, Cineteca S.A., Aikman Video, Madacy Entertainment Group Inc. [us], Thames Video Collection, Kino Video, Republic Pictures",NA,"Image Entertainment Inc., Radio Films S.A.E.S.A. [es], Andrés Vicente Gómez Montero [es], Reel Media International [us], United Artists, LS Video, Cineteca S.A., Aikman Video, Madacy Entertainment Group Inc. [us], Thames Video Collection, Kino Video, Republic Pictures","Buster Keaton Productions|Joseph M. Schenck Productions"
"187",187,"The Deer Hunter","Michael Cimino",1978,8.1,"tt0077416","https://www.imdb.com/title/tt0077416","https://www.imdb.com/title/tt0077416/companycredits?ref_=ttfc_sa_3",91,86,"Michael Cimino","MCA/Universal Pictures [us], Universal Pictures",NA,"MCA/Universal Pictures [us], Universal Pictures","EMI Films|Universal Pictures"
"188",188,"In the Name of the Father","Jim Sheridan",1993,8.1,"tt0107207","https://www.imdb.com/title/tt0107207","https://www.imdb.com/title/tt0107207/companycredits?ref_=ttfc_sa_3",95,94,"Jim Sheridan","Universal Pictures, Argentina Video Home",NA,"Universal Pictures, Argentina Video Home","Hell's Kitchen Films|Universal Pictures"
"189",189,"The Grand Budapest Hotel","Wes Anderson",2014,8.1,"tt2278388","https://www.imdb.com/title/tt2278388","https://www.imdb.com/title/tt2278388/companycredits?ref_=ttfc_sa_3",86,92,"Wes Anderson","Fox Searchlight",NA,"Fox Searchlight","Fox Searchlight Pictures|Indian Paintbrush|Studio Babelsberg|American Empirical Pictures|TSG Entertainment|Scott Rudin Productions"
"190",190,"Everything Everywhere All at Once","Dan Kwan",2022,8.1,"tt6710474","https://www.imdb.com/title/tt6710474","https://www.imdb.com/title/tt6710474/companycredits?ref_=ttfc_sa_3",89,95,"Dan Kwan, Daniel Scheinert","A24",NA,"A24","A24|AGBO Production|Hotdog Hands|IAC Films|Ley Line Entertainment|Year of The Rat"
"191",191,"Barry Lyndon","Stanley Kubrick",1975,8.1,"tt0072684","https://www.imdb.com/title/tt0072684","https://www.imdb.com/title/tt0072684/companycredits?ref_=ttfc_sa_3",92,88,"Stanley Kubrick","Warner Bros. Pictures",NA,"Warner Bros. Pictures","Peregrine|Hawk Films|Warner Bros."
"192",192,"The Wages of Fear","Henri-Georges Clouzot",1953,8.1,"tt0046268","https://www.imdb.com/title/tt0046268","https://www.imdb.com/title/tt0046268/companycredits?ref_=ttfc_sa_3",95,100,"Henri-Georges Clouzot","DCA Releasing",NA,"DCA Releasing","Compagnie Industrielle et Commerciale Cinématographique|Filmsonor|Vera Films|Fono Roma"
"193",193,"Mr. Smith Goes to Washington","Frank Capra",1939,8.1,"tt0031679","https://www.imdb.com/title/tt0031679","https://www.imdb.com/title/tt0031679/companycredits?ref_=ttfc_sa_3",94,96,"Frank Capra","Columbia Pictures, Columbia TriStar Home Video, Columbia Tristar",NA,"Columbia Pictures, Columbia TriStar Home Video, Columbia Tristar","Columbia Pictures"
"194",194,"Sherlock Jr.","Buster Keaton",1924,8.1,"tt0015324","https://www.imdb.com/title/tt0015324","https://www.imdb.com/title/tt0015324/companycredits?ref_=ttfc_sa_3",95,92,"Buster Keaton","Image Entertainment Inc., Kino Video, Metro-Goldwyn-Mayer",NA,"Image Entertainment Inc., Kino Video, Metro-Goldwyn-Mayer","Buster Keaton Productions"
"195",195,"Hacksaw Ridge","Mel Gibson",2016,8.1,"tt2119532","https://www.imdb.com/title/tt2119532","https://www.imdb.com/title/tt2119532/companycredits?ref_=ttfc_sa_3",91,84,"Mel Gibson","Lionsgate Films",NA,"Lionsgate Films","Summit Entertainment|Cross Creek Pictures|Demarest Films|Pandemonium|Argent Pictures|Bliss Media|Vendian Entertainment|IM Global|AI-Film|Creative Artists Agency|Kylin Pictures|Icon Productions|Permut Presentations|Screen Australia|Screen NSW"
"196",196,"Memories of Murder","Bong Joon Ho",2003,8.1,"tt0353969","https://www.imdb.com/title/tt0353969","https://www.imdb.com/title/tt0353969/companycredits?ref_=ttfc_sa_3",93,95,"Bong Joon Ho",NA,NA,NA,"Sidus|CJ Entertainment|Muhan Investment"
"197",197,"Klaus","Sergio Pablos",2019,8.1,"tt4729430","https://www.imdb.com/title/tt4729430","https://www.imdb.com/title/tt4729430/companycredits?ref_=ttfc_sa_3",96,95,"Sergio Pablos","Netflix",NA,"Netflix","The SPA Studios|Atresmedia Cine|Netflix Animation|Sergio Pablos Animation Studios"
"198",198,"Wild Tales","Damián Szifron",2014,8.1,"tt3011894","https://www.imdb.com/title/tt3011894","https://www.imdb.com/title/tt3011894/companycredits?ref_=ttfc_sa_3",92,94,"Damián David Szifron","Sony Pictures Classics",NA,"Sony Pictures Classics","K&S Films|El Deseo|Televisión Federal|Corner Producciones|Big Bang Media|Instituto Nacional de Cine y Artes Audiovisuales|Instituto de la Cinematografía y de las Artes Audiovisuales|British Film Institute|Canal+|Film Factory Entertainment|Gobierno de España"
"199",199,"The Seventh Seal","Ingmar Bergman",1957,8.1,"tt0050976","https://www.imdb.com/title/tt0050976","https://www.imdb.com/title/tt0050976/companycredits?ref_=ttfc_sa_3",93,93,"Ingmar Bergman","Criterion Collection, Embassy Pictures, Janus Films",NA,"Criterion Collection, Embassy Pictures, Janus Films","Svensk Filmindustri"
"200",200,"Room","Lenny Abrahamson",2015,8.1,"tt3170832","https://www.imdb.com/title/tt3170832","https://www.imdb.com/title/tt3170832/companycredits?ref_=ttfc_sa_3",93,93,"Lenny Abrahamson","A24",NA,"A24","Element Pictures|Film 4|FilmNation Entertainment|No Trace Camping|Ontario Media Development Corporation|Screen Ireland|Téléfilm Canada"
"201",201,"Mad Max: Fury Road","George Miller",2015,8.1,"tt1392190","https://www.imdb.com/title/tt1392190","https://www.imdb.com/title/tt1392190/companycredits?ref_=ttfc_sa_3",86,97,"George Miller","Warner Bros. Pictures",NA,"Warner Bros. Pictures","Village Roadshow Pictures|Kennedy Miller Productions"
"202",202,"How to Train Your Dragon","Dean DeBlois",2010,8.1,"tt0892769","https://www.imdb.com/title/tt0892769","https://www.imdb.com/title/tt0892769/companycredits?ref_=ttfc_sa_3",91,99,"Christopher Sanders, Dean DeBlois","DreamWorks SKG, Paramount Pictures",NA,"DreamWorks SKG, Paramount Pictures","DreamWorks Animation|Mad Hatter Entertainment|Vertigo Entertainment"
"203",203,"The Big Lebowski","Joel Coen",1998,8.1,"tt0118715","https://www.imdb.com/title/tt0118715","https://www.imdb.com/title/tt0118715/companycredits?ref_=ttfc_sa_3",93,83,"Joel Coen","Gramercy Pictures",NA,"Gramercy Pictures","Polygram Filmed Entertainment|Working Title Films"
"204",204,"Mary and Max","Adam Elliot",2009,8.1,"tt0978762","https://www.imdb.com/title/tt0978762","https://www.imdb.com/title/tt0978762/companycredits?ref_=ttfc_sa_3",92,95,"Adam Elliot",NA,NA,NA,"Melodrama Pictures"
"205",205,"Jaws","Steven Spielberg",1975,8.1,"tt0073195","https://www.imdb.com/title/tt0073195","https://www.imdb.com/title/tt0073195/companycredits?ref_=ttfc_sa_3",90,97,"Steven Spielberg","DiscoVision, Universal Pictures",NA,"DiscoVision, Universal Pictures","Zanuck/Brown Productions|Universal Pictures"
"206",206,"Monsters, Inc.","Pete Docter",2001,8.1,"tt0198781","https://www.imdb.com/title/tt0198781","https://www.imdb.com/title/tt0198781/companycredits?ref_=ttfc_sa_3",90,96,"Pete Docter","Walt Disney Pictures",NA,"Walt Disney Pictures","Pixar Animation Studios|Walt Disney Pictures"
"207",207,"Tokyo Story","Yasujirô Ozu",1953,8.1,"tt0046438","https://www.imdb.com/title/tt0046438","https://www.imdb.com/title/tt0046438/companycredits?ref_=ttfc_sa_3",93,100,"Yasujirô Ozu","New Yorker Films, Shochiku Films Ltd., DeA Planeta S.L., Criterion Collection",NA,"New Yorker Films, Shochiku Films Ltd., DeA Planeta S.L., Criterion Collection","Shochiku|Entertain Me Productions"
"208",208,"Dead Poets Society","Peter Weir",1989,8.1,"tt0097165","https://www.imdb.com/title/tt0097165","https://www.imdb.com/title/tt0097165/companycredits?ref_=ttfc_sa_3",92,84,"Peter Weir","Buena Vista Pictures, Touchstone Pictures, Touchstone Home Video",NA,"Buena Vista Pictures, Touchstone Pictures, Touchstone Home Video","Touchstone Pictures|Silver Screen Partners IV|A Steven Haft Production|Witt/Thomas Productions"
"209",209,"The Passion of Joan of Arc","Carl Theodor Dreyer",1928,8.1,"tt0019254","https://www.imdb.com/title/tt0019254","https://www.imdb.com/title/tt0019254/companycredits?ref_=ttfc_sa_3",93,98,"Carl Theodor Dreyer","Criterion Collection, Video Yesteryear, Janus Films, LS Video",NA,"Criterion Collection, Video Yesteryear, Janus Films, LS Video","Société générale des films"
"210",210,"Hotel Rwanda","Terry George",2004,8.1,"tt0395169","https://www.imdb.com/title/tt0395169","https://www.imdb.com/title/tt0395169/companycredits?ref_=ttfc_sa_3",94,91,"Terry George","United Artists",NA,"United Artists","United Artists|Lions Gate Films|Industrial Development Corporation of South Africa|Miracle Pictures|Inside Track Films|Mikado Film|Endgame Entertainment"
"211",211,"Rocky","John G. Avildsen",1976,8,"tt0075148","https://www.imdb.com/title/tt0075148","https://www.imdb.com/title/tt0075148/companycredits?ref_=ttfc_sa_3",69,91,"John G. Avildsen","CBS/Fox, United Artists, MGM/UA Home Entertainment Inc.",NA,"CBS/Fox, United Artists, MGM/UA Home Entertainment Inc.","Chartoff-Winkler Productions"
"212",212,"Ford v Ferrari","James Mangold",2019,8,"tt1950186","https://www.imdb.com/title/tt1950186","https://www.imdb.com/title/tt1950186/companycredits?ref_=ttfc_sa_3",98,92,"James Mangold","20th Century Fox",NA,"20th Century Fox","Chernin Entertainment|TSG Entertainment|Turnpike Films|Twentieth Century Fox"
"213",213,"Platoon","Oliver Stone",1986,8,"tt0091763","https://www.imdb.com/title/tt0091763","https://www.imdb.com/title/tt0091763/companycredits?ref_=ttfc_sa_3",93,89,"Oliver Stone","MGM/UA Home Entertainment Inc., Metro-Goldwyn-Mayer, Orion Pictures",NA,"MGM/UA Home Entertainment Inc., Metro-Goldwyn-Mayer, Orion Pictures","Hemdale|Cinema '84|Cinema 86"
"214",214,"Pather Panchali","Satyajit Ray",1955,8,"tt0048473","https://www.imdb.com/title/tt0048473","https://www.imdb.com/title/tt0048473/companycredits?ref_=ttfc_sa_3",93,97,"Satyajit Ray",NA,NA,NA,"Government of West Bengal"
"215",215,"Stand by Me","Rob Reiner",1986,8,"tt0092005","https://www.imdb.com/title/tt0092005","https://www.imdb.com/title/tt0092005/companycredits?ref_=ttfc_sa_3",94,91,"Rob Reiner","Columbia Pictures",NA,"Columbia Pictures","Columbia Pictures|Act III|Act III Communications|The Body"
"216",216,"The Terminator","James Cameron",1984,8,"tt0088247","https://www.imdb.com/title/tt0088247","https://www.imdb.com/title/tt0088247/companycredits?ref_=ttfc_sa_3",89,100,"James Cameron","Metro-Goldwyn-Mayer Distributing Corp., Artisan Entertainment, MGM/UA Home Entertainment Inc.",NA,"Metro-Goldwyn-Mayer Distributing Corp., Artisan Entertainment, MGM/UA Home Entertainment Inc.","Cinema '84|Euro Film Funding|Hemdale|Pacific Western Productions"
"217",217,"Spotlight","Tom McCarthy",2015,8,"tt1895587","https://www.imdb.com/title/tt1895587","https://www.imdb.com/title/tt1895587/companycredits?ref_=ttfc_sa_3",93,97,"Tom McCarthy","Open Road",NA,"Open Road","Participant|First Look Media|Anonymous Content|Rocklin/Faust|Open Road Films|Entertainment One|Topic Studios"
"218",218,"Rush","Ron Howard",2013,8,"tt1979320","https://www.imdb.com/title/tt1979320","https://www.imdb.com/title/tt1979320/companycredits?ref_=ttfc_sa_3",88,88,"Ron Howard","Universal Pictures",NA,"Universal Pictures","Exclusive Media Group|Cross Creek Pictures|Imagine Entertainment|Revolution Films|Working Title Films|Double Negative"
"219",219,"Logan","James Mangold",2017,8,"tt3315342","https://www.imdb.com/title/tt3315342","https://www.imdb.com/title/tt3315342/companycredits?ref_=ttfc_sa_3",90,94,"James Mangold","20th Century Fox",NA,"20th Century Fox","Twentieth Century Fox|Marvel Entertainment|TSG Entertainment|Kinberg Genre|Hutch Parker Entertainment|Donners' Company"
"220",220,"Network","Sidney Lumet",1976,8,"tt0074958","https://www.imdb.com/title/tt0074958","https://www.imdb.com/title/tt0074958/companycredits?ref_=ttfc_sa_3",93,92,"Sidney Lumet","Metro-Goldwyn-Mayer, United Artists",NA,"Metro-Goldwyn-Mayer, United Artists","Metro-Goldwyn-Mayer"
"221",221,"Ratatouille","Brad Bird",2007,8,"tt0382932","https://www.imdb.com/title/tt0382932","https://www.imdb.com/title/tt0382932/companycredits?ref_=ttfc_sa_3",87,96,"Brad Bird","Buena Vista",NA,"Buena Vista","Walt Disney Pictures|Pixar Animation Studios"
"222",222,"Into the Wild","Sean Penn",2007,8,"tt0758758","https://www.imdb.com/title/tt0758758","https://www.imdb.com/title/tt0758758/companycredits?ref_=ttfc_sa_3",89,83,"Sean Penn","Paramount Pictures",NA,"Paramount Pictures","Paramount Vantage|Art Linson Productions|Into the Wild|River Road Entertainment"
"223",223,"The Wizard of Oz","Victor Fleming",1939,8,"tt0032138","https://www.imdb.com/title/tt0032138","https://www.imdb.com/title/tt0032138/companycredits?ref_=ttfc_sa_3",89,98,"Victor Fleming","Metro-Goldwyn-Mayer",NA,"Metro-Goldwyn-Mayer","Metro-Goldwyn-Mayer"
"224",224,"Groundhog Day","Harold Ramis",1993,8,"tt0107048","https://www.imdb.com/title/tt0107048","https://www.imdb.com/title/tt0107048/companycredits?ref_=ttfc_sa_3",88,97,"Harold Ramis","Columbia Pictures",NA,"Columbia Pictures","Columbia Pictures"
"225",225,"Before Sunset","Richard Linklater",2004,8,"tt0381681","https://www.imdb.com/title/tt0381681","https://www.imdb.com/title/tt0381681/companycredits?ref_=ttfc_sa_3",92,94,"Richard Linklater","Warner Independent",NA,"Warner Independent","Warner Independent Pictures|Castle Rock Entertainment|Detour Filmproduction"
"226",226,"The Exorcist","William Friedkin",1973,8,"tt0070047","https://www.imdb.com/title/tt0070047","https://www.imdb.com/title/tt0070047/companycredits?ref_=ttfc_sa_3",87,84,"William Friedkin","Warner Bros. Pictures",NA,"Warner Bros. Pictures","Warner Bros.|Hoya Productions"
"227",227,"The Best Years of Our Lives","William Wyler",1946,8,"tt0036868","https://www.imdb.com/title/tt0036868","https://www.imdb.com/title/tt0036868/companycredits?ref_=ttfc_sa_3",93,97,"William Wyler","RKO Radio Pictures",NA,"RKO Radio Pictures","The Samuel Goldwyn Company"
"228",228,"The Incredibles","Brad Bird",2004,8,"tt0317705","https://www.imdb.com/title/tt0317705","https://www.imdb.com/title/tt0317705/companycredits?ref_=ttfc_sa_3",75,97,"Brad Bird","Walt Disney Pictures",NA,"Walt Disney Pictures","Pixar Animation Studios|Walt Disney Pictures"
"229",229,"To Be or Not to Be","Ernst Lubitsch",1942,8,"tt0035446","https://www.imdb.com/title/tt0035446","https://www.imdb.com/title/tt0035446/companycredits?ref_=ttfc_sa_3",93,96,"Ernst Lubitsch","United Artists, Warner Home Vídeo",NA,"United Artists, Warner Home Vídeo","Romaine Film Corporation"
"230",230,"The Battle of Algiers","Gillo Pontecorvo",1966,8,"tt0058946","https://www.imdb.com/title/tt0058946","https://www.imdb.com/title/tt0058946/companycredits?ref_=ttfc_sa_3",95,99,"Gillo Pontecorvo","Rialto Pictures, Image Entertainment Inc., Criterion Collection, Rizzoli",NA,"Rialto Pictures, Image Entertainment Inc., Criterion Collection, Rizzoli","Igor Film|Casbah Film"
"231",231,"The Grapes of Wrath","John Ford",1940,8,"tt0032551","https://www.imdb.com/title/tt0032551","https://www.imdb.com/title/tt0032551/companycredits?ref_=ttfc_sa_3",88,100,"John Ford","20th Century Fox",NA,"20th Century Fox","Twentieth Century Fox"
"232",232,"Rebecca","Alfred Hitchcock",1940,8,"tt0032976","https://www.imdb.com/title/tt0032976","https://www.imdb.com/title/tt0032976/companycredits?ref_=ttfc_sa_3",92,98,"Alfred Hitchcock","United Artists",NA,"United Artists","Selznick International Pictures"
"233",233,"Hachi: A Dog's Tale","Lasse Hallström",2009,8,"tt1028532","https://www.imdb.com/title/tt1028532","https://www.imdb.com/title/tt1028532/companycredits?ref_=ttfc_sa_3",84,64,"Lasse Hallström",NA,NA,NA,"Stage 6 Films|Inferno Distribution|Hachiko|Grand Army Entertainment|Opperman Viner Chrystyn Entertainment|Scion Films"
"234",234,"Cool Hand Luke","Stuart Rosenberg",1967,8,"tt0061512","https://www.imdb.com/title/tt0061512","https://www.imdb.com/title/tt0061512/companycredits?ref_=ttfc_sa_3",95,100,"Stuart Rosenberg","Warner Bros. Pictures, Warner Home Vídeo",NA,"Warner Bros. Pictures, Warner Home Vídeo","Jalem Productions"
"235",235,"Amores perros","Alejandro G. Iñárritu",2000,8,"tt0245712","https://www.imdb.com/title/tt0245712","https://www.imdb.com/title/tt0245712/companycredits?ref_=ttfc_sa_3",94,93,"Alejandro González Iñárritu","Lionsgate Films",NA,"Lionsgate Films","Altavista Films|Zeta Film"
"236",236,"Pirates of the Caribbean: The Curse of the Black Pearl","Gore Verbinski",2003,8,"tt0325980","https://www.imdb.com/title/tt0325980","https://www.imdb.com/title/tt0325980/companycredits?ref_=ttfc_sa_3",86,79,"Gore Verbinski","Walt Disney Pictures",NA,"Walt Disney Pictures","Walt Disney Pictures|Jerry Bruckheimer Films"
"237",237,"La Haine","Mathieu Kassovitz",1995,8,"tt0113247","https://www.imdb.com/title/tt0113247","https://www.imdb.com/title/tt0113247/companycredits?ref_=ttfc_sa_3",95,100,"Mathieu Kassovitz",NA,NA,NA,"Les Productions Lazennec|Le Studio Canal+|La Sept Cinéma|Kasso Inc. Productions|Cofimage 6|Studio Image|Canal+|Cofinergie 6|Egg Pictures|Polygram Filmed Entertainment"
"238",238,"Jai Bhim","T.J. Gnanavel",2021,8,"tt15097216","https://www.imdb.com/title/tt15097216","https://www.imdb.com/title/tt15097216/companycredits?ref_=ttfc_sa_3",NA,100,"T.J. Gnanavel",NA,NA,NA,"2D Entertainment"
"239",239,"My Father and My Son","Cagan Irmak",2005,8,"tt0476735","https://www.imdb.com/title/tt0476735","https://www.imdb.com/title/tt0476735/companycredits?ref_=ttfc_sa_3",97,NA,"Çagan Irmak",NA,NA,NA,"Avsar Film"
"240",240,"The 400 Blows","François Truffaut",1959,8,"tt0053198","https://www.imdb.com/title/tt0053198","https://www.imdb.com/title/tt0053198/companycredits?ref_=ttfc_sa_3",94,99,"François Truffaut","Criterion Collection",NA,"Criterion Collection","Les Films du Carrosse|Sédif Productions"
"241",241,"Persona","Ingmar Bergman",1966,8,"tt0060827","https://www.imdb.com/title/tt0060827","https://www.imdb.com/title/tt0060827/companycredits?ref_=ttfc_sa_3",94,91,"Ingmar Bergman","Lopert Pictures Corp., United Artists, Video Yesteryear, Reel Media International [us], MGM/UA Home Entertainment Inc.",NA,"Lopert Pictures Corp., United Artists, Video Yesteryear, Reel Media International [us], MGM/UA Home Entertainment Inc.","AB Svensk Filmindustri"
"242",242,"It Happened One Night","Frank Capra",1934,8,"tt0025316","https://www.imdb.com/title/tt0025316","https://www.imdb.com/title/tt0025316/companycredits?ref_=ttfc_sa_3",93,98,"Frank Capra","Columbia Pictures, Columbia TriStar Home Video, RCA/Columbia",NA,"Columbia Pictures, Columbia TriStar Home Video, RCA/Columbia","Columbia Pictures"
"243",243,"The Sound of Music","Robert Wise",1965,8,"tt0059742","https://www.imdb.com/title/tt0059742","https://www.imdb.com/title/tt0059742/companycredits?ref_=ttfc_sa_3",91,83,"Robert Wise","20th Century Fox",NA,"20th Century Fox","Robert Wise Productions|Argyle Enterprises"
"244",244,"Life of Brian","Terry Jones",1979,8,"tt0079470","https://www.imdb.com/title/tt0079470","https://www.imdb.com/title/tt0079470/companycredits?ref_=ttfc_sa_3",93,96,"Terry Jones","Paramount Pictures, Warner Bros., Criterion Collection",NA,"Paramount Pictures, Warner Bros., Criterion Collection","HandMade Films|Python Pictures"
"245",245,"The Handmaiden","Park Chan-wook",2016,8,"tt4016934","https://www.imdb.com/title/tt4016934","https://www.imdb.com/title/tt4016934/companycredits?ref_=ttfc_sa_3",91,96,"Park Chan-wook","Amazon Studios, Magnolia Pictures",NA,"Amazon Studios, Magnolia Pictures","CJ Entertainment|Moho Film|Yong Film"
"246",246,"Dersu Uzala","Akira Kurosawa",1975,8,"tt0071411","https://www.imdb.com/title/tt0071411","https://www.imdb.com/title/tt0071411/companycredits?ref_=ttfc_sa_3",94,73,"Akira Kurosawa","New World Pictures",NA,"New World Pictures","Atelier 41|Daiei Studios|Mosfilm|Trete Tvorcheskoe Obedinenie"
"247",247,"Aladdin","Ron Clements",1992,8,"tt0103639","https://www.imdb.com/title/tt0103639","https://www.imdb.com/title/tt0103639/companycredits?ref_=ttfc_sa_3",94,57,"Guy Ritchie","Walt Disney",NA,"Walt Disney","Walt Disney Pictures|Silver Screen Partners IV|Walt Disney Animation Studios"
"248",248,"Gandhi","Richard Attenborough",1982,8,"tt0083987","https://www.imdb.com/title/tt0083987","https://www.imdb.com/title/tt0083987/companycredits?ref_=ttfc_sa_3",92,89,"Richard Attenborough","Columbia Pictures",NA,"Columbia Pictures","International Film Investors|National Film Development Corporation of India|Goldcrest Films International|Indo-British|Indo-British Films"
"249",249,"The Help","Tate Taylor",2011,8,"tt1454029","https://www.imdb.com/title/tt1454029","https://www.imdb.com/title/tt1454029/companycredits?ref_=ttfc_sa_3",40,NA,"Johnnie To, Ka-Fai Wai",NA,NA,NA,"DreamWorks|Dreamworks Pictures|Reliance Film & Entertainment|Participant|Imagenation|1492 Pictures|Harbinger Pictures"
"250",250,"The Iron Giant","Brad Bird",1999,8,"tt0129167","https://www.imdb.com/title/tt0129167","https://www.imdb.com/title/tt0129167/companycredits?ref_=ttfc_sa_3",90,96,"Brad Bird","Warner Bros. Pictures",NA,"Warner Bros. Pictures","Warner Bros.|Warner Bros. Animation"
