"year","name","school","position","class"
2016,"Ben Patch","Brigham Young University","RS","So."
2016,"Bobby Walsh","Lewis University","MB","Sr."
2016,"Brenden Sander","Brigham Young University","OH","So."
2016,"Conrad Kaminski","Stanford University","MB","Sr."
2016,"Evan Enriques","Stanford University","L","So."
2016,"James Shaw","Stanford University","S","Sr."
2016,"Micah Ma'a","UCLA","S/H","Fr."
2016,"Miles Johnson","Ohio State University","RS","Jr."
2016,"Nicolas Szerszen","Ohio State University","OH","So."
2016,"TJ DeFalco","Long Beach State University","OH","Fr."
2017,"Amir Lugo-Rodriguez","Long Beach State University","MB","Sr."
2017,"Andrew Sato","Long Beach State University","L","Sr."
2017,"Jake Langlois","Brigham Young University","OH","Sr."
2017,"Jeff Jendryk","Loyola University Chicago","MB","Jr."
2017,"Jennings Franciskovic","University of Hawai‘i","S","Sr."
2017,"Josh Tuaniga","Long Beach State University","S","So."
2017,"Miles Johnson","Ohio State University","RS","Sr."
2017,"Nicolas Szerszen","Ohio State University","OH","Jr."
2017,"Stijn van Tilburg","University of Hawai‘i","RS","So."
2017,"TJ DeFalco","Long Beach State University","OH","So."
2018,"Brenden Sander","Brigham Young University","OH","Sr."
2018,"Daenan Gyimah","UCLA","MB","So."
2018,"Jeff Jendryk","Loyola University Chicago","MB","Sr."
2018,"Josh Tuaniga","Long Beach State University","S","Jr."
2018,"Kyle Ensing","Long Beach State University","RS","Jr."
2018,"Larry Tuileta","University of Hawai‘i","L","Sr."
2018,"Micah Ma'a","UCLA","S","Jr."
2018,"Nicolas Szerszen","Ohio State University","OH","Sr."
2018,"Stijn van Tilburg","University of Hawai‘i","OH","Jr."
2018,"TJ DeFalco","Long Beach State University","OH","Jr."
2019,"Daenan Gyimah","UCLA","MB","Jr."
2019,"David Wieczorek","Pepperdine University","OH","RS-Sr."
2019,"Gage Worsley","University of Hawai‘i","L","So."
2019,"Joe Worsley","University of Hawai‘i","S","Sr."
2019,"Josh Tuaniga","Long Beach State University","S","Sr."
2019,"Kyle Ensing","Long Beach State University","RS","Sr."
2019,"Micah Ma‘a","UCLA","S/H","Sr."
2019,"Rado Parapunov","University of Hawai‘i","RS","Jr."
2019,"Stijn van Tilburg","University of Hawai‘i","OH","Sr."
2019,"TJ DeFalco","Long Beach State University","OH","Sr."
2020,"Casey McGarry","UC Santa Barbara","S","Sr."
2020,"Daenan Gyimah","UCLA","MB","Sr."
2020,"Davide Gardini","Brigham Young University","OH","So."
2020,"Gabi Garcia Fernandez","Brigham Young University","RS","Jr."
2020,"Gage Worsley","University of Hawai‘i","L","Jr."
2020,"Kyle McCauley","UC San Diego","OH","Jr."
2020,"Rado Parapunov","University of Hawai‘i","RS","Sr."
2020,"Ryan Coenen","Lewis University","OH","RS-Sr."
2020,"Tyler Mitchem","Lewis University","MB","RS-Jr."
2020,"Wil Stanley","Brigham Young University","S","Sr."
2021,"Casey McGarry","UC Santa Barbara","S","Sr."
2021,"Davide Gardini","Brigham Young University","OH","Jr."
2021,"Gabi Garcia Fernandez","Brigham Young University","RS","Sr."
2021,"Gage Worsley","University of Hawai‘i","L","Jr."
2021,"Patrick Gasman","University of Hawai‘i","MB/RS","Sr."
2021,"Rado Parapunov","University of Hawai'i","RS","Sr."
2021,"Randy DeWeese","UC Santa Barbara","RS","Sr."
2021,"Ryan Coenen","Lewis University","OH","Sr."
2021,"Tyler Mitchem","Lewis University","MB","RS-Sr."
2021,"Wil Stanley","Brigham Young University","S","Gr."
2022,"Alex Nikolov","Long Beach State University","OH","Fr."
2022,"Brett Wildman","Penn State University","OH","Sr."
2022,"Davide Gardini","Brigham Young University","OH","Sr."
2022,"Ethan Champlin","UCLA","OH","So."
2022,"Jakob Thelle","University of Hawai‘i","S","Jr."
2022,"Kaleb Jenness","Ball State University","OH","Sr."
2022,"Mason Briggs","Long Beach State University","L","So."
2022,"Merrick McHenry","UCLA","MB","RS-So."
2022,"Miles Partain","UCLA","S","So."
2022,"Quinn Isaacson","Ball State University","S","Gr."
2022,"Tyler Mitchem","Lewis University","MB","Gr."
2022,"Will Rottman","Stanford University","OH","Jr."
2023,"Andrew Rowan","UCLA","S","Fr."
2023,"Cole Bogner","Penn State University","S","Gr."
2023,"Dimitrios Mouchlias","University of Hawai‘i","RS","Jr."
2023,"Ethan Champlin","UCLA","OH","Jr."
2023,"Guilherme Voss","University of Hawai‘i","MB","Jr."
2023,"Hilir Henno","UC Irvine","OH","So."
2023,"Ido David","UCLA","RS","So."
2023,"Jacob Pasteur","Ohio State University","OH","Jr."
2023,"Jakob Thelle","University of Hawai‘i","S","Sr."
2023,"Mason Briggs","Long Beach State University","L","Jr."
2023,"Merrick McHenry","UCLA","MB","RS-Jr."
2023,"Toby Ezeonu","Penn State University","MB","Jr."
2024,"Andrew Rowan","UCLA","S","So."
2024,"Camden Gianni","Grand Canyon University","OH","RS-Sr."
2024,"Cameron Thorne","Grand Canyon University","MB","So."
2024,"Ethan Champlin","UCLA","OH","Sr."
2024,"Hilir Henno","University of California, Irvine","OH","Jr."
2024,"John Kerr","Penn State University","RS","Gr."
2024,"Mason Briggs","Long Beach State University","L","Sr."
2024,"Merrick McHenry","UCLA","MB","RS-Sr."
2024,"Nicholas Slight","Grand Canyon University","S","RS-Jr."
2024,"Parker Van Buren","Loyola University Chicago","RS","RS-Jr."
2024,"Simon Torwie","Long Beach State University","MB","Sr."
2024,"Sotiris Siapanis","Long Beach State University","OH","Jr."
2025,"Adrien Roure","University of Hawai‘i","OH","Fr."
2025,"Andrew Rowan","UCLA","S","Jr."
2025,"Cameron Thorne","UCLA","MB","Jr."
2025,"Cooper Robinson","UCLA","OH","RS-Jr."
2025,"Dillon Klein","University of Southern California","OH","Jr."
2025,"Hilir Henno","UC Irvine","OH","Sr."
2025,"Jalen Phillips","California State University Northridge","OPP","RS-So."
2025,"Moni Nikolov","Long Beach State University","S","Fr."
2025,"Parker Van Buren","Loyola University Chicago","OH","RS-Sr."
2025,"Ryan Barnett","Pepperdine University","OH","RS-Jr."
2025,"Skyler Varga","Long Beach State University","OH","Jr."
2025,"Tread Rosenthal","University of Hawai‘i","S","So."
