"","year","title","id","nominees_or_winner","imdb_url","producers"
"1","2021","Nomadland","tt9770150","winner","https://www.imdb.com/title/tt9770150","Cor Cordium Productions|Hear/Say Productions|Highwayman Films"
"2","2021","Judas and the Black Messiah","tt9784798","nominee","https://www.imdb.com/title/tt9784798","BRON Studios|Bron Creative|MACRO"
"3","2021","Mank","tt10618286","nominee","https://www.imdb.com/title/tt10618286","Blue Light|Flying Studio|Netflix Studios"
"4","2021","Minari","tt10633456","nominee","https://www.imdb.com/title/tt10633456","Plan B Entertainment"
"5","2021","Promising Young Woman","tt9620292","nominee","https://www.imdb.com/title/tt9620292","FilmNation Entertainment|Focus Features|LuckyChap Entertainment"
"6","2021","Sound of Metal","tt5363618","nominee","https://www.imdb.com/title/tt5363618","Caviar|Flat 7 Productions|Ward Four"
"7","2021","The Father","tt10272386","nominee","https://www.imdb.com/title/tt10272386","Les Films du Cru|Film4|Orange Studio"
"8","2021","The Trial of the Chicago 7","tt1070874","nominee","https://www.imdb.com/title/tt1070874","Dreamworks Pictures|Amblin Partners|Aperture Media Partners"
"9","2020","Parasite","tt6751668","winner","https://www.imdb.com/title/tt6751668","CJ Entertainment|Barunson E&A"
"10","2020","1917","tt8579674","nominee","https://www.imdb.com/title/tt8579674","Dreamworks Pictures|Reliance Entertainment|New Republic Pictures"
"11","2020","Ford v Ferrari","tt1950186","nominee","https://www.imdb.com/title/tt1950186","Chernin Entertainment|TSG Entertainment|Turnpike Films"
"12","2020","Jojo Rabbit","tt2584384","nominee","https://www.imdb.com/title/tt2584384","TSG Entertainment|Piki Films|Defender Films"
"13","2020","Joker","tt7286456","nominee","https://www.imdb.com/title/tt7286456","Warner Bros.|Village Roadshow Pictures|Village Roadshow Pictures"
"14","2020","Little Women","tt3281548","nominee","https://www.imdb.com/title/tt3281548","Columbia Pictures|New Regency Productions|Pascal Pictures"
"15","2020","Marriage Story","tt7653254","nominee","https://www.imdb.com/title/tt7653254","Heyday Films|Netflix"
"16","2020","Once Upon a Time... in Hollywood","tt7131622","nominee","https://www.imdb.com/title/tt7131622","Columbia Pictures|Bona Film Group|Heyday Films"
"17","2020","The Irishman","tt1302006","nominee","https://www.imdb.com/title/tt1302006","Tribeca Productions|Sikelia Productions|Winkler Films"
"18","2019","Green Book","tt6966692","winner","https://www.imdb.com/title/tt6966692","Participant|Dreamworks Pictures|Innisfree Pictures"
"19","2019","A Star Is Born","tt1517451","nominee","https://www.imdb.com/title/tt1517451","Warner Bros. Pictures|Live Nation Productions|Metro-Goldwyn-Mayer (MGM)"
"20","2019","BlacKkKlansman","tt7349662","nominee","https://www.imdb.com/title/tt7349662","Focus Features|Legendary Entertainment|Perfect World Pictures"
"21","2019","Black Panther","tt1825683","nominee","https://www.imdb.com/title/tt1825683","Marvel Studios|Walt Disney Pictures"
"22","2019","Bohemian Rhapsody","tt1727824","nominee","https://www.imdb.com/title/tt1727824","Twentieth Century Fox|New Regency Productions|GK Films"
"23","2019","Roma","tt6155172","nominee","https://www.imdb.com/title/tt6155172","Esperanto Filmoj|Pimienta Films"
"24","2019","The Favourite","tt5083738","nominee","https://www.imdb.com/title/tt5083738","Fox Searchlight Pictures|Film4|Waypoint Entertainment"
"25","2019","Vice","tt6266538","nominee","https://www.imdb.com/title/tt6266538","Annapurna Pictures|Gary Sanchez Productions|Plan B Entertainment"
"26","2018","The Shape of Water","tt5580390","winner","https://www.imdb.com/title/tt5580390","Double Dare You (DDY)|Fox Searchlight Pictures|TSG Entertainment"
"27","2018","Call Me by Your Name","tt5726616","nominee","https://www.imdb.com/title/tt5726616","Frenesy Film Company|La Cinéfacture|RT Features"
"28","2018","Darkest Hour","tt4555426","nominee","https://www.imdb.com/title/tt4555426","Focus Features|Perfect World Pictures|Working Title Films"
"29","2018","Dunkirk","tt5013056","nominee","https://www.imdb.com/title/tt5013056","Syncopy|Warner Bros.|Dombey Street Productions"
"30","2018","Get Out","tt5052448","nominee","https://www.imdb.com/title/tt5052448","Universal Pictures|Blumhouse Productions|QC Entertainment"
"31","2018","Lady Bird","tt4925292","nominee","https://www.imdb.com/title/tt4925292","IAC Films|Scott Rudin Productions|Entertainment 360"
"32","2018","Phantom Thread","tt5776858","nominee","https://www.imdb.com/title/tt5776858","Focus Features|Annapurna Pictures|Perfect World Pictures"
"33","2018","The Post","tt6294822","nominee","https://www.imdb.com/title/tt6294822","Twentieth Century Fox|Dreamworks Pictures|Reliance Entertainment"
"34","2018","Three Billboards Outside Ebbing, Missouri","tt5027774","nominee","https://www.imdb.com/title/tt5027774","Blueprint Pictures|Film 4|Fox Searchlight Pictures"
"35","2017","Moonlight","tt4975722","winner","https://www.imdb.com/title/tt4975722","A24|PASTEL|Plan B Entertainment"
"36","2017","Arrival","tt2543164","nominee","https://www.imdb.com/title/tt2543164","Lava Bear Films|FilmNation Entertainment|21 Laps Entertainment"
"37","2017","Fences","tt2671706","nominee","https://www.imdb.com/title/tt2671706","BRON Studios|Escape Artists|MACRO"
"38","2017","Hacksaw Ridge","tt2119532","nominee","https://www.imdb.com/title/tt2119532","Summit Entertainment|Cross Creek Pictures|Demarest Films"
"39","2017","Hell or High Water","tt2582782","nominee","https://www.imdb.com/title/tt2582782","CBS Films|Sidney Kimmel Entertainment|MWM Studios"
"40","2017","Hidden Figures","tt4846340","nominee","https://www.imdb.com/title/tt4846340","Fox 2000 Pictures|Chernin Entertainment|Levantine Films"
"41","2017","La La Land","tt3783958","nominee","https://www.imdb.com/title/tt3783958","Summit Entertainment|Black Label Media|TIK Films"
"42","2017","Lion","tt3741834","nominee","https://www.imdb.com/title/tt3741834","The Weinstein Company|Screen Australia|See-Saw Films"
"43","2017","Manchester by the Sea","tt4034228","nominee","https://www.imdb.com/title/tt4034228","Amazon Studios|K Period Media|Pearl Street Films"
"44","2016","Spotlight","tt1895587","winner","https://www.imdb.com/title/tt1895587","Participant|First Look Media|Anonymous Content"
"45","2016","Bridge of Spies","tt3682448","nominee","https://www.imdb.com/title/tt3682448","Dreamworks Pictures|Fox 2000 Pictures|Reliance Entertainment"
"46","2016","Brooklyn","tt2381111","nominee","https://www.imdb.com/title/tt2381111","Wildgaze Films|BBC Films|Parallel Film Productions"
"47","2016","Mad Max: Fury Road","tt1392190","nominee","https://www.imdb.com/title/tt1392190","Warner Bros.|Village Roadshow Pictures|Kennedy Miller Productions"
"48","2016","Room","tt3170832","nominee","https://www.imdb.com/title/tt3170832","Element Pictures|Film 4|FilmNation Entertainment"
"49","2016","The Big Short","tt1596363","nominee","https://www.imdb.com/title/tt1596363","Paramount Pictures|New Regency Productions|Plan B Entertainment"
"50","2016","The Martian","tt3659388","nominee","https://www.imdb.com/title/tt3659388","Twentieth Century Fox|TSG Entertainment|Scott Free Productions"
"51","2016","The Revenant","tt1663202","nominee","https://www.imdb.com/title/tt1663202","New Regency Productions|RatPac Entertainment|New Regency Productions"
"52","2015","Birdman or (The Unexpected Virtue of Ignorance)","tt2562232","winner","https://www.imdb.com/title/tt2562232","New Regency Productions|M Productions|Grisbi Productions, Le"
"53","2015","American Sniper","tt2179136","nominee","https://www.imdb.com/title/tt2179136","Warner Bros.|Village Roadshow Pictures|RatPac-Dune Entertainment"
"54","2015","Boyhood","tt1065073","nominee","https://www.imdb.com/title/tt1065073","IFC Productions|Detour Filmproduction"
"55","2015","Selma","tt1020072","nominee","https://www.imdb.com/title/tt1020072","Pathé|Harpo Films|Plan B Entertainment"
"56","2015","The Grand Budapest Hotel","tt2278388","nominee","https://www.imdb.com/title/tt2278388","Fox Searchlight Pictures|Indian Paintbrush|Studio Babelsberg"
"57","2015","The Imitation Game","tt2084970","nominee","https://www.imdb.com/title/tt2084970","Black Bear Pictures|FilmNation Entertainment|Bristol Automotive"
"58","2015","The Theory of Everything","tt2980516","nominee","https://www.imdb.com/title/tt2980516","Working Title Films|Dentsu Motion Pictures|Fuji Television Network"
"59","2015","Whiplash","tt2582802","nominee","https://www.imdb.com/title/tt2582802","Bold Films|Blumhouse Productions|Right of Way Films"
"60","2014","12 Years a Slave","tt2024544","winner","https://www.imdb.com/title/tt2024544","New Regency Productions|River Road Entertainment|Plan B Entertainment"
"61","2014","American Hustle","tt1800241","nominee","https://www.imdb.com/title/tt1800241","Columbia Pictures|Annapurna Pictures|Atlas Entertainment"
"62","2014","Captain Phillips","tt1535109","nominee","https://www.imdb.com/title/tt1535109","Scott Rudin Productions|Michael De Luca Productions|Trigger Street Productions"
"63","2014","Dallas Buyers Club","tt0790636","nominee","https://www.imdb.com/title/tt0790636","Truth Entertainment (II)|Voltage Pictures|r2 films"
"64","2014","Gravity","tt1454468","nominee","https://www.imdb.com/title/tt1454468","Warner Bros.|Esperanto Filmoj|Heyday Films"
"65","2014","Her","tt1798709","nominee","https://www.imdb.com/title/tt1798709","Annapurna Pictures|Stage 6 Films"
"66","2014","Nebraska","tt1821549","nominee","https://www.imdb.com/title/tt1821549","Paramount Vantage|FilmNation Entertainment|Blue Lake Media Fund"
"67","2014","Philomena","tt2431286","nominee","https://www.imdb.com/title/tt2431286","The Weinstein Company|Yucaipa Films|Pathé"
"68","2014","The Wolf of Wall Street","tt0993846","nominee","https://www.imdb.com/title/tt0993846","Red Granite Pictures|Appian Way|Sikelia Productions"
"69","2013","Argo","tt1024648","winner","https://www.imdb.com/title/tt1024648","Warner Bros.|GK Films|Smokehouse Pictures"
"70","2013","Amour","tt1602620","nominee","https://www.imdb.com/title/tt1602620","Les Films du Losange|X-Filme Creative Pool|Wega Film"
"71","2013","Beasts of the Southern Wild","tt2125435","nominee","https://www.imdb.com/title/tt2125435","Cinereach|Department of Motion Pictures|Court 13 Pictures"
"72","2013","Django Unchained","tt1853728","nominee","https://www.imdb.com/title/tt1853728","The Weinstein Company|Columbia Pictures"
"73","2013","Les Misérables","tt1707386","nominee","https://www.imdb.com/title/tt1707386","Universal Pictures|Working Title Films|Cameron Mackintosh Ltd."
"74","2013","Life of Pi","tt0454876","nominee","https://www.imdb.com/title/tt0454876","Fox 2000 Pictures|Dune Entertainment|Ingenious Media"
"75","2013","Lincoln","tt0443272","nominee","https://www.imdb.com/title/tt0443272","Dreamworks Pictures|Twentieth Century Fox|Reliance Entertainment"
"76","2013","Silver Linings Playbook","tt1045658","nominee","https://www.imdb.com/title/tt1045658","The Weinstein Company"
"77","2013","Zero Dark Thirty","tt1790885","nominee","https://www.imdb.com/title/tt1790885","Columbia Pictures|Annapurna Pictures|First Light Production"
"78","2012","The Artist","tt1655442","winner","https://www.imdb.com/title/tt1655442","Studio 37|La Petite Reine|La Classe Américaine"
"79","2012","Extremely Loud & Incredibly Close","tt0477302","nominee","https://www.imdb.com/title/tt0477302","Warner Bros.|Scott Rudin Productions|Paramount Pictures"
"80","2012","Hugo","tt0970179","nominee","https://www.imdb.com/title/tt0970179","Paramount Pictures|GK Films|Infinitum Nihil"
"81","2012","Midnight in Paris","tt1605783","nominee","https://www.imdb.com/title/tt1605783","Mediapro|Versátil Cinema|Gravier Productions"
"82","2012","Moneyball","tt1210166","nominee","https://www.imdb.com/title/tt1210166","Columbia Pictures|Scott Rudin Productions|Michael De Luca Productions"
"83","2012","The Descendants","tt1033575","nominee","https://www.imdb.com/title/tt1033575","Fox Searchlight Pictures|Ad Hominem Enterprises|Dune Entertainment"
"84","2012","The Help","tt1454029","nominee","https://www.imdb.com/title/tt1454029","DreamWorks|Dreamworks Pictures|Reliance Film & Entertainment"
"85","2012","The Tree of Life","tt0478304","nominee","https://www.imdb.com/title/tt0478304","Cottonwood Pictures|River Road Entertainment|Fox Searchlight Pictures"
"86","2012","War Horse","tt1568911","nominee","https://www.imdb.com/title/tt1568911","Dreamworks Pictures|Reliance Entertainment|Amblin Entertainment"
"87","2011","The King's Speech","tt1504320","winner","https://www.imdb.com/title/tt1504320","The Weinstein Company|UK Film Council|Momentum Pictures"
"88","2011","127 Hours","tt1542344","nominee","https://www.imdb.com/title/tt1542344","Fox Searchlight Pictures|Pathé|Everest Entertainment"
"89","2011","Black Swan","tt0947798","nominee","https://www.imdb.com/title/tt0947798","Fox Searchlight Pictures|Cross Creek Pictures|Protozoa Pictures"
"90","2011","Inception","tt1375666","nominee","https://www.imdb.com/title/tt1375666","Warner Bros.|Legendary Entertainment|Syncopy"
"91","2011","The Fighter","tt0964517","nominee","https://www.imdb.com/title/tt0964517","Closest to the Hole Productions|Fighter|Mandeville Films"
"92","2011","The Kids Are All Right","tt0842926","nominee","https://www.imdb.com/title/tt0842926","Focus Features|Gilbert Films|Saint Aire Production"
"93","2011","The Social Network","tt1285016","nominee","https://www.imdb.com/title/tt1285016","Columbia Pictures|Relativity Media|Scott Rudin Productions"
"94","2011","Toy Story 3","tt0435761","nominee","https://www.imdb.com/title/tt0435761","Walt Disney Pictures|Pixar Animation Studios"
"95","2011","True Grit","tt1403865","nominee","https://www.imdb.com/title/tt1403865","Paramount Pictures|Skydance Media|Scott Rudin Productions"
"96","2011","Winter's Bone","tt1399683","nominee","https://www.imdb.com/title/tt1399683","Anonymous Content|Winter's Bone Productions"
"97","2010","The Hurt Locker","tt0887912","winner","https://www.imdb.com/title/tt0887912","Voltage Pictures|Grosvenor Park Media|Film Capital Europe Funds (FCEF )"
"98","2010","A Serious Man","tt1019452","nominee","https://www.imdb.com/title/tt1019452","Focus Features|StudioCanal|Relativity Media"
"99","2010","An Education","tt1174732","nominee","https://www.imdb.com/title/tt1174732","BBC Films|Finola Dwyer Productions|Wildgaze Films"
"100","2010","Avatar","tt0499549","nominee","https://www.imdb.com/title/tt0499549","Twentieth Century Fox|Dune Entertainment|Lightstorm Entertainment"
"101","2010","District 9","tt1136608","nominee","https://www.imdb.com/title/tt1136608","TriStar Pictures|Block / Hanson|WingNut Films"
"102","2010","Inglourious Basterds","tt0361748","nominee","https://www.imdb.com/title/tt0361748","Universal Pictures|The Weinstein Company|A Band Apart"
"103","2010","Precious","tt0929632","nominee","https://www.imdb.com/title/tt0929632","Lionsgate|Lee Daniels Entertainment|Smokewood Entertainment Group"
"104","2010","The Blind Side","tt0878804","nominee","https://www.imdb.com/title/tt0878804","Alcon Entertainment|3 Arts Entertainment|Left Tackle Pictures"
"105","2010","Up","tt1049413","nominee","https://www.imdb.com/title/tt1049413","Pixar Animation Studios|Walt Disney Pictures"
"106","2010","Up in the Air","tt1193138","nominee","https://www.imdb.com/title/tt1193138","Paramount Pictures|Cold Spring Pictures|DreamWorks"
"107","2009","Slumdog Millionaire","tt1010048","winner","https://www.imdb.com/title/tt1010048","Celador Films|Film4|Fox Searchlight Pictures"
"108","2009","Frost/Nixon","tt0870111","nominee","https://www.imdb.com/title/tt0870111","Universal Pictures|Imagine Entertainment|Working Title Films"
"109","2009","Milk","tt1013753","nominee","https://www.imdb.com/title/tt1013753","Focus Features|Axon Films|Groundswell Productions"
"110","2009","The Curious Case of Benjamin Button","tt0421715","nominee","https://www.imdb.com/title/tt0421715","Warner Bros.|Paramount Pictures|The Kennedy/Marshall Company"
"111","2009","The Reader","tt0976051","nominee","https://www.imdb.com/title/tt0976051","The Weinstein Company|Mirage Enterprises|Studio Babelsberg"
"112","2008","No Country for Old Men","tt0477348","winner","https://www.imdb.com/title/tt0477348","Paramount Vantage|Miramax|Scott Rudin Productions"
"113","2008","Atonement","tt0783233","nominee","https://www.imdb.com/title/tt0783233","Universal Pictures|StudioCanal|Relativity Media"
"114","2008","Juno","tt0467406","nominee","https://www.imdb.com/title/tt0467406","Fox Searchlight Pictures|Mandate Pictures|Mr. Mudd"
"115","2008","Michael Clayton","tt0465538","nominee","https://www.imdb.com/title/tt0465538","Samuels Media|Castle Rock Entertainment|Mirage Enterprises"
"116","2008","There Will Be Blood","tt0469494","nominee","https://www.imdb.com/title/tt0469494","Paramount Vantage|Miramax|Ghoulardi Film Company"
"117","2007","The Departed","tt0407887","winner","https://www.imdb.com/title/tt0407887","Warner Bros.|Plan B Entertainment|Initial Entertainment Group (IEG)"
"118","2007","Babel","tt0449467","nominee","https://www.imdb.com/title/tt0449467","Paramount Pictures|Paramount Vantage|Anonymous Content"
"119","2007","Letters from Iwo Jima","tt0498380","nominee","https://www.imdb.com/title/tt0498380","Dreamworks Pictures|Warner Bros.|Malpaso Productions"
"120","2007","Little Miss Sunshine","tt0449059","nominee","https://www.imdb.com/title/tt0449059","Fox Searchlight Pictures|Big Beach Films|Bona Fide Productions"
"121","2007","The Queen","tt0436697","nominee","https://www.imdb.com/title/tt0436697","Pathé Pictures International|Pathé|Granada Film Productions"
"122","2006","Crash","tt0375679","winner","https://www.imdb.com/title/tt0375679","Bob Yari Productions|DEJ Productions|Blackfriars Bridge Films"
"123","2006","Brokeback Mountain","tt0388795","nominee","https://www.imdb.com/title/tt0388795","Focus Features|River Road Entertainment|Alberta Film Entertainment"
"124","2006","Capote","tt0379725","nominee","https://www.imdb.com/title/tt0379725","United Artists|Sony Pictures Classics|A-Line Pictures"
"125","2006","Good Night, and Good Luck.","tt0433383","nominee","https://www.imdb.com/title/tt0433383","Warner Independent Pictures (WIP)|2929 Productions|Participant"
"126","2006","Munich","tt0408306","nominee","https://www.imdb.com/title/tt0408306","Dreamworks Pictures|Universal Pictures|Amblin Entertainment"
"127","2005","Million Dollar Baby","tt0405159","winner","https://www.imdb.com/title/tt0405159","Warner Bros.|Lakeshore Entertainment|Malpaso Productions"
"128","2005","Finding Neverland","tt0308644","nominee","https://www.imdb.com/title/tt0308644","Miramax|FilmColony|Keylight Productions"
"129","2005","Ray","tt0350258","nominee","https://www.imdb.com/title/tt0350258","Universal Pictures|Bristol Bay Productions|Anvil Films"
"130","2005","Sideways","tt0375063","nominee","https://www.imdb.com/title/tt0375063","Fox Searchlight Pictures|Michael London Productions|Sideways Productions Inc."
"131","2005","The Aviator","tt0338751","nominee","https://www.imdb.com/title/tt0338751","Forward Pass|Appian Way|IMF Internationale Medien und Film GmbH & Co. 3. Produktions KG"
"132","2004","The Lord of the Rings: The Return of the King","tt0167260","winner","https://www.imdb.com/title/tt0167260","New Line Cinema|WingNut Films|The Saul Zaentz Company"
"133","2004","Lost in Translation","tt0335266","nominee","https://www.imdb.com/title/tt0335266","Focus Features|Tohokushinsha Film Corporation (TFC)|American Zoetrope"
"134","2004","Master and Commander: The Far Side of the World","tt0311113","nominee","https://www.imdb.com/title/tt0311113","Twentieth Century Fox|Miramax|Universal Pictures"
"135","2004","Mystic River","tt0327056","nominee","https://www.imdb.com/title/tt0327056","Warner Bros.|Village Roadshow Pictures|NPV Entertainment"
"136","2004","Seabiscuit","tt0329575","nominee","https://www.imdb.com/title/tt0329575","Universal Pictures|Dreamworks Pictures|Spyglass Entertainment"
"137","2003","Chicago","tt0299658","winner","https://www.imdb.com/title/tt0299658","Miramax|Producers Circle|Storyline Entertainment"
"138","2003","Gangs of New York","tt0217505","nominee","https://www.imdb.com/title/tt0217505","Miramax|Initial Entertainment Group (IEG)|Alberto Grimaldi Productions"
"139","2003","The Hours","tt0274558","nominee","https://www.imdb.com/title/tt0274558","Paramount Pictures|Miramax|Scott Rudin Productions"
"140","2003","The Lord of the Rings: The Two Towers","tt0167261","nominee","https://www.imdb.com/title/tt0167261","New Line Cinema|WingNut Films|The Saul Zaentz Company"
"141","2003","The Pianist","tt0253474","nominee","https://www.imdb.com/title/tt0253474","R.P. Productions|Heritage Films|Studio Babelsberg"
"142","2002","A Beautiful Mind","tt0268978","winner","https://www.imdb.com/title/tt0268978","Universal Pictures|Dreamworks Pictures|Imagine Entertainment"
"143","2002","Gosford Park","tt0280707","nominee","https://www.imdb.com/title/tt0280707","USA Films|Capitol Films|Film Council"
"144","2002","In the Bedroom","tt0247425","nominee","https://www.imdb.com/title/tt0247425","Good Machine|Standard Film Company|GreeneStreet Films"
"145","2002","Moulin Rouge!","tt0203009","nominee","https://www.imdb.com/title/tt0203009","Twentieth Century Fox|Bazmark Films"
"146","2002","The Lord of the Rings: The Fellowship of the Ring","tt0120737","nominee","https://www.imdb.com/title/tt0120737","New Line Cinema|WingNut Films|The Saul Zaentz Company"
"147","2001","Gladiator","tt0172495","winner","https://www.imdb.com/title/tt0172495","Dreamworks Pictures|Universal Pictures|Scott Free Productions"
"148","2001","Chocolat","tt0241303","nominee","https://www.imdb.com/title/tt0241303","Miramax|David Brown Productions|Fat Free"
"149","2001","Crouching Tiger, Hidden Dragon","tt0190332","nominee","https://www.imdb.com/title/tt0190332","Asia Union Film & Entertainment Ltd.|China Film Co-Production Corporation|Columbia Pictures Film Production Asia"
"150","2001","Erin Brockovich","tt0195685","nominee","https://www.imdb.com/title/tt0195685","Universal Pictures|Columbia Pictures|Jersey Films"
"151","2001","Traffic","tt0181865","nominee","https://www.imdb.com/title/tt0181865","Compulsion Inc.|Initial Entertainment Group (IEG)|Splendid Medien AG"
"152","2000","American Beauty","tt0169547","winner","https://www.imdb.com/title/tt0169547","Dreamworks Pictures|Jinks/Cohen Company"
"153","2000","The Cider House Rules","tt0124315","nominee","https://www.imdb.com/title/tt0124315","FilmColony|Miramax|Nina Saxon Film Design"
"154","2000","The Green Mile","tt0120689","nominee","https://www.imdb.com/title/tt0120689","Castle Rock Entertainment|Darkwoods Productions|Warner Bros."
"155","2000","The Insider","tt0140352","nominee","https://www.imdb.com/title/tt0140352","Touchstone Pictures|Forward Pass|Blue Lion Entertainment"
"156","2000","The Sixth Sense","tt0167404","nominee","https://www.imdb.com/title/tt0167404","Hollywood Pictures|Spyglass Entertainment|The Kennedy/Marshall Company"
"157","1999","Shakespeare in Love","tt0138097","winner","https://www.imdb.com/title/tt0138097","Universal Pictures|Miramax|The Bedford Falls Company"
"158","1999","Elizabeth","tt0127536","nominee","https://www.imdb.com/title/tt0127536","PolyGram Filmed Entertainment|Working Title Films|Channel Four Films"
"159","1999","Life Is Beautiful","tt0118799","nominee","https://www.imdb.com/title/tt0118799","Melampo Cinematografica|Cecchi Gori Group Tiger Cinematografica"
"160","1999","Saving Private Ryan","tt0120815","nominee","https://www.imdb.com/title/tt0120815","Dreamworks Pictures|Paramount Pictures|Amblin Entertainment"
"161","1999","The Thin Red Line","tt0120863","nominee","https://www.imdb.com/title/tt0120863","Fox 2000 Pictures|Geisler-Roberdeau|Phoenix Pictures"
"162","1998","Titanic","tt0120338","winner","https://www.imdb.com/title/tt0120338","Twentieth Century Fox|Paramount Pictures|Lightstorm Entertainment"
"163","1998","As Good as It Gets","tt0119822","nominee","https://www.imdb.com/title/tt0119822","TriStar Pictures|Gracie Films"
"164","1998","Good Will Hunting","tt0119217","nominee","https://www.imdb.com/title/tt0119217","Miramax|Be Gentlemen Limited Partnership|Lawrence Bender Productions"
"165","1998","L.A. Confidential","tt0119488","nominee","https://www.imdb.com/title/tt0119488","New Regency Productions|The Wolper Organization|Warner Bros."
"166","1998","The Full Monty","tt0119164","nominee","https://www.imdb.com/title/tt0119164","Redwave Films|Channel Four Films|Twentieth Century Fox"
"167","1997","The English Patient","tt0116209","winner","https://www.imdb.com/title/tt0116209","Miramax|Tiger Moth Productions"
"168","1997","Fargo","tt0116282","nominee","https://www.imdb.com/title/tt0116282","PolyGram Filmed Entertainment|Working Title Films"
"169","1997","Jerry Maguire","tt0116695","nominee","https://www.imdb.com/title/tt0116695","TriStar Pictures|Gracie Films"
"170","1997","Secrets & Lies","tt0117589","nominee","https://www.imdb.com/title/tt0117589","Channel Four Films|CiBy 2000|Thin Man Films"
"171","1997","Shine","tt0117631","nominee","https://www.imdb.com/title/tt0117631","Australian Film Finance Corporation (AFFC)|Film Victoria|Momentum Films"
"172","1996","Braveheart","tt0112573","winner","https://www.imdb.com/title/tt0112573","Icon Entertainment International|The Ladd Company|B.H. Finance C.V."
"173","1996","Apollo 13","tt0112384","nominee","https://www.imdb.com/title/tt0112384","Universal Pictures|Imagine Entertainment"
"174","1996","Babe","tt0112431","nominee","https://www.imdb.com/title/tt0112431","Universal Pictures|Kennedy Miller Productions"
"175","1996","Sense and Sensibility","tt0114388","nominee","https://www.imdb.com/title/tt0114388","Columbia Pictures|Mirage Enterprises"
"176","1996","The Postman","tt0110877","nominee","https://www.imdb.com/title/tt0110877","Cecchi Gori Group Tiger Cinematografica|Penta Film|Esterno Mediterraneo Film"
"177","1995","Forrest Gump","tt0109830","winner","https://www.imdb.com/title/tt0109830","Paramount Pictures|The Steve Tisch Company|Wendy Finerman Productions"
"178","1995","Four Weddings and a Funeral","tt0109831","nominee","https://www.imdb.com/title/tt0109831","PolyGram Filmed Entertainment|Channel Four Films|Working Title Films"
"179","1995","Pulp Fiction","tt0110912","nominee","https://www.imdb.com/title/tt0110912","Miramax|A Band Apart|Jersey Films"
"180","1995","Quiz Show","tt0110932","nominee","https://www.imdb.com/title/tt0110932","Baltimore Pictures|Hollywood Pictures|Wildwood Enterprises"
"181","1995","The Shawshank Redemption","tt0111161","nominee","https://www.imdb.com/title/tt0111161","Castle Rock Entertainment"
"182","1994","Schindler's List","tt0108052","winner","https://www.imdb.com/title/tt0108052","Universal Pictures|Amblin Entertainment"
"183","1994","In the Name of the Father","tt0107207","nominee","https://www.imdb.com/title/tt0107207","Hell's Kitchen Films|Universal Pictures"
"184","1994","The Fugitive","tt0106977","nominee","https://www.imdb.com/title/tt0106977","Warner Bros.|Kopelson Entertainment"
"185","1994","The Piano","tt0107822","nominee","https://www.imdb.com/title/tt0107822","CiBy 2000|Jan Chapman Productions|The Australian Film Commission"
"186","1994","The Remains of the Day","tt0107943","nominee","https://www.imdb.com/title/tt0107943","Columbia Pictures|Merchant Ivory Productions"
"187","1993","Unforgiven","tt0105695","winner","https://www.imdb.com/title/tt0105695","Warner Bros.|Malpaso Productions"
"188","1993","A Few Good Men","tt0104257","nominee","https://www.imdb.com/title/tt0104257","Columbia Pictures|Castle Rock Entertainment|David Brown Productions"
"189","1993","Howards End","tt0104454","nominee","https://www.imdb.com/title/tt0104454","Merchant Ivory Productions|Sumitomo Corporation|Imagica"
"190","1993","Scent of a Woman","tt0105323","nominee","https://www.imdb.com/title/tt0105323","Universal Pictures|City Light Films"
"191","1993","The Crying Game","tt0104036","nominee","https://www.imdb.com/title/tt0104036","Palace Pictures|Channel Four Films|Eurotrustees"
"192","1992","The Silence of the Lambs","tt0102926","winner","https://www.imdb.com/title/tt0102926","Strong Heart/Demme Production|Orion Pictures"
"193","1992","Beauty and the Beast","tt0101414","nominee","https://www.imdb.com/title/tt0101414","Walt Disney Pictures|Silver Screen Partners IV|Walt Disney Animation Studios"
"194","1992","Bugsy","tt0101516","nominee","https://www.imdb.com/title/tt0101516","TriStar Pictures|Mulholland Productions|Baltimore Pictures"
"195","1992","JFK","tt0102138","nominee","https://www.imdb.com/title/tt0102138","Warner Bros.|Canal+|New Regency Productions"
"196","1992","The Prince of Tides","tt0102713","nominee","https://www.imdb.com/title/tt0102713","Columbia Pictures|Barwood Films|Longfellow Pictures"
"197","1991","Dances with Wolves","tt0099348","winner","https://www.imdb.com/title/tt0099348","Tig Productions|Majestic Films International|Allied Filmmakers"
"198","1991","Awakenings","tt0099077","nominee","https://www.imdb.com/title/tt0099077","Columbia Pictures|Parkes/Lasker productions"
"199","1991","Ghost","tt0099653","nominee","https://www.imdb.com/title/tt0099653","Paramount Pictures|Howard W. Koch Productions"
"200","1991","Goodfellas","tt0099685","nominee","https://www.imdb.com/title/tt0099685","Warner Bros."
"201","1991","The Godfather: Part III","tt0099674","nominee","https://www.imdb.com/title/tt0099674","Paramount Pictures|Zoetrope Studios"
"202","1990","Driving Miss Daisy","tt0097239","winner","https://www.imdb.com/title/tt0097239","The Zanuck Company|Allied Filmmakers|Majestic Films International"
"203","1990","Born on the Fourth of July","tt0096969","nominee","https://www.imdb.com/title/tt0096969","Ixtlan"
"204","1990","Dead Poets Society","tt0097165","nominee","https://www.imdb.com/title/tt0097165","Touchstone Pictures|Silver Screen Partners IV|A Steven Haft Production"
"205","1990","Field of Dreams","tt0097351","nominee","https://www.imdb.com/title/tt0097351","Gordon Company"
"206","1990","My Left Foot","tt0097937","nominee","https://www.imdb.com/title/tt0097937","Ferndale Films|Granada Television|Hell's Kitchen Films"
"207","1989","Rain Man","tt0095953","winner","https://www.imdb.com/title/tt0095953","United Artists|The Guber-Peters Company|Star Partners II Ltd."
"208","1989","Dangerous Liaisons","tt0094947","nominee","https://www.imdb.com/title/tt0094947","Lorimar Film Entertainment|NFH Productions|Warner Bros."
"209","1989","Mississippi Burning","tt0095647","nominee","https://www.imdb.com/title/tt0095647","Orion Pictures"
"210","1989","The Accidental Tourist","tt0094606","nominee","https://www.imdb.com/title/tt0094606","Warner Bros."
"211","1989","Working Girl","tt0096463","nominee","https://www.imdb.com/title/tt0096463","Twentieth Century Fox"
"212","1988","The Last Emperor","tt0093389","winner","https://www.imdb.com/title/tt0093389","Recorded Picture Company (RPC)|Hemdale|Yanco Films Limited"
"213","1988","Broadcast News","tt0092699","nominee","https://www.imdb.com/title/tt0092699","Amercent Films|American Entertainment Partners L.P.|Gracie Films"
"214","1988","Fatal Attraction","tt0093010","nominee","https://www.imdb.com/title/tt0093010","Paramount Pictures"
"215","1988","Hope and Glory","tt0093209","nominee","https://www.imdb.com/title/tt0093209","Columbia Pictures|Nelson Entertainment|Goldcrest Films International"
"216","1988","Moonstruck","tt0093565","nominee","https://www.imdb.com/title/tt0093565","Metro-Goldwyn-Mayer (MGM)|Star Partners"
"217","1987","Platoon","tt0091763","winner","https://www.imdb.com/title/tt0091763","Hemdale|Cinema '84|Cinema 86"
"218","1987","A Room with a View","tt0091867","nominee","https://www.imdb.com/title/tt0091867","Goldcrest Films International|National Film Finance Corporation (NFFC)|Curzon Film Distributors"
"219","1987","Children of a Lesser God","tt0090830","nominee","https://www.imdb.com/title/tt0090830","Paramount Pictures"
"220","1987","Hannah and Her Sisters","tt0091167","nominee","https://www.imdb.com/title/tt0091167","Orion Pictures|Jack Rollins & Charles H. Joffe Productions"
"221","1987","The Mission","tt0091530","nominee","https://www.imdb.com/title/tt0091530","Warner Bros.|Goldcrest Films International|Kingsmere Productions Ltd."
"222","1986","Out of Africa","tt0089755","winner","https://www.imdb.com/title/tt0089755","Mirage Enterprises"
"223","1986","Kiss of the Spider Woman","tt0089424","nominee","https://www.imdb.com/title/tt0089424","HB Filmes|FilmDallas Pictures"
"224","1986","Prizzi's Honor","tt0089841","nominee","https://www.imdb.com/title/tt0089841","ABC Motion Pictures"
"225","1986","The Color Purple","tt0088939","nominee","https://www.imdb.com/title/tt0088939","Warner Bros.|Amblin Entertainment|The Guber-Peters Company"
"226","1986","Witness","tt0090329","nominee","https://www.imdb.com/title/tt0090329","Paramount Pictures|Edward S. Feldman Production"
"227","1985","Amadeus","tt0086879","winner","https://www.imdb.com/title/tt0086879","AMLF|The Saul Zaentz Company"
"228","1985","A Passage to India","tt0087892","nominee","https://www.imdb.com/title/tt0087892","EMI Films|Home Box Office (HBO)|Thorn EMI Screen Entertainment"
"229","1985","A Soldier's Story","tt0088146","nominee","https://www.imdb.com/title/tt0088146","Columbia Pictures|Caldix"
"230","1985","Places in the Heart","tt0087921","nominee","https://www.imdb.com/title/tt0087921","Delphi II Productions|TriStar Pictures"
"231","1985","The Killing Fields","tt0087553","nominee","https://www.imdb.com/title/tt0087553","Goldcrest Films International|International Film Investors|Enigma Productions"
"232","1984","Terms of Endearment","tt0086425","winner","https://www.imdb.com/title/tt0086425","Paramount Pictures"
"233","1984","Tender Mercies","tt0086423","nominee","https://www.imdb.com/title/tt0086423","Antron Media Production|EMI Films"
"234","1984","The Big Chill","tt0085244","nominee","https://www.imdb.com/title/tt0085244","Columbia Pictures|Carson Productions|Delphi Films"
"235","1984","The Dresser","tt0085461","nominee","https://www.imdb.com/title/tt0085461","Columbia Pictures|Goldcrest Films International|World Film Services"
"236","1984","The Right Stuff","tt0086197","nominee","https://www.imdb.com/title/tt0086197","The Ladd Company"
"237","1983","Gandhi","tt0083987","winner","https://www.imdb.com/title/tt0083987","International Film Investors|National Film Development Corporation of India (NFDC)|Goldcrest Films International"
"238","1983","E.T. the Extra-Terrestrial","tt0083866","nominee","https://www.imdb.com/title/tt0083866","Universal Pictures|Amblin Entertainment"
"239","1983","Missing","tt0084335","nominee","https://www.imdb.com/title/tt0084335","PolyGram Filmed Entertainment|Universal Pictures|Estudios Churubusco Azteca S.A."
"240","1983","The Verdict","tt0084855","nominee","https://www.imdb.com/title/tt0084855","Twentieth Century Fox"
"241","1983","Tootsie","tt0084805","nominee","https://www.imdb.com/title/tt0084805","Columbia Pictures|Mirage Enterprises|Punch Productions"
"242","1982","Chariots of Fire","tt0082158","winner","https://www.imdb.com/title/tt0082158","Enigma Productions|Allied Stars Ltd."
"243","1982","Atlantic City","tt0080388","nominee","https://www.imdb.com/title/tt0080388","International Cinema Corporation (ICC)|Selta Films|Canadian Film Development Corporation (CFDC)"
"244","1982","Indiana Jones and the Raiders of the Lost Ark","tt0082971","nominee","https://www.imdb.com/title/tt0082971","Paramount Pictures|Lucasfilm"
"245","1982","On Golden Pond","tt0082846","nominee","https://www.imdb.com/title/tt0082846","IPC Films|Incorporated Television Company (ITC)"
"246","1982","Reds","tt0082979","nominee","https://www.imdb.com/title/tt0082979","Barclays Mercantile Industrial Finance|JRS Productions"
"247","1981","Ordinary People","tt0081283","winner","https://www.imdb.com/title/tt0081283","Paramount Pictures|Wildwood Enterprises"
"248","1981","Coal Miner's Daughter","tt0080549","nominee","https://www.imdb.com/title/tt0080549","Universal Pictures"
"249","1981","Raging Bull","tt0081398","nominee","https://www.imdb.com/title/tt0081398","Chartoff-Winkler Productions"
"250","1981","Tess","tt0080009","nominee","https://www.imdb.com/title/tt0080009","Renn Productions|Timothy Burrill Productions|Société Française de Production (SFP)"
"251","1981","The Elephant Man","tt0080678","nominee","https://www.imdb.com/title/tt0080678","Brooksfilms"
"252","1980","Kramer vs. Kramer","tt0079417","winner","https://www.imdb.com/title/tt0079417","Columbia Pictures|Stanley Jaffe Production"
"253","1980","All That Jazz","tt0078754","nominee","https://www.imdb.com/title/tt0078754","Columbia Pictures|Twentieth Century Fox"
"254","1980","Apocalypse Now","tt0078788","nominee","https://www.imdb.com/title/tt0078788","American Zoetrope|Zoetrope Studios"
"255","1980","Breaking Away","tt0078902","nominee","https://www.imdb.com/title/tt0078902","Twentieth Century Fox"
"256","1980","Norma Rae","tt0079638","nominee","https://www.imdb.com/title/tt0079638","Twentieth Century Fox"
"257","1979","The Deer Hunter","tt0077416","winner","https://www.imdb.com/title/tt0077416","EMI Films|Universal Pictures"
"258","1979","An Unmarried Woman","tt0078444","nominee","https://www.imdb.com/title/tt0078444","Major Studio Partners|Twentieth Century Fox"
"259","1979","Coming Home","tt0077362","nominee","https://www.imdb.com/title/tt0077362","Jerome Hellman Productions|Jayne Productions Inc."
"260","1979","Heaven Can Wait","tt0077663","nominee","https://www.imdb.com/title/tt0077663","Paramount Pictures"
"261","1979","Midnight Express","tt0077928","nominee","https://www.imdb.com/title/tt0077928","Columbia Pictures|Casablanca Filmworks"
"262","1978","Annie Hall","tt0075686","winner","https://www.imdb.com/title/tt0075686","Jack Rollins & Charles H. Joffe Productions|Rollins-Joffe Productions"
"263","1978","Julia","tt0076245","nominee","https://www.imdb.com/title/tt0076245","Twentieth Century Fox"
"264","1978","Star Wars: Episode IV - A New Hope","tt0076759","nominee","https://www.imdb.com/title/tt0076759","Lucasfilm|Twentieth Century Fox"
"265","1978","The Goodbye Girl","tt0076095","nominee","https://www.imdb.com/title/tt0076095","Warner Bros.|Metro-Goldwyn-Mayer (MGM)|Rastar Pictures"
"266","1978","The Turning Point","tt0076843","nominee","https://www.imdb.com/title/tt0076843","Hera Productions|Major Studio Partners|Twentieth Century Fox"
"267","1977","Rocky","tt0075148","winner","https://www.imdb.com/title/tt0075148","Chartoff-Winkler Productions"
"268","1977","All the President's Men","tt0074119","nominee","https://www.imdb.com/title/tt0074119","Wildwood Enterprises"
"269","1977","Bound for Glory","tt0074235","nominee","https://www.imdb.com/title/tt0074235","Bound for Glory"
"270","1977","Network","tt0074958","nominee","https://www.imdb.com/title/tt0074958","Metro-Goldwyn-Mayer (MGM)"
"271","1977","Taxi Driver","tt0075314","nominee","https://www.imdb.com/title/tt0075314","Columbia Pictures|Columbia Pictures|Bill/Phillips"
"272","1976","One Flew Over the Cuckoo's Nest","tt0073486","winner","https://www.imdb.com/title/tt0073486","Fantasy Films|Bryna Productions|N.V. Zvaluw"
"273","1976","Barry Lyndon","tt0072684","nominee","https://www.imdb.com/title/tt0072684","Peregrine|Hawk Films|Warner Bros."
"274","1976","Dog Day Afternoon","tt0072890","nominee","https://www.imdb.com/title/tt0072890","Warner Bros.|Artists Entertainment Complex"
"275","1976","Jaws","tt0073195","nominee","https://www.imdb.com/title/tt0073195","Zanuck/Brown Productions|Universal Pictures"
"276","1976","Nashville","tt0073440","nominee","https://www.imdb.com/title/tt0073440","ABC Entertainment|American Broadcasting Company (ABC)|Paramount Pictures"
"277","1975","The Godfather: Part II","tt0071562","winner","https://www.imdb.com/title/tt0071562","Paramount Pictures|The Coppola Company|American Zoetrope"
"278","1975","Chinatown","tt0071315","nominee","https://www.imdb.com/title/tt0071315","Paramount Pictures|Penthouse Video|Long Road Productions"
"279","1975","Lenny","tt0071746","nominee","https://www.imdb.com/title/tt0071746","Marvin Worth Productions"
"280","1975","The Conversation","tt0071360","nominee","https://www.imdb.com/title/tt0071360","The Directors Company|The Coppola Company|American Zoetrope"
"281","1975","The Towering Inferno","tt0072308","nominee","https://www.imdb.com/title/tt0072308","Twentieth Century Fox|Warner Bros.|Irwin Allen Productions"
"282","1974","The Sting","tt0070735","winner","https://www.imdb.com/title/tt0070735","Zanuck/Brown Productions|Universal Pictures"
"283","1974","A Touch of Class","tt0070819","nominee","https://www.imdb.com/title/tt0070819","Brut Productions|Gordon Film Productions|Joseph E. Levine Productions"
"284","1974","American Graffiti","tt0069704","nominee","https://www.imdb.com/title/tt0069704","Universal Pictures|Lucasfilm|The Coppola Company"
"285","1974","Cries & Whispers","tt0069467","nominee","https://www.imdb.com/title/tt0069467","Cinematograph AB|Svenska Filminstitutet (SFI)"
"286","1974","The Exorcist","tt0070047","nominee","https://www.imdb.com/title/tt0070047","Warner Bros.|Hoya Productions"
"287","1973","The Godfather","tt0068646","winner","https://www.imdb.com/title/tt0068646","Paramount Pictures|Alfran Productions"
"288","1973","Cabaret","tt0068327","nominee","https://www.imdb.com/title/tt0068327","Allied Artists Pictures|ABC Pictures|A Feuer and Martin Production"
"289","1973","Deliverance","tt0068473","nominee","https://www.imdb.com/title/tt0068473","Warner Bros.|Elmer Enterprises"
"290","1973","Sounder","tt0069303","nominee","https://www.imdb.com/title/tt0069303","Radnitz/Mattel Productions|Rainbow Group"
"291","1973","The Emigrants","tt0067919","nominee","https://www.imdb.com/title/tt0067919","Svensk Filmindustri (SF)"
"292","1972","The French Connection","tt0067116","winner","https://www.imdb.com/title/tt0067116","Twentieth Century Fox|Philip D'Antoni Productions|Schine-Moore Productions"
"293","1972","A Clockwork Orange","tt0066921","nominee","https://www.imdb.com/title/tt0066921","Warner Bros.|Polaris Productions|Hawk Films"
"294","1972","Fiddler on the Roof","tt0067093","nominee","https://www.imdb.com/title/tt0067093","The Mirisch Production Company|Cartier Productions"
"295","1972","Nicholas and Alexandra","tt0067483","nominee","https://www.imdb.com/title/tt0067483","Horizon Pictures (II)"
"296","1972","The Last Picture Show","tt0067328","nominee","https://www.imdb.com/title/tt0067328","Columbia Pictures|BBS Productions|Last Picture Show Productions"
"297","1971","Patton","tt0066206","winner","https://www.imdb.com/title/tt0066206","Twentieth Century Fox"
"298","1971","Airport","tt0065377","nominee","https://www.imdb.com/title/tt0065377","Ross Hunter Productions"
"299","1971","Five Easy Pieces","tt0065724","nominee","https://www.imdb.com/title/tt0065724","BBS Productions|Columbia Pictures|Five Easy Pieces Productions"
"300","1971","Love Story","tt0066011","nominee","https://www.imdb.com/title/tt0066011","Paramount Pictures|Love Story Company"
"301","1971","MASH","tt0066026","nominee","https://www.imdb.com/title/tt0066026","Aspen Productions (I)|Ingo Preminger Productions"
"302","1970","Midnight Cowboy","tt0064665","winner","https://www.imdb.com/title/tt0064665","Jerome Hellman Productions|Florin Productions"
"303","1970","Anne of the Thousand Days","tt0064030","nominee","https://www.imdb.com/title/tt0064030","Hal Wallis Productions"
"304","1970","Butch Cassidy and the Sundance Kid","tt0064115","nominee","https://www.imdb.com/title/tt0064115","Campanile Productions|George Roy Hill-Paul Monash Production|Newman-Foreman Company"
"305","1970","Hello, Dolly!","tt0064418","nominee","https://www.imdb.com/title/tt0064418","Chenault Productions|Twentieth Century Fox"
"306","1970","Z","tt0065234","nominee","https://www.imdb.com/title/tt0065234","Valoria Films|Reggane Films|Office National pour le Commerce et l'Industrie Cinématographique (ONCIC)"
"307","1969","Oliver!","tt0063385","winner","https://www.imdb.com/title/tt0063385","Romulus Films|Warwick Film Productions"
"308","1969","Funny Girl","tt0062994","nominee","https://www.imdb.com/title/tt0062994","Columbia Pictures|Rastar Productions"
"309","1969","Rachel, Rachel","tt0063483","nominee","https://www.imdb.com/title/tt0063483","Kayos Productions"
"310","1969","Romeo and Juliet","tt0063518","nominee","https://www.imdb.com/title/tt0063518","BHE Films|Verona Produzione|Dino de Laurentiis Cinematografica"
"311","1969","The Lion in Winter","tt0063227","nominee","https://www.imdb.com/title/tt0063227","Haworth Productions"
"312","1968","In the Heat of the Night","tt0061811","winner","https://www.imdb.com/title/tt0061811","The Mirisch Corporation"
"313","1968","Bonnie and Clyde","tt0061418","nominee","https://www.imdb.com/title/tt0061418","Warner Bros./Seven Arts|Tatira-Hiller Productions"
"314","1968","Doctor Dolittle","tt0061584","nominee","https://www.imdb.com/title/tt0061584","APJAC Productions|Twentieth Century Fox"
"315","1968","Guess Who's Coming to Dinner","tt0061735","nominee","https://www.imdb.com/title/tt0061735","Columbia Pictures|Stanley Kramer Productions"
"316","1968","The Graduate","tt0061722","nominee","https://www.imdb.com/title/tt0061722","Lawrence Truman Productions"
"317","1967","A Man for All Seasons","tt0060665","winner","https://www.imdb.com/title/tt0060665","Highland Films"
"318","1967","Alfie","tt0060086","nominee","https://www.imdb.com/title/tt0060086","Lewis Gilbert|Sheldrake Films"
"319","1967","The Russians Are Coming the Russians Are Coming","tt0060921","nominee","https://www.imdb.com/title/tt0060921","The Mirisch Corporation"
"320","1967","The Sand Pebbles","tt0060934","nominee","https://www.imdb.com/title/tt0060934","Argyle Enterprises|Solar Productions|Robert Wise Productions"
"321","1967","Who's Afraid of Virginia Woolf?","tt0061184","nominee","https://www.imdb.com/title/tt0061184","Warner Bros.|Chenault Productions"
"322","1966","The Sound of Music","tt0059742","winner","https://www.imdb.com/title/tt0059742","Robert Wise Productions|Argyle Enterprises"
"323","1966","A Thousand Clowns","tt0059798","nominee","https://www.imdb.com/title/tt0059798","Harrell"
"324","1966","Darling","tt0059084","nominee","https://www.imdb.com/title/tt0059084","Joseph Janni Production|Vic Films Productions|Appia Films Ltd."
"325","1966","Doctor Zhivago","tt0059113","nominee","https://www.imdb.com/title/tt0059113","Metro-Goldwyn-Mayer (MGM)|Carlo Ponti Production|Sostar S.A."
"326","1966","Ship of Fools","tt0059712","nominee","https://www.imdb.com/title/tt0059712","Stanley Kramer Productions"
"327","1965","My Fair Lady","tt0058385","winner","https://www.imdb.com/title/tt0058385","Warner Bros."
"328","1965","Becket","tt0057877","nominee","https://www.imdb.com/title/tt0057877","Wallis-Hazen|Paramount Film Service|Keep Films"
"329","1965","Dr. Strangelove or: How I Learned to Stop Worrying and Love the Bomb","tt0057012","nominee","https://www.imdb.com/title/tt0057012","Columbia Pictures|Hawk Films"
"330","1965","Mary Poppins","tt0058331","nominee","https://www.imdb.com/title/tt0058331","Walt Disney Productions"
"331","1965","Zorba the Greek","tt0057831","nominee","https://www.imdb.com/title/tt0057831","Twentieth Century Fox"
"332","1964","Tom Jones","tt0057590","winner","https://www.imdb.com/title/tt0057590","Woodfall Film Productions"
"333","1964","America America","tt0056825","nominee","https://www.imdb.com/title/tt0056825","Athena Enterprises|Warner Bros."
"334","1964","Cleopatra","tt0056937","nominee","https://www.imdb.com/title/tt0056937","Twentieth Century Fox|MCL Films S.A.|Walwa Films S.A."
"335","1964","How the West Was Won","tt0056085","nominee","https://www.imdb.com/title/tt0056085","Metro-Goldwyn-Mayer (MGM)|Cinerama Productions Corp."
"336","1964","Lilies of the Field","tt0057251","nominee","https://www.imdb.com/title/tt0057251","Rainbow Productions"
"337","1963","Lawrence of Arabia","tt0056172","winner","https://www.imdb.com/title/tt0056172","Horizon Pictures (II)"
"338","1963","Mutiny on the Bounty","tt0056264","nominee","https://www.imdb.com/title/tt0056264","Arcola Pictures"
"339","1963","The Longest Day","tt0056197","nominee","https://www.imdb.com/title/tt0056197","Darryl F. Zanuck Productions"
"340","1963","The Music Man","tt0056262","nominee","https://www.imdb.com/title/tt0056262","Warner Bros."
"341","1963","To Kill a Mockingbird","tt0056592","nominee","https://www.imdb.com/title/tt0056592","Pakula-Mulligan|Brentwood Productions"
"342","1962","West Side Story","tt0055614","winner","https://www.imdb.com/title/tt0055614","The Mirisch Corporation|Seven Arts Productions"
"343","1962","Fanny","tt0054866","nominee","https://www.imdb.com/title/tt0054866","Warner Bros.|Mansfield Productions"
"344","1962","Judgment at Nuremberg","tt0055031","nominee","https://www.imdb.com/title/tt0055031","Roxlom Films Inc."
"345","1962","The Guns of Navarone","tt0054953","nominee","https://www.imdb.com/title/tt0054953","Highroad Productions"
"346","1962","The Hustler","tt0054997","nominee","https://www.imdb.com/title/tt0054997","Rossen Films"
"347","1961","The Apartment","tt0053604","winner","https://www.imdb.com/title/tt0053604","The Mirisch Corporation"
"348","1961","Elmer Gantry","tt0053793","nominee","https://www.imdb.com/title/tt0053793","Elmer Gantry Productions"
"349","1961","Sons and Lovers","tt0054326","nominee","https://www.imdb.com/title/tt0054326","Jerry Wald Productions"
"350","1961","The Alamo","tt0053580","nominee","https://www.imdb.com/title/tt0053580","Batjac Productions|The Alamo Company"
"351","1961","The Sundowners","tt0054353","nominee","https://www.imdb.com/title/tt0054353","Warner Bros. Productions"
"352","1960","Ben-Hur","tt0052618","winner","https://www.imdb.com/title/tt0052618","Metro-Goldwyn-Mayer (MGM)"
"353","1960","Anatomy of a Murder","tt0052561","nominee","https://www.imdb.com/title/tt0052561","Otto Preminger Films"
"354","1960","Room at the Top","tt0053226","nominee","https://www.imdb.com/title/tt0053226","Romulus Films|Remus"
"355","1960","The Diary of Anne Frank","tt0052738","nominee","https://www.imdb.com/title/tt0052738","George Stevens Productions"
"356","1960","The Nun's Story","tt0053131","nominee","https://www.imdb.com/title/tt0053131","Warner Bros."
"357","1959","Gigi","tt0051658","winner","https://www.imdb.com/title/tt0051658","Metro-Goldwyn-Mayer (MGM)"
"358","1959","Auntie Mame","tt0051383","nominee","https://www.imdb.com/title/tt0051383","Warner Bros."
"359","1959","Cat on a Hot Tin Roof","tt0051459","nominee","https://www.imdb.com/title/tt0051459","Avon Productions (II)"
"360","1959","Separate Tables","tt0052182","nominee","https://www.imdb.com/title/tt0052182","Hecht-Hill-Lancaster Productions|Clifton Productions"
"361","1959","The Defiant Ones","tt0051525","nominee","https://www.imdb.com/title/tt0051525","Lomitas Productions|Curtleigh Productions"
"362","1958","The Bridge on the River Kwai","tt0050212","winner","https://www.imdb.com/title/tt0050212","Horizon Pictures (II)"
"363","1958","12 Angry Men","tt0050083","nominee","https://www.imdb.com/title/tt0050083","Orion-Nova Productions"
"364","1958","Peyton Place","tt0050839","nominee","https://www.imdb.com/title/tt0050839","Twentieth Century Fox|Jerry Wald Productions"
"365","1958","Sayonara","tt0050933","nominee","https://www.imdb.com/title/tt0050933","Pennebaker Productions|William Goetz Productions"
"366","1958","Witness for the Prosecution","tt0051201","nominee","https://www.imdb.com/title/tt0051201","Edward Small Productions"
"367","1957","Around the World in 80 Days","tt0048960","winner","https://www.imdb.com/title/tt0048960","Michael Todd Company"
"368","1957","Friendly Persuasion","tt0049233","nominee","https://www.imdb.com/title/tt0049233","Allied Artists Pictures|B-M Productions"
"369","1957","Giant","tt0049261","nominee","https://www.imdb.com/title/tt0049261","George Stevens Productions"
"370","1957","The King and I","tt0049408","nominee","https://www.imdb.com/title/tt0049408","Twentieth Century Fox"
"371","1957","The Ten Commandments","tt0049833","nominee","https://www.imdb.com/title/tt0049833","Motion Picture Associates (II)"
"372","1956","Marty","tt0048356","winner","https://www.imdb.com/title/tt0048356","Hecht-Lancaster Productions|Steven Productions"
"373","1956","Love Is a Many-Splendored Thing","tt0048316","nominee","https://www.imdb.com/title/tt0048316","Twentieth Century Fox"
"374","1956","Mister Roberts","tt0048380","nominee","https://www.imdb.com/title/tt0048380","Orange Productions"
"375","1956","Picnic","tt0048491","nominee","https://www.imdb.com/title/tt0048491","Columbia Pictures"
"376","1956","The Rose Tattoo","tt0048563","nominee","https://www.imdb.com/title/tt0048563","Hal Wallis Productions"
"377","1955","On the Waterfront","tt0047296","winner","https://www.imdb.com/title/tt0047296","Horizon Pictures"
"378","1955","Seven Brides for Seven Brothers","tt0047472","nominee","https://www.imdb.com/title/tt0047472","Metro-Goldwyn-Mayer (MGM)"
"379","1955","The Caine Mutiny","tt0046816","nominee","https://www.imdb.com/title/tt0046816","Columbia Pictures"
"380","1955","The Country Girl","tt0046874","nominee","https://www.imdb.com/title/tt0046874","Perlberg-Seaton Productions"
"381","1955","Three Coins in the Fountain","tt0047580","nominee","https://www.imdb.com/title/tt0047580","Twentieth Century Fox"
"382","1954","From Here to Eternity","tt0045793","winner","https://www.imdb.com/title/tt0045793","Columbia Pictures"
"383","1954","Julius Caesar","tt0045943","nominee","https://www.imdb.com/title/tt0045943","Metro-Goldwyn-Mayer (MGM)"
"384","1954","Roman Holiday","tt0046250","nominee","https://www.imdb.com/title/tt0046250","Paramount Pictures"
"385","1954","Shane","tt0046303","nominee","https://www.imdb.com/title/tt0046303","Paramount Pictures"
"386","1954","The Robe","tt0046247","nominee","https://www.imdb.com/title/tt0046247","Twentieth Century Fox"
"387","1953","The Greatest Show on Earth","tt0044672","winner","https://www.imdb.com/title/tt0044672","Paramount Pictures"
"388","1953","High Noon","tt0044706","nominee","https://www.imdb.com/title/tt0044706","Stanley Kramer Productions"
"389","1953","Ivanhoe","tt0044760","nominee","https://www.imdb.com/title/tt0044760","Metro-Goldwyn-Mayer (MGM)"
"390","1953","Moulin Rouge","tt0044926","nominee","https://www.imdb.com/title/tt0044926","Romulus Films|Moulin Productions Inc."
"391","1953","The Quiet Man","tt0045061","nominee","https://www.imdb.com/title/tt0045061","Argosy Pictures"
"392","1952","An American in Paris","tt0043278","winner","https://www.imdb.com/title/tt0043278","Metro-Goldwyn-Mayer (MGM)"
"393","1952","A Place in the Sun","tt0043924","nominee","https://www.imdb.com/title/tt0043924","Paramount Pictures"
"394","1952","A Streetcar Named Desire","tt0044081","nominee","https://www.imdb.com/title/tt0044081","Charles K. Feldman Group|Warner Bros."
"395","1952","Decision Before Dawn","tt0043459","nominee","https://www.imdb.com/title/tt0043459","Twentieth Century Fox|Bavaria Film"
"396","1952","Quo Vadis","tt0043949","nominee","https://www.imdb.com/title/tt0043949","Metro-Goldwyn-Mayer (MGM)"
"397","1951","All About Eve","tt0042192","winner","https://www.imdb.com/title/tt0042192","Twentieth Century Fox"
"398","1951","Born Yesterday","tt0042276","nominee","https://www.imdb.com/title/tt0042276","Columbia Pictures"
"399","1951","Father of the Bride","tt0042451","nominee","https://www.imdb.com/title/tt0042451","Metro-Goldwyn-Mayer (MGM)"
"400","1951","King Solomon's Mines","tt0042646","nominee","https://www.imdb.com/title/tt0042646","Metro-Goldwyn-Mayer (MGM)"
"401","1951","Sunset Blvd.","tt0043014","nominee","https://www.imdb.com/title/tt0043014","Paramount Pictures"
"402","1950","All the King's Men","tt0041113","winner","https://www.imdb.com/title/tt0041113","Columbia Pictures"
"403","1950","A Letter to Three Wives","tt0041587","nominee","https://www.imdb.com/title/tt0041587","Twentieth Century Fox"
"404","1950","Battleground","tt0041163","nominee","https://www.imdb.com/title/tt0041163","Metro-Goldwyn-Mayer (MGM)"
"405","1950","The Heiress","tt0041452","nominee","https://www.imdb.com/title/tt0041452","Paramount Pictures"
"406","1950","Twelve O'Clock High","tt0041996","nominee","https://www.imdb.com/title/tt0041996","Twentieth Century Fox"
"407","1949","Hamlet","tt0040416","winner","https://www.imdb.com/title/tt0040416","Two Cities Films"
"408","1949","Johnny Belinda","tt0040495","nominee","https://www.imdb.com/title/tt0040495","Warner Bros."
"409","1949","The Red Shoes","tt0040725","nominee","https://www.imdb.com/title/tt0040725","The Archers|Independent Producers"
"410","1949","The Snake Pit","tt0040806","nominee","https://www.imdb.com/title/tt0040806","Twentieth Century Fox"
"411","1949","The Treasure of the Sierra Madre","tt0040897","nominee","https://www.imdb.com/title/tt0040897","Warner Bros."
"412","1948","Gentleman's Agreement","tt0039416","winner","https://www.imdb.com/title/tt0039416","Twentieth Century Fox"
"413","1948","Crossfire","tt0039286","nominee","https://www.imdb.com/title/tt0039286","RKO Radio Pictures"
"414","1948","Great Expectations","tt0038574","nominee","https://www.imdb.com/title/tt0038574","Cineguild"
"415","1948","Miracle on 34th Street","tt0039628","nominee","https://www.imdb.com/title/tt0039628","Twentieth Century Fox"
"416","1948","The Bishop's Wife","tt0039190","nominee","https://www.imdb.com/title/tt0039190","The Samuel Goldwyn Company"
"417","1947","The Best Years of Our Lives","tt0036868","winner","https://www.imdb.com/title/tt0036868","The Samuel Goldwyn Company"
"418","1947","Henry V","tt0036910","nominee","https://www.imdb.com/title/tt0036910","Two Cities Films"
"419","1947","It's a Wonderful Life","tt0038650","nominee","https://www.imdb.com/title/tt0038650","Liberty Films (II)"
"420","1947","The Razor's Edge","tt0038873","nominee","https://www.imdb.com/title/tt0038873","Twentieth Century Fox"
"421","1947","The Yearling","tt0039111","nominee","https://www.imdb.com/title/tt0039111","Metro-Goldwyn-Mayer (MGM)"
"422","1946","The Lost Weekend","tt0037884","winner","https://www.imdb.com/title/tt0037884","Paramount Pictures"
"423","1946","Anchors Aweigh","tt0037514","nominee","https://www.imdb.com/title/tt0037514","Metro-Goldwyn-Mayer (MGM)|Loew's"
"424","1946","Mildred Pierce","tt0037913","nominee","https://www.imdb.com/title/tt0037913","Warner Bros."
"425","1946","Spellbound","tt0038109","nominee","https://www.imdb.com/title/tt0038109","Selznick International Pictures|Vanguard Films"
"426","1946","The Bells of St. Mary's","tt0037536","nominee","https://www.imdb.com/title/tt0037536","Rainbow Productions"
"427","1945","Going My Way","tt0036872","winner","https://www.imdb.com/title/tt0036872","Paramount Pictures"
"428","1945","Double Indemnity","tt0036775","nominee","https://www.imdb.com/title/tt0036775","Paramount Pictures"
"429","1945","Gaslight","tt0036855","nominee","https://www.imdb.com/title/tt0036855","Metro-Goldwyn-Mayer (MGM)"
"430","1945","Since You Went Away","tt0037280","nominee","https://www.imdb.com/title/tt0037280","Selznick International Pictures|Vanguard Films"
"431","1945","Wilson","tt0037465","nominee","https://www.imdb.com/title/tt0037465","Twentieth Century Fox"
"432","1944","Casablanca","tt0034583","winner","https://www.imdb.com/title/tt0034583","Warner Bros."
"433","1944","For Whom the Bell Tolls","tt0035896","nominee","https://www.imdb.com/title/tt0035896","Paramount Pictures"
"434","1944","Heaven Can Wait","tt0035979","nominee","https://www.imdb.com/title/tt0035979","Twentieth Century Fox"
"435","1944","In Which We Serve","tt0034891","nominee","https://www.imdb.com/title/tt0034891","Two Cities Films|The London Symphony Orchestra (LSO)"
"436","1944","Madame Curie","tt0036126","nominee","https://www.imdb.com/title/tt0036126","Metro-Goldwyn-Mayer (MGM)"
"437","1944","The Human Comedy","tt0036022","nominee","https://www.imdb.com/title/tt0036022","Metro-Goldwyn-Mayer (MGM)"
"438","1944","The More the Merrier","tt0036172","nominee","https://www.imdb.com/title/tt0036172","Columbia Pictures"
"439","1944","The Ox-Bow Incident","tt0036244","nominee","https://www.imdb.com/title/tt0036244","Twentieth Century Fox"
"440","1944","The Song of Bernadette","tt0036377","nominee","https://www.imdb.com/title/tt0036377","Twentieth Century Fox"
"441","1944","Watch on the Rhine","tt0036515","nominee","https://www.imdb.com/title/tt0036515","Warner Bros."
"442","1943","Mrs. Miniver","tt0035093","winner","https://www.imdb.com/title/tt0035093","Metro-Goldwyn-Mayer (MGM)"
"443","1943","49th Parallel","tt0033627","nominee","https://www.imdb.com/title/tt0033627","Ortus Films"
"444","1943","Kings Row","tt0034946","nominee","https://www.imdb.com/title/tt0034946","Warner Bros."
"445","1943","Random Harvest","tt0035238","nominee","https://www.imdb.com/title/tt0035238","Metro-Goldwyn-Mayer (MGM)"
"446","1943","The Magnificent Ambersons","tt0035015","nominee","https://www.imdb.com/title/tt0035015","Mercury Productions"
"447","1943","The Pied Piper","tt0035189","nominee","https://www.imdb.com/title/tt0035189","Twentieth Century Fox"
"448","1943","The Pride of the Yankees","tt0035211","nominee","https://www.imdb.com/title/tt0035211","The Samuel Goldwyn Company"
"449","1943","The Talk of the Town","tt0035417","nominee","https://www.imdb.com/title/tt0035417","Columbia Pictures"
"450","1943","Wake Island","tt0035530","nominee","https://www.imdb.com/title/tt0035530","Paramount Pictures"
"451","1943","Yankee Doodle Dandy","tt0035575","nominee","https://www.imdb.com/title/tt0035575","Warner Bros."
"452","1942","How Green Was My Valley","tt0033729","winner","https://www.imdb.com/title/tt0033729","Twentieth Century Fox"
"453","1942","Blossoms in the Dust","tt0033407","nominee","https://www.imdb.com/title/tt0033407","Metro-Goldwyn-Mayer (MGM)|Mervyn LeRoy Productions Inc."
"454","1942","Citizen Kane","tt0033467","nominee","https://www.imdb.com/title/tt0033467","RKO Radio Pictures|Mercury Productions"
"455","1942","Here Comes Mr. Jordan","tt0033712","nominee","https://www.imdb.com/title/tt0033712","Columbia Pictures"
"456","1942","Hold Back the Dawn","tt0033722","nominee","https://www.imdb.com/title/tt0033722","Paramount Pictures"
"457","1942","One Foot in Heaven","tt0033980","nominee","https://www.imdb.com/title/tt0033980","Warner Bros."
"458","1942","Sergeant York","tt0034167","nominee","https://www.imdb.com/title/tt0034167","Warner Bros."
"459","1942","Suspicion","tt0034248","nominee","https://www.imdb.com/title/tt0034248","RKO Radio Pictures"
"460","1942","The Little Foxes","tt0033836","nominee","https://www.imdb.com/title/tt0033836","The Samuel Goldwyn Company"
"461","1942","The Maltese Falcon","tt0033870","nominee","https://www.imdb.com/title/tt0033870","Warner Bros."
"462","1941","Rebecca","tt0032976","winner","https://www.imdb.com/title/tt0032976","Selznick International Pictures"
"463","1941","All This, and Heaven Too","tt0032194","nominee","https://www.imdb.com/title/tt0032194","Warner Bros."
"464","1941","Foreign Correspondent","tt0032484","nominee","https://www.imdb.com/title/tt0032484","Walter Wanger Productions"
"465","1941","Kitty Foyle","tt0032671","nominee","https://www.imdb.com/title/tt0032671","RKO Radio Pictures"
"466","1941","Our Town","tt0032881","nominee","https://www.imdb.com/title/tt0032881","Sol Lesser Productions|Principal Artists Productions"
"467","1941","The Grapes of Wrath","tt0032551","nominee","https://www.imdb.com/title/tt0032551","Twentieth Century Fox"
"468","1941","The Great Dictator","tt0032553","nominee","https://www.imdb.com/title/tt0032553","Charles Chaplin Productions"
"469","1941","The Letter","tt0032701","nominee","https://www.imdb.com/title/tt0032701","Warner Bros."
"470","1941","The Long Voyage Home","tt0032728","nominee","https://www.imdb.com/title/tt0032728","Argosy Pictures|Walter Wanger Productions"
"471","1941","The Philadelphia Story","tt0032904","nominee","https://www.imdb.com/title/tt0032904","Metro-Goldwyn-Mayer (MGM)"
"472","1940","Gone with the Wind","tt0031381","winner","https://www.imdb.com/title/tt0031381","Selznick International Pictures|Metro-Goldwyn-Mayer (MGM)"
"473","1940","Dark Victory","tt0031210","nominee","https://www.imdb.com/title/tt0031210","Warner Bros."
"474","1940","Goodbye, Mr. Chips","tt0031385","nominee","https://www.imdb.com/title/tt0031385","Metro-Goldwyn-Mayer British Studios"
"475","1940","Love Affair","tt0031593","nominee","https://www.imdb.com/title/tt0031593","RKO Radio Pictures"
"476","1940","Mr. Smith Goes to Washington","tt0031679","nominee","https://www.imdb.com/title/tt0031679","Columbia Pictures"
"477","1940","Ninotchka","tt0031725","nominee","https://www.imdb.com/title/tt0031725","Metro-Goldwyn-Mayer (MGM)"
"478","1940","Of Mice and Men","tt0031742","nominee","https://www.imdb.com/title/tt0031742","Hal Roach Studios"
"479","1940","Stagecoach","tt0031971","nominee","https://www.imdb.com/title/tt0031971","Walter Wanger Productions"
"480","1940","The Wizard of Oz","tt0032138","nominee","https://www.imdb.com/title/tt0032138","Metro-Goldwyn-Mayer (MGM)"
"481","1940","Wuthering Heights","tt0032145","nominee","https://www.imdb.com/title/tt0032145","The Samuel Goldwyn Company"
"482","1939","You Can't Take It with You","tt0030993","winner","https://www.imdb.com/title/tt0030993","Columbia Pictures"
"483","1939","Alexander's Ragtime Band","tt0029852","nominee","https://www.imdb.com/title/tt0029852","Twentieth Century Fox"
"484","1939","Boys Town","tt0029942","nominee","https://www.imdb.com/title/tt0029942","Metro-Goldwyn-Mayer (MGM)"
"485","1939","Four Daughters","tt0030149","nominee","https://www.imdb.com/title/tt0030149","Warner Bros."
"486","1939","Jezebel","tt0030287","nominee","https://www.imdb.com/title/tt0030287","Warner Bros."
"487","1939","La grande illusion","tt0028950","nominee","https://www.imdb.com/title/tt0028950","Réalisation d'art cinématographique (RAC)"
"488","1939","Pygmalion","tt0030637","nominee","https://www.imdb.com/title/tt0030637","Pascal Film Productions"
"489","1939","Test Pilot","tt0030848","nominee","https://www.imdb.com/title/tt0030848","Metro-Goldwyn-Mayer (MGM)"
"490","1939","The Adventures of Robin Hood","tt0029843","nominee","https://www.imdb.com/title/tt0029843","Warner Bros."
"491","1939","The Citadel","tt0029995","nominee","https://www.imdb.com/title/tt0029995","Metro-Goldwyn-Mayer British Studios"
"492","1938","The Life of Emile Zola","tt0029146","winner","https://www.imdb.com/title/tt0029146","Warner Bros."
"493","1938","A Star Is Born","tt0029606","nominee","https://www.imdb.com/title/tt0029606","Selznick International Pictures"
"494","1938","Captains Courageous","tt0028691","nominee","https://www.imdb.com/title/tt0028691","Metro-Goldwyn-Mayer (MGM)"
"495","1938","Dead End","tt0028773","nominee","https://www.imdb.com/title/tt0028773","The Samuel Goldwyn Company"
"496","1938","In Old Chicago","tt0029047","nominee","https://www.imdb.com/title/tt0029047","Twentieth Century Fox"
"497","1938","Lost Horizon","tt0029162","nominee","https://www.imdb.com/title/tt0029162","Columbia Pictures"
"498","1938","One Hundred Men and a Girl","tt0029347","nominee","https://www.imdb.com/title/tt0029347","Universal Pictures"
"499","1938","Stage Door","tt0029604","nominee","https://www.imdb.com/title/tt0029604","RKO Radio Pictures"
"500","1938","The Awful Truth","tt0028597","nominee","https://www.imdb.com/title/tt0028597","Columbia Pictures"
"501","1938","The Good Earth","tt0028944","nominee","https://www.imdb.com/title/tt0028944","Metro-Goldwyn-Mayer (MGM)"
"502","1937","The Great Ziegfeld","tt0027698","winner","https://www.imdb.com/title/tt0027698","Metro-Goldwyn-Mayer (MGM)"
"503","1937","A Tale of Two Cities","tt0027075","nominee","https://www.imdb.com/title/tt0027075","Metro-Goldwyn-Mayer (MGM)"
"504","1937","Anthony Adverse","tt0027300","nominee","https://www.imdb.com/title/tt0027300","Warner Bros."
"505","1937","Dodsworth","tt0027532","nominee","https://www.imdb.com/title/tt0027532","The Samuel Goldwyn Company"
"506","1937","Libeled Lady","tt0027884","nominee","https://www.imdb.com/title/tt0027884","Metro-Goldwyn-Mayer (MGM)"
"507","1937","Mr. Deeds Goes to Town","tt0027996","nominee","https://www.imdb.com/title/tt0027996","Columbia Pictures"
"508","1937","Romeo and Juliet","tt0028203","nominee","https://www.imdb.com/title/tt0028203","Metro-Goldwyn-Mayer (MGM)"
"509","1937","San Francisco","tt0028216","nominee","https://www.imdb.com/title/tt0028216","Metro-Goldwyn-Mayer (MGM)"
"510","1937","The Story of Louis Pasteur","tt0028313","nominee","https://www.imdb.com/title/tt0028313","Warner Bros."
"511","1937","Three Smart Girls","tt0028373","nominee","https://www.imdb.com/title/tt0028373","Universal Pictures"
"512","1936","Mutiny on the Bounty","tt0026752","winner","https://www.imdb.com/title/tt0026752","Metro-Goldwyn-Mayer (MGM)"
"513","1936","A Midsummer Night's Dream","tt0026714","nominee","https://www.imdb.com/title/tt0026714","Warner Bros."
"514","1936","Alice Adams","tt0026056","nominee","https://www.imdb.com/title/tt0026056","RKO Radio Pictures"
"515","1936","Broadway Melody of 1936","tt0026144","nominee","https://www.imdb.com/title/tt0026144","Metro-Goldwyn-Mayer (MGM)"
"516","1936","Captain Blood","tt0026174","nominee","https://www.imdb.com/title/tt0026174","Warner Bros.|Cosmopolitan Productions"
"517","1936","David Copperfield","tt0026266","nominee","https://www.imdb.com/title/tt0026266","Metro-Goldwyn-Mayer (MGM)"
"518","1936","Les Misérables","tt0026725","nominee","https://www.imdb.com/title/tt0026725","20th Century Pictures"
"519","1936","Naughty Marietta","tt0026768","nominee","https://www.imdb.com/title/tt0026768","Metro-Goldwyn-Mayer (MGM)"
"520","1936","Ruggles of Red Gap","tt0026955","nominee","https://www.imdb.com/title/tt0026955","Paramount Pictures"
"521","1936","The Informer","tt0026529","nominee","https://www.imdb.com/title/tt0026529","RKO Radio Pictures"
"522","1936","The Lives of a Bengal Lancer","tt0026643","nominee","https://www.imdb.com/title/tt0026643","Paramount Pictures"
"523","1936","Top Hat","tt0027125","nominee","https://www.imdb.com/title/tt0027125","RKO Radio Pictures"
"524","1935","It Happened One Night","tt0025316","winner","https://www.imdb.com/title/tt0025316","Columbia Pictures"
"525","1935","Cleopatra","tt0024991","nominee","https://www.imdb.com/title/tt0024991","Paramount Pictures"
"526","1935","Flirtation Walk","tt0025124","nominee","https://www.imdb.com/title/tt0025124","First National Pictures"
"527","1935","Here Comes the Navy","tt0025238","nominee","https://www.imdb.com/title/tt0025238","Warner Bros."
"528","1935","Imitation of Life","tt0025301","nominee","https://www.imdb.com/title/tt0025301","Universal Pictures"
"529","1935","One Night of Love","tt0025601","nominee","https://www.imdb.com/title/tt0025601","Columbia Pictures"
"530","1935","The Barretts of Wimpole Street","tt0024865","nominee","https://www.imdb.com/title/tt0024865","Metro-Goldwyn-Mayer (MGM)"
"531","1935","The Gay Divorcee","tt0025164","nominee","https://www.imdb.com/title/tt0025164","RKO Radio Pictures"
"532","1935","The House of Rothschild","tt0025272","nominee","https://www.imdb.com/title/tt0025272","20th Century Pictures"
"533","1935","The Thin Man","tt0025878","nominee","https://www.imdb.com/title/tt0025878","Cosmopolitan Productions|Metro-Goldwyn-Mayer (MGM)"
"534","1935","The White Parade","tt0025986","nominee","https://www.imdb.com/title/tt0025986","Fox Film Corporation"
"535","1935","Viva Villa!","tt0025948","nominee","https://www.imdb.com/title/tt0025948","Metro-Goldwyn-Mayer (MGM)"
"536","1934","Cavalcade","tt0023876","winner","https://www.imdb.com/title/tt0023876","Fox Film Corporation"
"537","1934","42nd Street","tt0024034","nominee","https://www.imdb.com/title/tt0024034","Warner Bros."
"538","1934","A Farewell to Arms","tt0022879","nominee","https://www.imdb.com/title/tt0022879","Paramount Pictures"
"539","1934","I Am a Fugitive from a Chain Gang","tt0023042","nominee","https://www.imdb.com/title/tt0023042","Warner Bros."
"540","1934","Lady for a Day","tt0024240","nominee","https://www.imdb.com/title/tt0024240","Columbia Pictures"
"541","1934","Little Women","tt0024264","nominee","https://www.imdb.com/title/tt0024264","RKO Radio Pictures"
"542","1934","She Done Him Wrong","tt0024548","nominee","https://www.imdb.com/title/tt0024548","Paramount Pictures"
"543","1934","Smilin' Through","tt0023488","nominee","https://www.imdb.com/title/tt0023488","Metro-Goldwyn-Mayer (MGM)"
"544","1934","State Fair","tt0024610","nominee","https://www.imdb.com/title/tt0024610","Fox Film Corporation"
"545","1934","The Private Life of Henry VIII","tt0024473","nominee","https://www.imdb.com/title/tt0024473","London Film Productions"
"546","1932","Grand Hotel","tt0022958","winner","https://www.imdb.com/title/tt0022958","Metro-Goldwyn-Mayer (MGM)"
"547","1932","Arrowsmith","tt0021622","nominee","https://www.imdb.com/title/tt0021622","John Ford Productions|The Samuel Goldwyn Company"
"548","1932","Bad Girl","tt0021635","nominee","https://www.imdb.com/title/tt0021635","Frank Borzage Production"
"549","1932","Five Star Final","tt0021873","nominee","https://www.imdb.com/title/tt0021873","First National Pictures"
"550","1932","One Hour with You","tt0023303","nominee","https://www.imdb.com/title/tt0023303","Paramount Pictures"
"551","1932","Shanghai Express","tt0023458","nominee","https://www.imdb.com/title/tt0023458","Paramount Pictures"
"552","1932","The Champ","tt0021730","nominee","https://www.imdb.com/title/tt0021730","Metro-Goldwyn-Mayer (MGM)"
"553","1932","The Smiling Lieutenant","tt0022074","nominee","https://www.imdb.com/title/tt0022074","Paramount Pictures"
"554","1931","Cimarron","tt0021746","winner","https://www.imdb.com/title/tt0021746","RKO Radio Pictures"
"555","1931","East Lynne","tt0021826","nominee","https://www.imdb.com/title/tt0021826","Fox Film Corporation"
"556","1931","Skippy","tt0022397","nominee","https://www.imdb.com/title/tt0022397","Paramount Pictures"
"557","1931","The Front Page","tt0021890","nominee","https://www.imdb.com/title/tt0021890","The Caddo Company"
"558","1931","Trader Horn","tt0022495","nominee","https://www.imdb.com/title/tt0022495","Metro-Goldwyn-Mayer (MGM)"
"559","1930","The Broadway Melody","tt0019729","winner","https://www.imdb.com/title/tt0019729","Metro-Goldwyn-Mayer (MGM)"
"560","1930","Alibi","tt0019630","nominee","https://www.imdb.com/title/tt0019630","Feature Productions"
"561","1930","In Old Arizona","tt0020018","nominee","https://www.imdb.com/title/tt0020018","Fox Film Corporation"
"562","1930","The Hollywood Revue of 1929","tt0019993","nominee","https://www.imdb.com/title/tt0019993","Metro-Goldwyn-Mayer (MGM)"
"563","1930","The Patriot","tt0019257","nominee","https://www.imdb.com/title/tt0019257","Paramount Pictures"
"564","1929","Wings","tt0018578","winner","https://www.imdb.com/title/tt0018578","Paramount Famous Lasky Corporation"
"565","1929","7th Heaven","tt0018379","nominee","https://www.imdb.com/title/tt0018379","Frank Borzage Production|Fox Film Corporation"
"566","1929","The Racket","tt0019304","nominee","https://www.imdb.com/title/tt0019304","The Caddo Company"
"567","1929","Sunrise","tt0018455","nominee","https://www.imdb.com/title/tt0018455","Fox Film Corporation"
"568","1929","Chang: A Drama of the Wilderness","tt0017743","nominee","https://www.imdb.com/title/tt0017743","Famous Players-Lasky Corporation|Paramount Famous Lasky Corporation"
"569","1929","The Crowd","tt0018806","nominee","https://www.imdb.com/title/tt0018806","Metro-Goldwyn-Mayer (MGM)"
