bls_area_code,metro_name,bls_date,bls_unemp_rate,bls_unemp_yoy_pp
MT0111500000000,"Anniston-Oxford, AL Metropolitan Statistical Area",2026-01-01,3.2,-0.5
MT0112220000000,"Auburn-Opelika, AL Metropolitan Statistical Area",2026-01-01,2.6,-0.4
MT0113820000000,"Birmingham, AL Metropolitan Statistical Area",2026-01-01,2.8,-0.4
MT0119300000000,"Daphne-Fairhope-Foley, AL Metropolitan Statistical Area",2026-01-01,2.6,-0.5
MT0119460000000,"Decatur, AL Metropolitan Statistical Area",2026-01-01,2.5,-0.4
MT0120020000000,"Dothan, AL Metropolitan Statistical Area",2026-01-01,3,-0.5
MT0122520000000,"Florence-Muscle Shoals, AL Metropolitan Statistical Area",2026-01-01,3.3,-0.4
MT0123460000000,"Gadsden, AL Metropolitan Statistical Area",2026-01-01,3,-0.7
MT0126620000000,"Huntsville, AL Metropolitan Statistical Area",2026-01-01,2.5,-0.4
MT0133660000000,"Mobile, AL Metropolitan Statistical Area",2026-01-01,3.8,-0.4
MT0133860000000,"Montgomery, AL Metropolitan Statistical Area",2026-01-01,3,-0.4
MT0146220000000,"Tuscaloosa, AL Metropolitan Statistical Area",2026-01-01,3.1,-0.4
MT0211260000000,"Anchorage, AK Metropolitan Statistical Area",2026-01-01,4.8,0.1
MT0221820000000,"Fairbanks-College, AK Metropolitan Statistical Area",2026-01-01,5,0.3
MT0422380000000,"Flagstaff, AZ Metropolitan Statistical Area",2026-01-01,5.8,1.3
MT0429420000000,"Lake Havasu City-Kingman, AZ Metropolitan Statistical Area",2026-01-01,6.1,1.4
MT0438060000000,"Phoenix-Mesa-Chandler, AZ Metropolitan Statistical Area",2026-01-01,4.4,0.9
MT0439150000000,"Prescott Valley-Prescott, AZ Metropolitan Statistical Area",2026-01-01,4.9,1.2
MT0443420000000,"Sierra Vista-Douglas, AZ Metropolitan Statistical Area",2026-01-01,6.1,1.4
MT0446060000000,"Tucson, AZ Metropolitan Statistical Area",2026-01-01,5.1,1.2
MT0449740000000,"Yuma, AZ Metropolitan Statistical Area",2026-01-01,11.4,0.6
MT0522220000000,"Fayetteville-Springdale-Rogers, AR Metropolitan Statistical Area",2026-01-01,4,1
MT0522900000000,"Fort Smith, AR-OK Metropolitan Statistical Area",2026-01-01,5,1.2
MT0526300000000,"Hot Springs, AR Metropolitan Statistical Area",2026-01-01,5.2,1.2
MT0527860000000,"Jonesboro, AR Metropolitan Statistical Area",2026-01-01,4.8,1
MT0530780000000,"Little Rock-North Little Rock-Conway, AR Metropolitan Statistical Area",2026-01-01,4.7,1.1
MT0612540000000,"Bakersfield-Delano, CA Metropolitan Statistical Area",2026-01-01,9.2,0.2
MT0617020000000,"Chico, CA Metropolitan Statistical Area",2026-01-01,6.6,0.3
MT0620940000000,"El Centro, CA Metropolitan Statistical Area",2026-01-01,18.6,0.6
MT0623420000000,"Fresno, CA Metropolitan Statistical Area",2026-01-01,8.8,0.2
MT0625260000000,"Hanford-Corcoran, CA Metropolitan Statistical Area",2026-01-01,10,0.1
MT0631080000000,"Los Angeles-Long Beach-Anaheim, CA Metropolitan Statistical Area",2026-01-01,5.1,-0.3
MT0632900000000,"Merced, CA Metropolitan Statistical Area",2026-01-01,10.6,-0.4
MT0633700000000,"Modesto, CA Metropolitan Statistical Area",2026-01-01,7.4,0
MT0634900000000,"Napa, CA Metropolitan Statistical Area",2026-01-01,4.9,0.4
MT0637100000000,"Oxnard-Thousand Oaks-Ventura, CA Metropolitan Statistical Area",2026-01-01,5,0
MT0639820000000,"Redding, CA Metropolitan Statistical Area",2026-01-01,5.9,0
MT0640140000000,"Riverside-San Bernardino-Ontario, CA Metropolitan Statistical Area",2026-01-01,5.4,0.1
MT0640900000000,"Sacramento-Roseville-Folsom, CA Metropolitan Statistical Area",2026-01-01,5.2,0.2
MT0641500000000,"Salinas, CA Metropolitan Statistical Area",2026-01-01,10.6,0.5
MT0641740000000,"San Diego-Chula Vista-Carlsbad, CA Metropolitan Statistical Area",2026-01-01,4.7,0.2
MT0641860000000,"San Francisco-Oakland-Fremont, CA Metropolitan Statistical Area",2026-01-01,4.4,0
MT0641940000000,"San Jose-Sunnyvale-Santa Clara, CA Metropolitan Statistical Area",2026-01-01,4.3,0
MT0642020000000,"San Luis Obispo-Paso Robles, CA Metropolitan Statistical Area",2026-01-01,4.6,0.2
MT0642100000000,"Santa Cruz-Watsonville, CA Metropolitan Statistical Area",2026-01-01,7.1,0.1
MT0642200000000,"Santa Maria-Santa Barbara, CA Metropolitan Statistical Area",2026-01-01,5.5,0.1
MT0642220000000,"Santa Rosa-Petaluma, CA Metropolitan Statistical Area",2026-01-01,4.6,0.1
MT0644700000000,"Stockton-Lodi, CA Metropolitan Statistical Area",2026-01-01,6.8,-0.1
MT0646700000000,"Vallejo, CA Metropolitan Statistical Area",2026-01-01,5.5,0.1
MT0647300000000,"Visalia, CA Metropolitan Statistical Area",2026-01-01,11.1,0.2
MT0649700000000,"Yuba City, CA Metropolitan Statistical Area",2026-01-01,8.9,0.2
MT0814500000000,"Boulder, CO Metropolitan Statistical Area",2026-01-01,4.1,-0.6
MT0817820000000,"Colorado Springs, CO Metropolitan Statistical Area",2026-01-01,4.5,-0.5
MT0819740000000,"Denver-Aurora-Centennial, CO Metropolitan Statistical Area",2026-01-01,4.2,-0.7
MT0822660000000,"Fort Collins-Loveland, CO Metropolitan Statistical Area",2026-01-01,4.1,-0.7
MT0824300000000,"Grand Junction, CO Metropolitan Statistical Area",2026-01-01,4.7,-0.7
MT0824540000000,"Greeley, CO Metropolitan Statistical Area",2026-01-01,4.8,-0.4
MT0839380000000,"Pueblo, CO Metropolitan Statistical Area",2026-01-01,6.3,-0.3
MT0914860000000,"Bridgeport-Stamford-Danbury, CT Metropolitan Statistical Area",2026-01-01,5.3,1.5
MT0925540000000,"Hartford-West Hartford-East Hartford, CT Metropolitan Statistical Area",2026-01-01,5.4,1.5
MT0935300000000,"New Haven, CT Metropolitan Statistical Area",2026-01-01,5.5,1.6
MT0935980000000,"Norwich-New London-Willimantic, CT Metropolitan Statistical Area",2026-01-01,5.4,1.5
MT0947930000000,"Waterbury-Shelton, CT Metropolitan Statistical Area",2026-01-01,6.3,1.7
MT1020100000000,"Dover, DE Metropolitan Statistical Area",2026-01-01,6,1.8
MT1147900000000,"Washington-Arlington-Alexandria, DC-VA-MD-WV Metropolitan Statistical Area",2026-01-01,4.4,1.3
MT1215980000000,"Cape Coral-Fort Myers, FL Metropolitan Statistical Area",2026-01-01,5.6,1.6
MT1218880000000,"Crestview-Fort Walton Beach-Destin, FL Metropolitan Statistical Area",2026-01-01,5,1.4
MT1219660000000,"Deltona-Daytona Beach-Ormond Beach, FL Metropolitan Statistical Area",2026-01-01,5.8,1.4
MT1223540000000,"Gainesville, FL Metropolitan Statistical Area",2026-01-01,5.6,1.5
MT1226140000000,"Homosassa Springs, FL Metropolitan Statistical Area",2026-01-01,7.5,1.7
MT1227260000000,"Jacksonville, FL Metropolitan Statistical Area",2026-01-01,5.2,1.4
MT1229460000000,"Lakeland-Winter Haven, FL Metropolitan Statistical Area",2026-01-01,6,1.5
MT1233100000000,"Miami-Fort Lauderdale-West Palm Beach, FL Metropolitan Statistical Area",2026-01-01,3.9,0.9
MT1234940000000,"Naples-Marco Island, FL Metropolitan Statistical Area",2026-01-01,5.1,1.3
MT1235840000000,"North Port-Bradenton-Sarasota, FL Metropolitan Statistical Area",2026-01-01,5.4,1.4
MT1236100000000,"Ocala, FL Metropolitan Statistical Area",2026-01-01,6.3,1.7
MT1236740000000,"Orlando-Kissimmee-Sanford, FL Metropolitan Statistical Area",2026-01-01,4.9,1.3
MT1237340000000,"Palm Bay-Melbourne-Titusville, FL Metropolitan Statistical Area",2026-01-01,5.3,1.3
MT1237460000000,"Panama City-Panama City Beach, FL Metropolitan Statistical Area",2026-01-01,5.5,1.5
MT1237860000000,"Pensacola-Ferry Pass-Brent, FL Metropolitan Statistical Area",2026-01-01,5.4,1.4
MT1238940000000,"Port St. Lucie, FL Metropolitan Statistical Area",2026-01-01,5.6,1.4
MT1239460000000,"Punta Gorda, FL Metropolitan Statistical Area",2026-01-01,6.4,1.6
MT1242680000000,"Sebastian-Vero Beach-West Vero Corridor, FL Metropolitan Statistical Area",2026-01-01,6,1.4
MT1242700000000,"Sebring, FL Metropolitan Statistical Area",2026-01-01,7,1.5
MT1245220000000,"Tallahassee, FL Metropolitan Statistical Area",2026-01-01,5.1,1.4
MT1245300000000,"Tampa-St. Petersburg-Clearwater, FL Metropolitan Statistical Area",2026-01-01,5.1,1.3
MT1248680000000,"Wildwood-The Villages, FL Metropolitan Statistical Area",2026-01-01,9,2.1
MT1310500000000,"Albany, GA Metropolitan Statistical Area",2026-01-01,4.4,0.3
MT1312020000000,"Athens-Clarke County, GA Metropolitan Statistical Area",2026-01-01,3.1,-0.1
MT1312060000000,"Atlanta-Sandy Springs-Roswell, GA Metropolitan Statistical Area",2026-01-01,3.6,0.2
MT1312260000000,"Augusta-Richmond County, GA-SC Metropolitan Statistical Area",2026-01-01,4.8,0.5
MT1315260000000,"Brunswick-St. Simons, GA Metropolitan Statistical Area",2026-01-01,3.1,0
MT1317980000000,"Columbus, GA-AL Metropolitan Statistical Area",2026-01-01,4.3,0
MT1319140000000,"Dalton, GA Metropolitan Statistical Area",2026-01-01,4.2,0
MT1323580000000,"Gainesville, GA Metropolitan Statistical Area",2026-01-01,3,0.2
MT1325980000000,"Hinesville, GA Metropolitan Statistical Area",2026-01-01,4,0.1
MT1331420000000,"Macon-Bibb County, GA Metropolitan Statistical Area",2026-01-01,4.2,0.2
MT1340660000000,"Rome, GA Metropolitan Statistical Area",2026-01-01,3.6,0.2
MT1342340000000,"Savannah, GA Metropolitan Statistical Area",2026-01-01,3,0
MT1346660000000,"Valdosta, GA Metropolitan Statistical Area",2026-01-01,4,0.1
MT1347580000000,"Warner Robins, GA Metropolitan Statistical Area",2026-01-01,3.2,0.1
MT1527980000000,"Kahului-Wailuku, HI Metropolitan Statistical Area",2026-01-01,2.4,-1
MT1546520000000,"Urban Honolulu, HI Metropolitan Statistical Area",2026-01-01,2.1,-0.5
MT1614260000000,"Boise City, ID Metropolitan Statistical Area",2026-01-01,4,0.2
MT1617660000000,"Coeur d'Alene, ID Metropolitan Statistical Area",2026-01-01,5.8,0.2
MT1626820000000,"Idaho Falls, ID Metropolitan Statistical Area",2026-01-01,4,0.3
MT1630300000000,"Lewiston, ID-WA Metropolitan Statistical Area",2026-01-01,4,-0.1
MT1638540000000,"Pocatello, ID Metropolitan Statistical Area",2026-01-01,4.7,0.1
MT1646300000000,"Twin Falls, ID Metropolitan Statistical Area",2026-01-01,4.2,0.1
MT1714010000000,"Bloomington, IL Metropolitan Statistical Area",2026-01-01,4.4,0.4
MT1716580000000,"Champaign-Urbana, IL Metropolitan Statistical Area",2026-01-01,4.8,0.8
MT1716980000000,"Chicago-Naperville-Elgin, IL-IN Metropolitan Statistical Area",2026-01-01,5.3,0.2
MT1719340000000,"Davenport-Moline-Rock Island, IA-IL Metropolitan Statistical Area",2026-01-01,5.4,0
MT1719500000000,"Decatur, IL Metropolitan Statistical Area",2026-01-01,6.7,0.7
MT1728100000000,"Kankakee, IL Metropolitan Statistical Area",2026-01-01,7.2,0.9
MT1737900000000,"Peoria, IL Metropolitan Statistical Area",2026-01-01,5.9,0.4
MT1740420000000,"Rockford, IL Metropolitan Statistical Area",2026-01-01,6.7,0.9
MT1744100000000,"Springfield, IL Metropolitan Statistical Area",2026-01-01,5.3,0.7
MT1814020000000,"Bloomington, IN Metropolitan Statistical Area",2026-01-01,2.8,-1
MT1818020000000,"Columbus, IN Metropolitan Statistical Area",2026-01-01,3,-1.4
MT1821140000000,"Elkhart-Goshen, IN Metropolitan Statistical Area",2026-01-01,2.9,-1.7
MT1821780000000,"Evansville, IN Metropolitan Statistical Area",2026-01-01,3,-1.1
MT1823060000000,"Fort Wayne, IN Metropolitan Statistical Area",2026-01-01,3.8,-0.3
MT1826900000000,"Indianapolis-Carmel-Greenwood, IN Metropolitan Statistical Area",2026-01-01,2.9,-1.1
MT1829020000000,"Kokomo, IN Metropolitan Statistical Area",2026-01-01,4.8,-2.5
MT1829200000000,"Lafayette-West Lafayette, IN Metropolitan Statistical Area",2026-01-01,3.2,-0.7
MT1833140000000,"Michigan City-La Porte, IN Metropolitan Statistical Area",2026-01-01,3.9,-1.4
MT1834620000000,"Muncie, IN Metropolitan Statistical Area",2026-01-01,3.7,-1.1
MT1843780000000,"South Bend-Mishawaka, IN-MI Metropolitan Statistical Area",2026-01-01,3.7,-1.3
MT1845460000000,"Terre Haute, IN Metropolitan Statistical Area",2026-01-01,3.4,-1.3
MT1911180000000,"Ames, IA Metropolitan Statistical Area",2026-01-01,3.2,0.2
MT1916300000000,"Cedar Rapids, IA Metropolitan Statistical Area",2026-01-01,3.8,-0.4
MT1919780000000,"Des Moines-West Des Moines, IA Metropolitan Statistical Area",2026-01-01,3.7,-0.2
MT1920220000000,"Dubuque, IA Metropolitan Statistical Area",2026-01-01,4.2,0
MT1926980000000,"Iowa City, IA Metropolitan Statistical Area",2026-01-01,2.9,0.1
MT1943580000000,"Sioux City, IA-NE-SD Metropolitan Statistical Area",2026-01-01,3.8,0
MT1947940000000,"Waterloo-Cedar Falls, IA Metropolitan Statistical Area",2026-01-01,4.2,-0.2
MT2029940000000,"Lawrence, KS Metropolitan Statistical Area",2026-01-01,3.8,0.3
MT2031740000000,"Manhattan, KS Metropolitan Statistical Area",2026-01-01,4,0.4
MT2045820000000,"Topeka, KS Metropolitan Statistical Area",2026-01-01,4.5,0.3
MT2048620000000,"Wichita, KS Metropolitan Statistical Area",2026-01-01,4.6,0.3
MT2114540000000,"Bowling Green, KY Metropolitan Statistical Area",2026-01-01,4.2,-1.1
MT2121060000000,"Elizabethtown, KY Metropolitan Statistical Area",2026-01-01,4.7,-1.1
MT2130460000000,"Lexington-Fayette, KY Metropolitan Statistical Area",2026-01-01,3.5,-0.9
MT2131140000000,"Louisville/Jefferson County, KY-IN Metropolitan Statistical Area",2026-01-01,4.2,-0.6
MT2136980000000,"Owensboro, KY Metropolitan Statistical Area",2026-01-01,3.9,-1.4
MT2137140000000,"Paducah, KY-IL Metropolitan Statistical Area",2026-01-01,4.3,-1.3
MT2210780000000,"Alexandria, LA Metropolitan Statistical Area",2026-01-01,4.1,0.1
MT2212940000000,"Baton Rouge, LA Metropolitan Statistical Area",2026-01-01,4.2,0.1
MT2225220000000,"Hammond, LA Metropolitan Statistical Area",2026-01-01,5.5,0.6
MT2226380000000,"Houma-Bayou Cane-Thibodaux, LA Metropolitan Statistical Area",2026-01-01,4,0.2
MT2229180000000,"Lafayette, LA Metropolitan Statistical Area",2026-01-01,4,0.2
MT2229340000000,"Lake Charles, LA Metropolitan Statistical Area",2026-01-01,4.7,0
MT2233740000000,"Monroe, LA Metropolitan Statistical Area",2026-01-01,4.9,-0.3
MT2235380000000,"New Orleans-Metairie, LA Metropolitan Statistical Area",2026-01-01,4.6,0.2
MT2243340000000,"Shreveport-Bossier City, LA Metropolitan Statistical Area",2026-01-01,4.4,0.1
MT2243640000000,"Slidell-Mandeville-Covington, LA Metropolitan Statistical Area",2026-01-01,4,0.2
MT2312620000000,"Bangor, ME Metropolitan Statistical Area",2026-01-01,4.1,-0.1
MT2330340000000,"Lewiston-Auburn, ME Metropolitan Statistical Area",2026-01-01,3.8,0
MT2338860000000,"Portland-South Portland, ME Metropolitan Statistical Area",2026-01-01,3.2,-0.1
MT2412580000000,"Baltimore-Columbia-Towson, MD Metropolitan Statistical Area",2026-01-01,4.5,1.5
MT2425180000000,"Hagerstown-Martinsburg, MD-WV Metropolitan Statistical Area",2026-01-01,4.6,1.2
MT2430500000000,"Lexington Park, MD Metropolitan Statistical Area",2026-01-01,3.7,1.3
MT2441540000000,"Salisbury, MD Metropolitan Statistical Area",2026-01-01,5.2,1.4
MT2511200000000,"Amherst Town-Northampton, MA Metropolitan Statistical Area",2026-01-01,4.9,0.7
MT2512700000000,"Barnstable Town, MA Metropolitan Statistical Area",2026-01-01,7.3,0.2
MT2514460000000,"Boston-Cambridge-Newton, MA-NH Metropolitan Statistical Area",2026-01-01,4.8,0.6
MT2538340000000,"Pittsfield, MA Metropolitan Statistical Area",2026-01-01,5.6,0.7
MT2544140000000,"Springfield, MA Metropolitan Statistical Area",2026-01-01,6.3,0.5
MT2549340000000,"Worcester, MA Metropolitan Statistical Area",2026-01-01,5.3,0.5
MT2611460000000,"Ann Arbor, MI Metropolitan Statistical Area",2026-01-01,4.3,-0.2
MT2612980000000,"Battle Creek, MI Metropolitan Statistical Area",2026-01-01,5.8,-0.4
MT2613020000000,"Bay City, MI Metropolitan Statistical Area",2026-01-01,6.8,-0.5
MT2619820000000,"Detroit-Warren-Dearborn, MI Metropolitan Statistical Area",2026-02-01,5.6,0.2
MT2622420000000,"Flint, MI Metropolitan Statistical Area",2026-01-01,8.9,1.6
MT2624340000000,"Grand Rapids-Wyoming-Kentwood, MI Metropolitan Statistical Area",2026-01-01,4.5,-0.2
MT2627100000000,"Jackson, MI Metropolitan Statistical Area",2026-01-01,5.7,-0.4
MT2628020000000,"Kalamazoo-Portage, MI Metropolitan Statistical Area",2026-01-01,4.7,-0.2
MT2629620000000,"Lansing-East Lansing, MI Metropolitan Statistical Area",2026-01-01,5,-0.1
MT2633220000000,"Midland, MI Metropolitan Statistical Area",2026-01-01,5.4,-0.2
MT2633780000000,"Monroe, MI Metropolitan Statistical Area",2026-01-01,5.7,-1.1
MT2634740000000,"Muskegon-Norton Shores, MI Metropolitan Statistical Area",2026-01-01,5.7,-0.6
MT2635660000000,"Niles, MI Metropolitan Statistical Area",2026-01-01,5.5,-0.7
MT2640980000000,"Saginaw, MI Metropolitan Statistical Area",2026-01-01,7.3,-0.4
MT2645900000000,"Traverse City, MI Metropolitan Statistical Area",2026-01-01,4.8,-0.7
MT2720260000000,"Duluth, MN-WI Metropolitan Statistical Area",2026-01-01,6,1.5
MT2731860000000,"Mankato, MN Metropolitan Statistical Area",2026-01-01,4.5,1.5
MT2733460000000,"Minneapolis-St. Paul-Bloomington, MN-WI Metropolitan Statistical Area",2026-01-01,4.8,1.6
MT2740340000000,"Rochester, MN Metropolitan Statistical Area",2026-01-01,4.5,1.4
MT2741060000000,"St. Cloud, MN Metropolitan Statistical Area",2026-01-01,5.9,1.7
MT2825060000000,"Gulfport-Biloxi, MS Metropolitan Statistical Area",2026-01-01,3.6,0.1
MT2825620000000,"Hattiesburg, MS Metropolitan Statistical Area",2026-01-01,3.4,-0.2
MT2827140000000,"Jackson, MS Metropolitan Statistical Area",2026-01-01,3.4,0.1
MT2916020000000,"Cape Girardeau, MO-IL Metropolitan Statistical Area",2026-01-01,3.9,0.1
MT2917860000000,"Columbia, MO Metropolitan Statistical Area",2026-01-01,3.6,0
MT2927620000000,"Jefferson City, MO Metropolitan Statistical Area",2026-01-01,3.4,-0.1
MT2927900000000,"Joplin, MO-KS Metropolitan Statistical Area",2026-01-01,4,0.2
MT2928140000000,"Kansas City, MO-KS Metropolitan Statistical Area",2026-01-01,4.1,-0.1
MT2941140000000,"St. Joseph, MO-KS Metropolitan Statistical Area",2026-01-01,4.2,-0.1
MT2941180000000,"St. Louis, MO-IL Metropolitan Statistical Area",2026-01-01,4.6,0.3
MT2944180000000,"Springfield, MO Metropolitan Statistical Area",2026-01-01,4,0.2
MT3013740000000,"Billings, MT Metropolitan Statistical Area",2026-01-01,4,1
MT3014580000000,"Bozeman, MT Metropolitan Statistical Area",2026-01-01,3,0.8
MT3024500000000,"Great Falls, MT Metropolitan Statistical Area",2026-01-01,4.3,1.2
MT3025740000000,"Helena, MT Metropolitan Statistical Area",2026-01-01,4.1,1.3
MT3033540000000,"Missoula, MT Metropolitan Statistical Area",2026-01-01,4.5,1.2
MT3124260000000,"Grand Island, NE Metropolitan Statistical Area",2026-01-01,5.1,1.5
MT3130700000000,"Lincoln, NE Metropolitan Statistical Area",2026-01-01,3.1,0.1
MT3136540000000,"Omaha, NE-IA Metropolitan Statistical Area",2026-01-01,3.5,0
MT3216180000000,"Carson City, NV Metropolitan Statistical Area",2026-01-01,4.6,-0.4
MT3229820000000,"Las Vegas-Henderson-North Las Vegas, NV Metropolitan Statistical Area",2026-01-01,5.8,-0.3
MT3239900000000,"Reno, NV Metropolitan Statistical Area",2026-01-01,4.7,-0.4
MT3331700000000,"Manchester-Nashua, NH Metropolitan Statistical Area",2026-01-01,4.1,0.4
MT3412100000000,"Atlantic City-Hammonton, NJ Metropolitan Statistical Area",2026-01-01,8,-0.3
MT3445940000000,"Trenton-Princeton, NJ Metropolitan Statistical Area",2026-01-01,4.8,0
MT3447220000000,"Vineland, NJ Metropolitan Statistical Area",2026-01-01,7.8,-0.1
MT3510740000000,"Albuquerque, NM Metropolitan Statistical Area",2026-01-01,4.8,0.6
MT3522140000000,"Farmington, NM Metropolitan Statistical Area",2026-01-01,5.5,0.4
MT3529740000000,"Las Cruces, NM Metropolitan Statistical Area",2026-01-01,5.9,0.5
MT3542140000000,"Santa Fe, NM Metropolitan Statistical Area",2026-01-01,4.5,0.3
MT3610580000000,"Albany-Schenectady-Troy, NY Metropolitan Statistical Area",2026-01-01,3.8,0.1
MT3613780000000,"Binghamton, NY Metropolitan Statistical Area",2026-01-01,4.8,0
MT3615380000000,"Buffalo-Cheektowaga, NY Metropolitan Statistical Area",2026-01-01,4.7,0
MT3621300000000,"Elmira, NY Metropolitan Statistical Area",2026-01-01,4.2,-0.2
MT3624020000000,"Glens Falls, NY Metropolitan Statistical Area",2026-01-01,4.7,0.1
MT3627060000000,"Ithaca, NY Metropolitan Statistical Area",2026-01-01,3.7,0.3
MT3628740000000,"Kingston, NY Metropolitan Statistical Area",2026-01-01,4.1,0.1
MT3628880000000,"Kiryas Joel-Poughkeepsie-Newburgh, NY Metropolitan Statistical Area",2026-01-01,3.9,0
MT3635620000000,"New York-Newark-Jersey City, NY-NJ Metropolitan Statistical Area",2026-01-01,4.8,0.1
MT3640380000000,"Rochester, NY Metropolitan Statistical Area",2026-01-01,4.3,0.2
MT3645060000000,"Syracuse, NY Metropolitan Statistical Area",2026-01-01,4.3,0.1
MT3646540000000,"Utica-Rome, NY Metropolitan Statistical Area",2026-01-01,4.6,0
MT3648060000000,"Watertown-Fort Drum, NY Metropolitan Statistical Area",2026-01-01,5.8,0
MT3711700000000,"Asheville, NC Metropolitan Statistical Area",2026-01-01,3.8,-2.2
MT3715500000000,"Burlington, NC Metropolitan Statistical Area",2026-01-01,4.1,0.3
MT3716740000000,"Charlotte-Concord-Gastonia, NC-SC Metropolitan Statistical Area",2026-01-01,4.3,0.4
MT3720500000000,"Durham-Chapel Hill, NC Metropolitan Statistical Area",2026-01-01,3.7,0.4
MT3722180000000,"Fayetteville, NC Metropolitan Statistical Area",2026-01-01,5.1,0.2
MT3724140000000,"Goldsboro, NC Metropolitan Statistical Area",2026-01-01,4.3,0.5
MT3724660000000,"Greensboro-High Point, NC Metropolitan Statistical Area",2026-01-01,4.5,0.3
MT3724780000000,"Greenville, NC Metropolitan Statistical Area",2026-01-01,4.4,0.3
MT3725860000000,"Hickory-Lenoir-Morganton, NC Metropolitan Statistical Area",2026-01-01,3.9,-0.1
MT3727340000000,"Jacksonville, NC Metropolitan Statistical Area",2026-01-01,4.3,0.3
MT3738240000000,"Pinehurst-Southern Pines, NC Metropolitan Statistical Area",2026-01-01,3.6,0.1
MT3739580000000,"Raleigh-Cary, NC Metropolitan Statistical Area",2026-01-01,3.5,0.3
MT3740580000000,"Rocky Mount, NC Metropolitan Statistical Area",2026-01-01,5.7,0.7
MT3748900000000,"Wilmington, NC Metropolitan Statistical Area",2026-01-01,4,0.1
MT3749180000000,"Winston-Salem, NC Metropolitan Statistical Area",2026-01-01,4.1,0.3
MT3813900000000,"Bismarck, ND Metropolitan Statistical Area",2026-01-01,3.1,0.1
MT3822020000000,"Fargo, ND-MN Metropolitan Statistical Area",2026-01-01,3.4,0.4
MT3824220000000,"Grand Forks, ND-MN Metropolitan Statistical Area",2026-01-01,3.5,0.5
MT3833500000000,"Minot, ND Metropolitan Statistical Area",2026-01-01,3.3,0.1
MT3910420000000,"Akron, OH Metropolitan Statistical Area",2026-01-01,4.9,-0.7
MT3915940000000,"Canton-Massillon, OH Metropolitan Statistical Area",2026-01-01,5.1,-0.6
MT3917140000000,"Cincinnati, OH-KY-IN Metropolitan Statistical Area",2026-01-01,4.2,-0.7
MT3917410000000,"Cleveland, OH Metropolitan Statistical Area",2026-02-01,4.7,-0.2
MT3918140000000,"Columbus, OH Metropolitan Statistical Area",2026-01-01,4.1,-0.7
MT3919430000000,"Dayton-Kettering-Beavercreek, OH Metropolitan Statistical Area",2026-01-01,4.7,-0.6
MT3930620000000,"Lima, OH Metropolitan Statistical Area",2026-01-01,5,-0.3
MT3931900000000,"Mansfield, OH Metropolitan Statistical Area",2026-01-01,5.6,-0.5
MT3941780000000,"Sandusky, OH Metropolitan Statistical Area",2026-01-01,6.8,-1.1
MT3944220000000,"Springfield, OH Metropolitan Statistical Area",2026-01-01,6.4,-0.7
MT3945780000000,"Toledo, OH Metropolitan Statistical Area",2026-01-01,5.8,-0.9
MT3948260000000,"Weirton-Steubenville, WV-OH Metropolitan Statistical Area",2026-01-01,5.6,-0.7
MT3949660000000,"Youngstown-Warren, OH Metropolitan Statistical Area",2026-01-01,6.7,0.3
MT4021420000000,"Enid, OK Metropolitan Statistical Area",2026-01-01,4,0.6
MT4030020000000,"Lawton, OK Metropolitan Statistical Area",2026-01-01,4.9,1.1
MT4036420000000,"Oklahoma City, OK Metropolitan Statistical Area",2026-01-01,4.1,0.8
MT4046140000000,"Tulsa, OK Metropolitan Statistical Area",2026-01-01,4.2,0.8
MT4110540000000,"Albany, OR Metropolitan Statistical Area",2026-01-01,6.2,0.5
MT4113460000000,"Bend, OR Metropolitan Statistical Area",2026-01-01,6,0.5
MT4118700000000,"Corvallis, OR Metropolitan Statistical Area",2026-01-01,4.8,0.5
MT4121660000000,"Eugene-Springfield, OR Metropolitan Statistical Area",2026-01-01,5.8,0.6
MT4124420000000,"Grants Pass, OR Metropolitan Statistical Area",2026-01-01,8,0.6
MT4132780000000,"Medford, OR Metropolitan Statistical Area",2026-01-01,6.6,0.5
MT4138900000000,"Portland-Vancouver-Hillsboro, OR-WA Metropolitan Statistical Area",2026-01-01,5.5,0.5
MT4141420000000,"Salem, OR Metropolitan Statistical Area",2026-01-01,5.6,0.5
MT4210900000000,"Allentown-Bethlehem-Easton, PA-NJ Metropolitan Statistical Area",2026-01-01,4.6,0.2
MT4211020000000,"Altoona, PA Metropolitan Statistical Area",2026-01-01,4.3,0
MT4216540000000,"Chambersburg, PA Metropolitan Statistical Area",2026-01-01,3.6,0
MT4221500000000,"Erie, PA Metropolitan Statistical Area",2026-01-01,4.8,0
MT4223900000000,"Gettysburg, PA Metropolitan Statistical Area",2026-01-01,3.4,-0.1
MT4225420000000,"Harrisburg-Carlisle, PA Metropolitan Statistical Area",2026-01-01,3.8,0.1
MT4227780000000,"Johnstown, PA Metropolitan Statistical Area",2026-01-01,5.2,0
MT4229540000000,"Lancaster, PA Metropolitan Statistical Area",2026-01-01,3.2,-0.1
MT4230140000000,"Lebanon, PA Metropolitan Statistical Area",2026-01-01,3.7,0
MT4237980000000,"Philadelphia-Camden-Wilmington, PA-NJ-DE-MD Metropolitan Statistical Area",2026-01-01,4.5,0.3
MT4238300000000,"Pittsburgh, PA Metropolitan Statistical Area",2026-01-01,4.3,-0.2
MT4239740000000,"Reading, PA Metropolitan Statistical Area",2026-01-01,4.4,0.2
MT4242540000000,"Scranton--Wilkes-Barre, PA Metropolitan Statistical Area",2026-01-01,5.1,0.1
MT4244300000000,"State College, PA Metropolitan Statistical Area",2026-01-01,3,-0.3
MT4248700000000,"Williamsport, PA Metropolitan Statistical Area",2026-01-01,4.8,-0.2
MT4249620000000,"York-Hanover, PA Metropolitan Statistical Area",2026-01-01,3.9,0.1
MT4439300000000,"Providence-Warwick, RI-MA Metropolitan Statistical Area",2026-01-01,5.7,0.1
MT4516700000000,"Charleston-North Charleston, SC Metropolitan Statistical Area",2026-01-01,4.6,1
MT4517900000000,"Columbia, SC Metropolitan Statistical Area",2026-01-01,5.2,1.1
MT4522500000000,"Florence, SC Metropolitan Statistical Area",2026-01-01,6,1.5
MT4524860000000,"Greenville-Anderson-Greer, SC Metropolitan Statistical Area",2026-01-01,5,1.2
MT4525940000000,"Hilton Head Island-Bluffton-Port Royal, SC Metropolitan Statistical Area",2026-01-01,5.3,1.3
MT4534820000000,"Myrtle Beach-Conway-North Myrtle Beach, SC Metropolitan Statistical Area",2026-01-01,7,1.5
MT4543900000000,"Spartanburg, SC Metropolitan Statistical Area",2026-01-01,5.6,1.3
MT4544940000000,"Sumter, SC Metropolitan Statistical Area",2026-01-01,6.7,1.4
MT4639660000000,"Rapid City, SD Metropolitan Statistical Area",2026-01-01,2.4,0.4
MT4643620000000,"Sioux Falls, SD-MN Metropolitan Statistical Area",2026-01-01,2.5,0.4
MT4716860000000,"Chattanooga, TN-GA Metropolitan Statistical Area",2026-01-01,3.4,-0.1
MT4717300000000,"Clarksville, TN-KY Metropolitan Statistical Area",2026-01-01,4.2,-0.2
MT4717420000000,"Cleveland, TN Metropolitan Statistical Area",2026-01-01,3.7,-0.4
MT4727180000000,"Jackson, TN Metropolitan Statistical Area",2026-01-01,3.9,-0.3
MT4727740000000,"Johnson City, TN Metropolitan Statistical Area",2026-01-01,3.4,-0.6
MT4728700000000,"Kingsport-Bristol, TN-VA Metropolitan Statistical Area",2026-01-01,3.7,-0.2
MT4728940000000,"Knoxville, TN Metropolitan Statistical Area",2026-01-01,3.1,-0.4
MT4732820000000,"Memphis, TN-MS-AR Metropolitan Statistical Area",2026-01-01,4.5,0
MT4734100000000,"Morristown, TN Metropolitan Statistical Area",2026-01-01,4.1,-0.1
MT4734980000000,"Nashville-Davidson--Murfreesboro--Franklin, TN Metropolitan Statistical Area",2026-01-01,3,-0.1
MT4810180000000,"Abilene, TX Metropolitan Statistical Area",2026-01-01,3.6,0.1
MT4811100000000,"Amarillo, TX Metropolitan Statistical Area",2026-01-01,3.3,0.2
MT4812420000000,"Austin-Round Rock-San Marcos, TX Metropolitan Statistical Area",2026-01-01,3.7,0.2
MT4813140000000,"Beaumont-Port Arthur, TX Metropolitan Statistical Area",2026-01-01,6,0.6
MT4815180000000,"Brownsville-Harlingen, TX Metropolitan Statistical Area",2026-01-01,7.2,1.8
MT4817780000000,"College Station-Bryan, TX Metropolitan Statistical Area",2026-01-01,3.7,0.2
MT4818580000000,"Corpus Christi, TX Metropolitan Statistical Area",2026-01-01,4.8,0.4
MT4819100000000,"Dallas-Fort Worth-Arlington, TX Metropolitan Statistical Area",2026-01-01,4.2,0.3
MT4820580000000,"Eagle Pass, TX Metropolitan Statistical Area",2026-01-01,9.8,1.1
MT4821340000000,"El Paso, TX Metropolitan Statistical Area",2026-01-01,4.6,0.4
MT4826420000000,"Houston-Pasadena-The Woodlands, TX Metropolitan Statistical Area",2026-01-01,4.9,0.5
MT4828660000000,"Killeen-Temple, TX Metropolitan Statistical Area",2026-01-01,5,0.4
MT4829700000000,"Laredo, TX Metropolitan Statistical Area",2026-01-01,4.8,0.5
MT4830980000000,"Longview, TX Metropolitan Statistical Area",2026-01-01,4.8,-0.1
MT4831180000000,"Lubbock, TX Metropolitan Statistical Area",2026-01-01,3.7,0.2
MT4832580000000,"McAllen-Edinburg-Mission, TX Metropolitan Statistical Area",2026-01-01,6.9,0.7
MT4833260000000,"Midland, TX Metropolitan Statistical Area",2026-01-01,3.4,0.4
MT4836220000000,"Odessa, TX Metropolitan Statistical Area",2026-01-01,4.1,0.4
MT4841660000000,"San Angelo, TX Metropolitan Statistical Area",2026-01-01,3.5,0.2
MT4841700000000,"San Antonio-New Braunfels, TX Metropolitan Statistical Area",2026-01-01,4.3,0.5
MT4843300000000,"Sherman-Denison, TX Metropolitan Statistical Area",2026-01-01,4.3,0.5
MT4845500000000,"Texarkana, TX-AR Metropolitan Statistical Area",2026-01-01,5,0.8
MT4846340000000,"Tyler, TX Metropolitan Statistical Area",2026-01-01,4.2,0.3
MT4847020000000,"Victoria, TX Metropolitan Statistical Area",2026-01-01,4.6,0.5
MT4847380000000,"Waco, TX Metropolitan Statistical Area",2026-01-01,4.2,0.3
MT4848660000000,"Wichita Falls, TX Metropolitan Statistical Area",2026-01-01,4.1,0.3
MT4930860000000,"Logan, UT-ID Metropolitan Statistical Area",2026-01-01,3.6,0.8
MT4936260000000,"Ogden, UT Metropolitan Statistical Area",2026-01-01,3.8,0.8
MT4939340000000,"Provo-Orem-Lehi, UT Metropolitan Statistical Area",2026-01-01,4,0.8
MT4941100000000,"St. George, UT Metropolitan Statistical Area",2026-01-01,4,0.7
MT4941620000000,"Salt Lake City-Murray, UT Metropolitan Statistical Area",2026-01-01,3.9,0.7
MT5015540000000,"Burlington-South Burlington, VT Metropolitan Statistical Area",2026-01-01,2.7,0.3
MT5113980000000,"Blacksburg-Christiansburg-Radford, VA Metropolitan Statistical Area",2026-01-01,4.1,0.8
MT5116820000000,"Charlottesville, VA Metropolitan Statistical Area",2026-01-01,3.2,0.5
MT5125500000000,"Harrisonburg, VA Metropolitan Statistical Area",2026-01-01,3.4,0.4
MT5131340000000,"Lynchburg, VA Metropolitan Statistical Area",2026-01-01,4,0.5
MT5140060000000,"Richmond, VA Metropolitan Statistical Area",2026-01-01,3.8,0.6
MT5140220000000,"Roanoke, VA Metropolitan Statistical Area",2026-01-01,3.6,0.4
MT5144420000000,"Staunton-Stuarts Draft, VA Metropolitan Statistical Area",2026-01-01,3.2,0.4
MT5147260000000,"Virginia Beach-Chesapeake-Norfolk, VA-NC Metropolitan Statistical Area",2026-01-01,4,0.6
MT5149020000000,"Winchester, VA-WV Metropolitan Statistical Area",2026-01-01,3.6,0.6
MT5313380000000,"Bellingham, WA Metropolitan Statistical Area",2026-01-01,5,0.2
MT5314740000000,"Bremerton-Silverdale-Port Orchard, WA Metropolitan Statistical Area",2026-01-01,4.8,0.1
MT5328420000000,"Kennewick-Richland, WA Metropolitan Statistical Area",2026-01-01,5.8,0.1
MT5331020000000,"Longview-Kelso, WA Metropolitan Statistical Area",2026-01-01,6,0.4
MT5334580000000,"Mount Vernon-Anacortes, WA Metropolitan Statistical Area",2026-01-01,5.5,0.2
MT5336500000000,"Olympia-Lacey-Tumwater, WA Metropolitan Statistical Area",2026-01-01,4.9,0.2
MT5342660000000,"Seattle-Tacoma-Bellevue, WA Metropolitan Statistical Area",2026-02-01,5.7,1.3
MT5344060000000,"Spokane-Spokane Valley, WA Metropolitan Statistical Area",2026-01-01,5.2,-0.1
MT5347460000000,"Walla Walla, WA Metropolitan Statistical Area",2026-01-01,5.1,0.1
MT5348300000000,"Wenatchee-East Wenatchee, WA Metropolitan Statistical Area",2026-01-01,6,0
MT5349420000000,"Yakima, WA Metropolitan Statistical Area",2026-01-01,7.7,0.1
MT5413220000000,"Beckley, WV Metropolitan Statistical Area",2026-01-01,5.4,0.8
MT5416620000000,"Charleston, WV Metropolitan Statistical Area",2026-01-01,4.8,0.4
MT5426580000000,"Huntington-Ashland, WV-KY-OH Metropolitan Statistical Area",2026-01-01,5.1,-0.6
MT5434060000000,"Morgantown, WV Metropolitan Statistical Area",2026-01-01,4.1,0.4
MT5437620000000,"Parkersburg-Vienna, WV Metropolitan Statistical Area",2026-01-01,5.9,0.9
MT5448540000000,"Wheeling, WV-OH Metropolitan Statistical Area",2026-01-01,5.4,-0.3
MT5511540000000,"Appleton, WI Metropolitan Statistical Area",2026-01-01,3.1,0.2
MT5520740000000,"Eau Claire, WI Metropolitan Statistical Area",2026-01-01,4.2,0.4
MT5522540000000,"Fond du Lac, WI Metropolitan Statistical Area",2026-01-01,3.4,0.1
MT5524580000000,"Green Bay, WI Metropolitan Statistical Area",2026-01-01,3.4,0.3
MT5527500000000,"Janesville-Beloit, WI Metropolitan Statistical Area",2026-01-01,4.2,0.3
MT5528450000000,"Kenosha, WI Metropolitan Statistical Area",2026-01-01,4,0.2
MT5529100000000,"La Crosse-Onalaska, WI-MN Metropolitan Statistical Area",2026-01-01,3.8,0.5
MT5531540000000,"Madison, WI Metropolitan Statistical Area",2026-01-01,2.9,0.3
MT5533340000000,"Milwaukee-Waukesha, WI Metropolitan Statistical Area",2026-01-01,3.9,0.3
MT5536780000000,"Oshkosh-Neenah, WI Metropolitan Statistical Area",2026-01-01,3.3,0.3
MT5539540000000,"Racine-Mount Pleasant, WI Metropolitan Statistical Area",2026-01-01,4.6,0.3
MT5543100000000,"Sheboygan, WI Metropolitan Statistical Area",2026-01-01,3.1,0.3
MT5548140000000,"Wausau, WI Metropolitan Statistical Area",2026-01-01,3.3,0.4
MT5616220000000,"Casper, WY Metropolitan Statistical Area",2026-01-01,4.5,0.2
MT5616940000000,"Cheyenne, WY Metropolitan Statistical Area",2026-01-01,4.5,0.1
MT7210380000000,"Aguadilla, PR Metropolitan Statistical Area",2026-01-01,7.2,0
MT7211640000000,"Arecibo, PR Metropolitan Statistical Area",2026-01-01,6.1,-0.3
MT7225020000000,"Guayama, PR Metropolitan Statistical Area",2026-01-01,9.1,0
MT7232420000000,"Mayaguez, PR Metropolitan Statistical Area",2026-01-01,8.5,1.1
MT7238660000000,"Ponce, PR Metropolitan Statistical Area",2026-01-01,8.6,0
MT7241980000000,"San Juan-Bayamon-Caguas, PR Metropolitan Statistical Area",2026-01-01,4.4,0.2
