"","rank","title","director","year","imdb_rating","id","site","audience_scores","tomato_meter_scores","director_rot_tom","distributor","production_co","produced_by","producers_imdb"
"1",1,"The Shawshank Redemption","Frank Darabont",1994,9.2,"tt0111161","https://www.imdb.com/title/tt0111161",98,91,"Frank Darabont","Columbia Pictures","Columbia Pictures, Castle Rock Entertainment","Columbia Pictures","Castle Rock Entertainment"
"2",2,"The Godfather","Francis Ford Coppola",1972,9.1,"tt0068646","https://www.imdb.com/title/tt0068646",98,97,"Francis Ford Coppola","Paramount Pictures","Paramount Pictures","Paramount Pictures","Paramount Pictures|Alfran Productions"
"3",3,"The Godfather: Part II","Francis Ford Coppola",1974,9,"tt0071562","https://www.imdb.com/title/tt0071562",97,96,"Francis Ford Coppola","Paramount Pictures","Paramount Pictures, Coppola Company","Paramount Pictures","Paramount Pictures|The Coppola Company|American Zoetrope"
"4",4,"The Dark Knight","Christopher Nolan",2008,9,"tt0468569","https://www.imdb.com/title/tt0468569",94,94,"Christopher Nolan","Warner Bros.","Syncopy","Warner Bros.","Warner Bros.|Legendary Entertainment|Syncopy"
"5",5,"12 Angry Men","Sidney Lumet",1957,8.9,"tt0050083","https://www.imdb.com/title/tt0050083",97,100,"Sidney Lumet",NA,"Orion-Nova Pictures","Orion-Nova Pictures","Orion-Nova Productions"
"6",6,"Schindler's List","Steven Spielberg",1993,8.9,"tt0108052","https://www.imdb.com/title/tt0108052",97,98,"Steven Spielberg","Universal Pictures","Universal Pictures, Amblin Entertainment","Universal Pictures","Universal Pictures|Amblin Entertainment"
"7",7,"The Lord of the Rings: The Return of the King","Peter Jackson",2003,8.9,"tt0167260","https://www.imdb.com/title/tt0167260",86,93,"Peter Jackson","New Line Cinema","New Line Cinema, Saul Zaentz Company","New Line Cinema","New Line Cinema|WingNut Films|The Saul Zaentz Company"
"8",8,"Pulp Fiction","Quentin Tarantino",1994,8.8,"tt0110912","https://www.imdb.com/title/tt0110912",96,92,"Quentin Tarantino","Miramax Films","A Band Apart, Miramax Films, Jersey Films","Miramax Films","Miramax|A Band Apart|Jersey Films"
"9",9,"The Good, the Bad and the Ugly","Sergio Leone",1966,8.8,"tt0060196","https://www.imdb.com/title/tt0060196",97,97,"Sergio Leone",NA,"Produzioni Europee Associati, Constantin Film","Produzioni Europee Associati, Constantin Film","Produzioni Europee Associate (PEA)|Arturo González Producciones Cinematográficas|Constantin Film"
"10",10,"The Lord of the Rings: The Fellowship of the Ring","Peter Jackson",2001,8.8,"tt0120737","https://www.imdb.com/title/tt0120737",95,91,"Peter Jackson","New Line Cinema, Argentina Video Home, Warner Bros., FS Film Oy","New Line Cinema, Saul Zaentz Company, WingNut Films","New Line Cinema, Argentina Video Home, Warner Bros., FS Film Oy","New Line Cinema|WingNut Films|The Saul Zaentz Company"
"11",11,"Fight Club","David Fincher",1999,8.8,"tt0137523","https://www.imdb.com/title/tt0137523",96,79,"David Fincher","20th Century Fox","Art Linson Productions, Fox 2000 Pictures, Taurus Film, New Regency Pictures","20th Century Fox","Fox 2000 Pictures|New Regency Productions|Linson Films"
"12",12,"Forrest Gump","Robert Zemeckis",1994,8.7,"tt0109830","https://www.imdb.com/title/tt0109830",95,71,"Robert Zemeckis","Paramount Pictures","Paramount Pictures","Paramount Pictures","Paramount Pictures|The Steve Tisch Company|Wendy Finerman Productions"
"13",13,"Inception","Christopher Nolan",2010,8.7,"tt1375666","https://www.imdb.com/title/tt1375666",91,87,"Christopher Nolan","Warner Bros. Pictures","Warner Bros., Syncopy","Warner Bros. Pictures","Warner Bros.|Legendary Entertainment|Syncopy"
"14",14,"The Lord of the Rings: The Two Towers","Peter Jackson",2002,8.7,"tt0167261","https://www.imdb.com/title/tt0167261",95,95,"Peter Jackson","New Line Cinema","New Line Cinema, Saul Zaentz Company","New Line Cinema","New Line Cinema|WingNut Films|The Saul Zaentz Company"
"15",15,"Star Wars: Episode V - The Empire Strikes Back","Irvin Kershner",1980,8.7,"tt0080684","https://www.imdb.com/title/tt0080684",97,94,"Irvin Kershner","20th Century Fox","Lucasfilm Ltd.","20th Century Fox","Lucasfilm"
"16",16,"The Matrix","Lana Wachowski",1999,8.6,"tt0133093","https://www.imdb.com/title/tt0133093",85,88,"Lilly Wachowski, Lana Wachowski","Warner Bros. Pictures","Silver Pictures, Village Roadshow Prod.","Warner Bros. Pictures","Warner Bros.|Village Roadshow Pictures|Groucho Film Partnership"
"17",17,"Goodfellas","Martin Scorsese",1990,8.6,"tt0099685","https://www.imdb.com/title/tt0099685",97,96,"Martin Scorsese","Warner Bros. Pictures","Warner Brothers","Warner Bros. Pictures","Warner Bros."
"18",18,"One Flew Over the Cuckoo's Nest","Milos Forman",1975,8.6,"tt0073486","https://www.imdb.com/title/tt0073486",96,94,"Milos Forman",NA,"Fantasy Films","Fantasy Films","Fantasy Films|Bryna Productions|N.V. Zvaluw"
"19",19,"Seven Samurai","Akira Kurosawa",1954,8.6,"tt0047478","https://www.imdb.com/title/tt0047478",97,100,"Akira Kurosawa","Columbia Pictures","Toho Company","Columbia Pictures","Toho Company"
"20",20,"Se7en","David Fincher",1995,8.6,"tt0114369","https://www.imdb.com/title/tt0114369",95,82,"David Fincher",NA,"New Line Cinema","New Line Cinema","Cecchi Gori Pictures|Juno Pix|New Line Cinema"
"21",21,"The Silence of the Lambs","Jonathan Demme",1991,8.6,"tt0102926","https://www.imdb.com/title/tt0102926",95,96,"Jonathan Demme","Orion Pictures","Orion Pictures","Orion Pictures","Strong Heart/Demme Production|Orion Pictures"
"22",22,"City of God","Fernando Meirelles",2002,8.6,"tt0317248","https://www.imdb.com/title/tt0317248",97,91,"Fernando Meirelles",NA,"StudioCanal, Videofilmes Producoes Artisticas, Hank Levine Film, O2 Filmes, Lereby, Lumiere Productions, Globo Filmes, Wild Bunch","StudioCanal, Videofilmes Producoes Artisticas, Hank Levine Film, O2 Filmes, Lereby, Lumiere Productions, Globo Filmes, Wild Bunch","O2 Filmes|VideoFilmes|Globo Filmes"
"23",23,"Life Is Beautiful","Roberto Benigni",1997,8.6,"tt0118799","https://www.imdb.com/title/tt0118799",96,80,"Roberto Benigni",NA,"Miramax, Cecchi Gori Group Tiger Cinema","Miramax, Cecchi Gori Group Tiger Cinema","Melampo Cinematografica|Cecchi Gori Group Tiger Cinematografica"
"24",24,"It's a Wonderful Life","Frank Capra",1946,8.6,"tt0038650","https://www.imdb.com/title/tt0038650",95,94,"Frank Capra","RKO Radio Pictures","RKO Radio Pictures Inc., Liberty Films","RKO Radio Pictures","Liberty Films (II)"
"25",25,"Star Wars: Episode IV - A New Hope","George Lucas",1977,8.6,"tt0076759","https://www.imdb.com/title/tt0076759",96,92,"George Lucas",NA,"Lucasfilm Ltd.","Lucasfilm Ltd.","Lucasfilm|Twentieth Century Fox"
"26",26,"Saving Private Ryan","Steven Spielberg",1998,8.5,"tt0120815","https://www.imdb.com/title/tt0120815",95,93,"Steven Spielberg","DreamWorks SKG, Paramount Pictures","DreamWorks SKG, Mutual Film Company, Amblin Entertainment, Paramount Pictures, Mark Gordon Productions","DreamWorks SKG, Paramount Pictures","Dreamworks Pictures|Paramount Pictures|Amblin Entertainment"
"27",27,"Interstellar","Christopher Nolan",2014,8.5,"tt0816692","https://www.imdb.com/title/tt0816692",86,72,"Christopher Nolan","Paramount Pictures","Syncopy, Lynda Obst Productions","Paramount Pictures","Paramount Pictures|Warner Bros.|Legendary Entertainment"
"28",28,"Spirited Away","Hayao Miyazaki",2001,8.5,"tt0245429","https://www.imdb.com/title/tt0245429",96,97,"Hayao Miyazaki, Kirk Wise","Walt Disney Pictures","Walt Disney Pictures, Tokuma Shoten, Studio Ghibli","Walt Disney Pictures","Tokuma Shoten|Studio Ghibli|Nippon Television Network (NTV)"
"29",29,"The Green Mile","Frank Darabont",1999,8.5,"tt0120689","https://www.imdb.com/title/tt0120689",94,78,"Frank Darabont","Warner Bros., Warner Home Vídeo, Warner Bros. Pictures","Warner Brothers, Castle Rock Entertainment, Darkwoods Productions","Warner Bros., Warner Home Vídeo, Warner Bros. Pictures","Castle Rock Entertainment|Darkwoods Productions|Warner Bros."
"30",30,"Parasite","Bong Joon Ho",2019,8.5,"tt6751668","https://www.imdb.com/title/tt6751668",90,98,"Bong Joon-ho","Neon","CJ Entertainment, TMS Entertainment","Neon","CJ Entertainment|Barunson E&A"
"31",31,"Léon: The Professional","Luc Besson",1994,8.5,"tt0110413","https://www.imdb.com/title/tt0110413",95,74,"Luc Besson","Columbia TriStar Home Video, Columbia Pictures","Gaumont, Les Films du Dauphin, Gaumont International","Columbia TriStar Home Video, Columbia Pictures","Gaumont|Les Films du Dauphin|Columbia Pictures"
"32",32,"Hara-Kiri","Masaki Kobayashi",1962,8.5,"tt0056058","https://www.imdb.com/title/tt0056058",97,100,"Masaki Kobayashi",NA,"Shôchiku Eiga","Shôchiku Eiga","Shochiku"
"33",33,"The Pianist","Roman Polanski",2002,8.5,"tt0253474","https://www.imdb.com/title/tt0253474",96,95,"Roman Polanski",NA,"Miramax","Miramax","R.P. Productions|Heritage Films|Studio Babelsberg"
"34",34,"The Usual Suspects","Bryan Singer",1995,8.5,"tt0114814","https://www.imdb.com/title/tt0114814",96,88,"Bryan Singer","Gramercy Pictures","Bad Hat Harry","Gramercy Pictures","PolyGram Filmed Entertainment|Spelling Films International|Blue Parrot"
"35",35,"Terminator 2: Judgment Day","James Cameron",1991,8.5,"tt0103064","https://www.imdb.com/title/tt0103064",94,93,"James Cameron","TriStar Pictures, Live Video, Artisan Entertainment, Pioneer Entertainment","Pacific Western, Lightstorm Entertainment, Carolco Pictures Inc.","TriStar Pictures, Live Video, Artisan Entertainment, Pioneer Entertainment","Carolco Pictures|Pacific Western|Lightstorm Entertainment"
"36",36,"Back to the Future","Robert Zemeckis",1985,8.5,"tt0088763","https://www.imdb.com/title/tt0088763",94,96,"Robert Zemeckis",NA,"Universal Pictures, Amblin Entertainment","Universal Pictures, Amblin Entertainment","Universal Pictures|Amblin Entertainment|U-Drive Productions"
"37",37,"Psycho","Alfred Hitchcock",1960,8.5,"tt0054215","https://www.imdb.com/title/tt0054215",95,96,"Alfred Hitchcock",NA,"Paramount","Paramount","Shamley Productions"
"38",38,"The Lion King","Roger Allers",1994,8.5,"tt0110357","https://www.imdb.com/title/tt0110357",93,93,"Roger Allers, Rob Minkoff","Walt Disney Pictures","Walt Disney Pictures","Walt Disney Pictures","Walt Disney Pictures|Walt Disney Animation Studios"
"39",39,"Modern Times","Charles Chaplin",1936,8.5,"tt0027977","https://www.imdb.com/title/tt0027977",95,98,"Charlie Chaplin","United Artists","Charles Chaplin Productions","United Artists","Charles Chaplin Productions"
"40",40,"American History X","Tony Kaye",1998,8.5,"tt0120586","https://www.imdb.com/title/tt0120586",96,83,"Tony Kaye","New Line Cinema","New Line Cinema, Turman-Morrissey Company","New Line Cinema","New Line Cinema|Savoy Pictures|The Turman-Morrissey Company"
"41",41,"City Lights","Charles Chaplin",1931,8.5,"tt0021749","https://www.imdb.com/title/tt0021749",96,98,"Charlie Chaplin",NA,"Charles Chaplin Productions","Charles Chaplin Productions","Charles Chaplin Productions"
"42",42,"Grave of the Fireflies","Isao Takahata",1988,8.5,"tt0095327","https://www.imdb.com/title/tt0095327",95,100,"Isao Takahata",NA,NA,NA,"Shinchosha Company|Studio Ghibli"
"43",43,"Whiplash","Damien Chazelle",2014,8.5,"tt2582802","https://www.imdb.com/title/tt2582802",94,94,"Damien Chazelle","Sony Pictures Classics","Blumhouse, Bold Films, Right of Way Films","Sony Pictures Classics","Bold Films|Blumhouse Productions|Right of Way Films"
"44",44,"Gladiator","Ridley Scott",2000,8.5,"tt0172495","https://www.imdb.com/title/tt0172495",87,77,"Ridley Scott","Universal Pictures, DreamWorks SKG","Universal Pictures, Scott Free Productions, DreamWorks Pictures","Universal Pictures, DreamWorks SKG","Dreamworks Pictures|Universal Pictures|Scott Free Productions"
"45",45,"The Departed","Martin Scorsese",2006,8.5,"tt0407887","https://www.imdb.com/title/tt0407887",94,90,"Martin Scorsese","Warner Bros.","Plan B Entertainment, Warner Bros., Initial Entertainment Group, Vertigo","Warner Bros.","Warner Bros.|Plan B Entertainment|Initial Entertainment Group (IEG)"
"46",46,"The Intouchables","Olivier Nakache",2011,8.5,"tt1675434","https://www.imdb.com/title/tt1675434",93,75,"Olivier Nakache, Eric Toledano","Weinstein Co.","Chaocorp, TF1 Films Production, TF1, Canal+, Ten Films, Gaumont, CinéCinéma, Quad Productions","Weinstein Co.","Quad|Ten Films|Canal+"
"47",47,"The Prestige","Christopher Nolan",2006,8.5,"tt0482571","https://www.imdb.com/title/tt0482571",92,76,"Christopher Nolan","Buena Vista","Newmarket Productions","Buena Vista","Touchstone Pictures|Warner Bros. Pictures Group|Newmarket Films"
"48",48,"Casablanca","Michael Curtiz",1942,8.4,"tt0034583","https://www.imdb.com/title/tt0034583",95,99,"Michael Curtiz","Warner Bros. Pictures","Warner Brothers","Warner Bros. Pictures","Warner Bros."
"49",49,"Once Upon a Time in the West","Sergio Leone",1968,8.4,"tt0064116","https://www.imdb.com/title/tt0064116",95,95,"Sergio Leone",NA,"Paramount Pictures","Paramount Pictures","Rafran Cinematografica|San Marco|Paramount Pictures"
"50",50,"Rear Window","Alfred Hitchcock",1954,8.4,"tt0047396","https://www.imdb.com/title/tt0047396",95,98,"Alfred Hitchcock","Paramount Pictures","Paramount Pictures, Patron Inc.","Paramount Pictures","Alfred J. Hitchcock Productions"
"51",51,"Cinema Paradiso","Giuseppe Tornatore",1988,8.4,"tt0095765","https://www.imdb.com/title/tt0095765",97,90,"Giuseppe Tornatore",NA,"Cristaldi Film","Cristaldi Film","Cristaldifilm|Les Films Ariane|Rai 3"
"52",52,"Alien","Ridley Scott",1979,8.4,"tt0078748","https://www.imdb.com/title/tt0078748",94,98,"Ridley Scott","20th Century Fox","Twentieth Century Fox, Brandywine Productions","20th Century Fox","Brandywine Productions"
"53",53,"Apocalypse Now","Francis Ford Coppola",1979,8.4,"tt0078788","https://www.imdb.com/title/tt0078788",94,98,"Francis Ford Coppola",NA,"Zoetrope Studios","Zoetrope Studios","American Zoetrope|Zoetrope Studios"
"54",54,"Memento","Christopher Nolan",2000,8.4,"tt0209144","https://www.imdb.com/title/tt0209144",94,93,"Christopher Nolan",NA,"Team Todd, I Remember Productions, Llc, Newmarket Capital Group","Team Todd, I Remember Productions, Llc, Newmarket Capital Group","Newmarket Capital Group|Team Todd|I Remember Productions"
"55",55,"Indiana Jones and the Raiders of the Lost Ark","Steven Spielberg",1981,8.4,"tt0082971","https://www.imdb.com/title/tt0082971",96,95,"Steven Spielberg","Paramount Pictures","Paramount Pictures, Lucasfilm Ltd.","Paramount Pictures","Paramount Pictures|Lucasfilm"
"56",56,"The Great Dictator","Charles Chaplin",1940,8.4,"tt0032553","https://www.imdb.com/title/tt0032553",95,93,"Charlie Chaplin","United Artists","Charles Chaplin Productions","United Artists","Charles Chaplin Productions"
"57",57,"The Lives of Others","Florian Henckel von Donnersmarck",2006,8.4,"tt0405094","https://www.imdb.com/title/tt0405094",96,92,"Florian Henckel von Donnersmarck","Sony Pictures Classics","Creado Film, Wiedemann & Berg Filmproduktion, Arte, Bayerischer Rundfunk","Sony Pictures Classics","Wiedemann & Berg Filmproduktion|Bayerischer Rundfunk (BR)|ARTE"
"58",58,"Django Unchained","Quentin Tarantino",2012,8.4,"tt1853728","https://www.imdb.com/title/tt1853728",91,87,"Quentin Tarantino","Weinstein Co.","A Band Apart","Weinstein Co.","The Weinstein Company|Columbia Pictures"
"59",59,"Paths of Glory","Stanley Kubrick",1957,8.4,"tt0050825","https://www.imdb.com/title/tt0050825",95,95,"Stanley Kubrick",NA,"Bryna Productions","Bryna Productions","Bryna Productions"
"60",60,"Sunset Blvd.","Billy Wilder",1950,8.4,"tt0043014","https://www.imdb.com/title/tt0043014",95,99,"Billy Wilder","Paramount Pictures","Paramount Pictures","Paramount Pictures","Paramount Pictures"
"61",61,"WALL·E","Andrew Stanton",2008,8.4,"tt0910970","https://www.imdb.com/title/tt0910970",90,95,"Andrew Stanton","Walt Disney, Pixar Animation Studios","Pixar Animation Studios","Walt Disney, Pixar Animation Studios","FortyFour Studios|Pixar Animation Studios|Walt Disney Pictures"
"62",62,"Avengers: Infinity War","Anthony Russo",2018,8.4,"tt4154756","https://www.imdb.com/title/tt4154756",91,85,"Anthony Russo, Joe Russo","Walt Disney","Marvel Studios","Walt Disney","Marvel Studios|Jason Roberts Productions|South Pictures"
"63",63,"The Shining","Stanley Kubrick",1980,8.4,"tt0081505","https://www.imdb.com/title/tt0081505",93,84,"Stanley Kubrick","Warner Bros. Pictures","Producers Circle, Warner Brothers, Peregrine, Hawk Films","Warner Bros. Pictures","Warner Bros.|Hawk Films|Peregrine"
"64",64,"Witness for the Prosecution","Billy Wilder",1957,8.4,"tt0051201","https://www.imdb.com/title/tt0051201",95,100,"Billy Wilder",NA,"United Artists","United Artists","Edward Small Productions"
"65",65,"Spider-Man: Into the Spider-Verse","Bob Persichetti",2018,8.4,"tt4633694","https://www.imdb.com/title/tt4633694",93,97,"Bob Persichetti, Peter Ramsey, Rodney Rothman","Sony Pictures Entertainment, Columbia Pictures","Sony Pictures Animation, Avi Arad, Pascal Pictures, Lord Miller","Sony Pictures Entertainment, Columbia Pictures","Sony Pictures Entertainment (SPE)|Columbia Pictures|Marvel Entertainment"
"66",66,"Dr. Strangelove or: How I Learned to Stop Worrying and Love the Bomb","Stanley Kubrick",1964,8.4,"tt0057012","https://www.imdb.com/title/tt0057012",94,98,"Stanley Kubrick","Columbia Pictures","Hawk Films","Columbia Pictures","Columbia Pictures|Hawk Films"
"67",67,"Joker","Todd Phillips",2019,8.3,"tt7286456","https://www.imdb.com/title/tt7286456",88,68,"Todd Phillips","Warner Bros. Pictures","Bron Studios, Creative Wealth Media Finance, DC Comics","Warner Bros. Pictures","Warner Bros.|Village Roadshow Pictures|Village Roadshow Pictures"
"68",68,"Princess Mononoke","Hayao Miyazaki",1997,8.3,"tt0119698","https://www.imdb.com/title/tt0119698",94,93,"Hayao Miyazaki",NA,"Nippon Herald Films, Studio Ghibli, Dentsu","Nippon Herald Films, Studio Ghibli, Dentsu","DENTSU Music And Entertainment|Nibariki|Nippon Television Network (NTV)"
"69",69,"Oldboy","Park Chan-Wook",2003,8.3,"tt0364569","https://www.imdb.com/title/tt0364569",94,81,"Park Chan-wook",NA,"Egg Films, Show East","Egg Films, Show East","Show East|Egg Films"
"70",70,"Your Name.","Makoto Shinkai",2016,8.3,"tt5311514","https://www.imdb.com/title/tt5311514",94,98,"Makoto Shinkai","Funimation","Toho Company Ltd.","Funimation","Amuse|CoMix Wave Films|East Japan Marketing & Communications Inc."
"71",71,"Once Upon a Time in America","Sergio Leone",1984,8.3,"tt0087843","https://www.imdb.com/title/tt0087843",93,87,"Sergio Leone",NA,"Warner Brothers, Embassy International Pictures","Warner Brothers, Embassy International Pictures","The Ladd Company|Warner Bros.|Producers Sales Organization (PSO)"
"72",72,"The Dark Knight Rises","Christopher Nolan",2012,8.3,"tt1345836","https://www.imdb.com/title/tt1345836",90,87,"Christopher Nolan","Warner Bros. Pictures","Syncopy","Warner Bros. Pictures","Warner Bros.|Legendary Entertainment|DC Entertainment"
"73",73,"Aliens","James Cameron",1986,8.3,"tt0090605","https://www.imdb.com/title/tt0090605",94,97,"James Cameron","20th Century Fox","Twentieth Century Fox, Brandywine Productions","20th Century Fox","Twentieth Century Fox|Brandywine Productions|Pinewood Studios"
"74",74,"Coco","Lee Unkrich",2017,8.3,"tt2380307","https://www.imdb.com/title/tt2380307",94,97,"Lee Unkrich","Walt Disney","Pixar Animation Studios","Walt Disney","Walt Disney Pictures|Pixar Animation Studios"
"75",75,"Capharnaüm","Nadine Labaki",2018,8.3,"tt8267604","https://www.imdb.com/title/tt8267604",93,90,"Nadine Labaki","Sony Pictures Classics","Mooz Films","Sony Pictures Classics","Mooz Films|Cedrus Invest Bank|Sunnyland Film"
"76",76,"Hamilton","Thomas Kail",2020,8.3,"tt8503618","https://www.imdb.com/title/tt8503618",90,97,"Thomas Kail",NA,"Walt Disney Pictures, RadicalMedia, 5000 Broadway Productions","Walt Disney Pictures, RadicalMedia, 5000 Broadway Productions","Walt Disney Pictures|5000 Broadway Productions|Nevis Productions"
"77",77,"Avengers: Endgame","Anthony Russo",2019,8.3,"tt4154796","https://www.imdb.com/title/tt4154796",90,94,"Anthony Russo, Joe Russo","Walt Disney","Walt Disney Pictures, Marvel Studios","Walt Disney","Marvel Studios|Walt Disney Pictures"
"78",78,"Das Boot","Wolfgang Petersen",1981,8.3,"tt0082096","https://www.imdb.com/title/tt0082096",96,98,"Wolfgang Petersen",NA,"Bavaria Film, Westdeutscher Rundfunk, Radiant Productions","Bavaria Film, Westdeutscher Rundfunk, Radiant Productions","Bavaria Film|Twin Bros. Productions|Radiant Film GmbH"
"79",79,"High and Low","Akira Kurosawa",1963,8.3,"tt0057565","https://www.imdb.com/title/tt0057565",95,95,"Akira Kurosawa",NA,NA,NA,"Kurosawa Production Co.|Toho Company"
"80",80,"American Beauty","Sam Mendes",1999,8.3,"tt0169547","https://www.imdb.com/title/tt0169547",93,87,"Sam Mendes","DreamWorks SKG","DreamWorks Pictures, Jinks/Cohen Company","DreamWorks SKG","Dreamworks Pictures|Jinks/Cohen Company"
"81",81,"Toy Story","John Lasseter",1995,8.3,"tt0114709","https://www.imdb.com/title/tt0114709",92,100,"John Lasseter",NA,"Walt Disney Pictures, Pixar Animation Studios","Walt Disney Pictures, Pixar Animation Studios","Walt Disney Pictures|Pixar Animation Studios"
"82",82,"3 Idiots","Rajkumar Hirani",2009,8.3,"tt1187043","https://www.imdb.com/title/tt1187043",93,100,"Rajkumar Hirani",NA,NA,NA,"Vinod Chopra Productions"
"83",83,"Amadeus","Milos Forman",1984,8.3,"tt0086879","https://www.imdb.com/title/tt0086879",95,93,"Milos Forman",NA,"AMLF","AMLF","AMLF|The Saul Zaentz Company"
"84",84,"Braveheart","Mel Gibson",1995,8.3,"tt0112573","https://www.imdb.com/title/tt0112573",85,79,"Mel Gibson","Paramount Pictures","Twentieth Century Fox, Paramount Pictures, B.H. Finance C.V., Ladd Company, Icon Entertainment International","Paramount Pictures","Icon Entertainment International|The Ladd Company|B.H. Finance C.V."
"85",85,"Inglourious Basterds","Quentin Tarantino",2009,8.3,"tt0361748","https://www.imdb.com/title/tt0361748",88,89,"Quentin Tarantino","Weinstein Co.","A Band Apart, Zehnte Babelsberg","Weinstein Co.","Universal Pictures|The Weinstein Company|A Band Apart"
"86",86,"Good Will Hunting","Gus Van Sant",1997,8.3,"tt0119217","https://www.imdb.com/title/tt0119217",94,98,"Gus Van Sant","Miramax Films","Miramax Films, Be Gentlemen Limited Partnership, Lawrence Bender Productions","Miramax Films","Miramax|Be Gentlemen Limited Partnership|Lawrence Bender Productions"
"87",87,"Star Wars: Episode VI - Return of the Jedi","Richard Marquand",1983,8.3,"tt0086190","https://www.imdb.com/title/tt0086190",94,82,"Richard Marquand","20th Century Fox","Lucasfilm Ltd.","20th Century Fox","Lucasfilm"
"88",88,"2001: A Space Odyssey","Stanley Kubrick",1968,8.3,"tt0062622","https://www.imdb.com/title/tt0062622",89,92,"Stanley Kubrick",NA,"Metro Goldwyn Mayer","Metro Goldwyn Mayer","Metro-Goldwyn-Mayer (MGM)|Stanley Kubrick Productions"
"89",89,"Reservoir Dogs","Quentin Tarantino",1992,8.3,"tt0105236","https://www.imdb.com/title/tt0105236",94,92,"Quentin Tarantino","Artisan Entertainment, Miramax Films","Live Entertainment, Dog Eat Dog Productions","Artisan Entertainment, Miramax Films","Live Entertainment|Dog Eat Dog Productions Inc."
"90",90,"M","Fritz Lang",1931,8.3,"tt0022100","https://www.imdb.com/title/tt0022100",95,100,"Fritz Lang","Paramount Pictures","Nero-Film AG","Paramount Pictures","Nero-Film AG"
"91",91,"Like Stars on Earth","Aamir Khan",2007,8.3,"tt0986264","https://www.imdb.com/title/tt0986264",96,91,"Aamir Khan","UTV Motion Pictures",NA,"UTV Motion Pictures","Aamir Khan Productions|PVR Pictures"
"92",92,"Vertigo","Alfred Hitchcock",1958,8.3,"tt0052357","https://www.imdb.com/title/tt0052357",93,94,"Alfred Hitchcock","Paramount Pictures","Paramount Pictures, Alfred J. Hitchcock Productions","Paramount Pictures","Alfred J. Hitchcock Productions"
"93",93,"Citizen Kane","Orson Welles",1941,8.3,"tt0033467","https://www.imdb.com/title/tt0033467",90,99,"Orson Welles","RKO Radio Pictures","Mercury Productions, RKO Radio Pictures Inc.","RKO Radio Pictures","RKO Radio Pictures|Mercury Productions"
"94",94,"Come and See","Elem Klimov",1985,8.3,"tt0091251","https://www.imdb.com/title/tt0091251",95,97,"Elem Klimov","Kino Pictures",NA,"Kino Pictures","Belarusfilm|Mosfilm"
"95",95,"The Hunt","Thomas Vinterberg",2012,8.3,"tt2106476","https://www.imdb.com/title/tt2106476",93,93,"Thomas Vinterberg","Magnolia Pictures","Zentropa Entertainments","Magnolia Pictures","Danmarks Radio (DR)|Det Danske Filminstitut|Eurimages"
"96",96,"Requiem for a Dream","Darren Aronofsky",2000,8.3,"tt0180093","https://www.imdb.com/title/tt0180093",93,79,"Darren Aronofsky","Artisan Entertainment","Thousand Words, Industry Entertainment, Truth and Soul Pictures, Bandeira Entertainment, Requiem for a Dream LLC, Artisan Entertainment, Protozoa Pictures, Sibling Productions","Artisan Entertainment","Artisan Entertainment|Thousand Words|Sibling Productions"
"97",97,"Singin' in the Rain","Stanley Donen",1952,8.3,"tt0045152","https://www.imdb.com/title/tt0045152",95,100,"Stanley Donen, Gene Kelly","Metro-Goldwyn-Mayer","Metro Goldwyn Mayer","Metro-Goldwyn-Mayer","Metro-Goldwyn-Mayer (MGM)"
"98",98,"Pather Panchali","Satyajit Ray",1955,8.3,"tt0048473","https://www.imdb.com/title/tt0048473",94,97,"Satyajit Ray",NA,"Government of West Bengal","Government of West Bengal","Government of West Bengal"
"99",99,"North by Northwest","Alfred Hitchcock",1959,8.3,"tt0053125","https://www.imdb.com/title/tt0053125",94,97,"Alfred Hitchcock","Metro-Goldwyn-Mayer","Metro Goldwyn Mayer","Metro-Goldwyn-Mayer","Metro-Goldwyn-Mayer (MGM)"
"100",100,"Eternal Sunshine of the Spotless Mind","Michel Gondry",2004,8.3,"tt0338013","https://www.imdb.com/title/tt0338013",94,92,"Michel Gondry",NA,"Anonymous Content, Focus Features, Blue Ruin, This Is That Productions","Anonymous Content, Focus Features, Blue Ruin, This Is That Productions","Focus Features|Anonymous Content|This Is That Productions"
"101",101,"Ikiru","Akira Kurosawa",1952,8.3,"tt0044741","https://www.imdb.com/title/tt0044741",97,98,"Akira Kurosawa","Brandon Films Inc., Cowboy Pictures","Toho Company Ltd.","Brandon Films Inc., Cowboy Pictures","Toho Company"
"102",102,"Bicycle Thieves","Vittorio De Sica",1948,8.3,"tt0040522","https://www.imdb.com/title/tt0040522",94,98,"Vittorio De Sica",NA,"Produzioni De Sica","Produzioni De Sica","Produzioni De Sica (PDS)|Produzioni De Sica"
"103",103,"Dune","Denis Villeneuve",2021,8.3,"tt1160419","https://www.imdb.com/title/tt1160419",NA,90,"Denis Villeneuve","Warner Bros. Pictures","Warner Bros., Villeneuve Films, Legendary Pictures","Warner Bros. Pictures","Warner Bros.|Legendary Entertainment|Villeneuve Films"
"104",104,"Lawrence of Arabia","David Lean",1962,8.2,"tt0056172","https://www.imdb.com/title/tt0056172",93,93,"David Lean",NA,"Horizon Films","Horizon Films","Horizon Pictures (II)"
"105",105,"The Kid","Charles Chaplin",1921,8.2,"tt0012349","https://www.imdb.com/title/tt0012349",95,100,"Charlie Chaplin",NA,"Charles Chaplin Productions","Charles Chaplin Productions","Charles Chaplin Productions"
"106",106,"Full Metal Jacket","Stanley Kubrick",1987,8.2,"tt0093058","https://www.imdb.com/title/tt0093058",94,92,"Stanley Kubrick","Warner Bros. Pictures","Warner Brothers, Natant","Warner Bros. Pictures","Warner Bros.|Natant|Stanley Kubrick Productions"
"107",107,"Dangal","Nitesh Tiwari",2016,8.2,"tt5074352","https://www.imdb.com/title/tt5074352",94,88,"Nitesh Tiwari","UTV Motion Pictures","Aamir Khan Productions","UTV Motion Pictures","Aamir Khan Productions|UTV Motion Pictures|Walt Disney Pictures"
"108",108,"The Father","Florian Zeller",2020,8.2,"tt10272386","https://www.imdb.com/title/tt10272386",92,98,"Florian Zeller","Sony Pictures Classics","Film4, Embankment Films, Trademark Films, AG Studios, Viewfinder, Cine@, F Comme Film","Sony Pictures Classics","Les Films du Cru|Film4|Orange Studio"
"109",109,"A Clockwork Orange","Stanley Kubrick",1971,8.2,"tt0066921","https://www.imdb.com/title/tt0066921",93,87,"Stanley Kubrick","Warner Bros. Pictures","Hawk Films, Polaris Productions, Warner Brothers","Warner Bros. Pictures","Warner Bros.|Polaris Productions|Hawk Films"
"110",110,"The Apartment","Billy Wilder",1960,8.2,"tt0053604","https://www.imdb.com/title/tt0053604",94,93,"Billy Wilder",NA,"Mirisch Corporation","Mirisch Corporation","The Mirisch Corporation"
"111",111,"Metropolis","Fritz Lang",1927,8.2,"tt0017136","https://www.imdb.com/title/tt0017136",92,97,"Fritz Lang",NA,"Paramount","Paramount","Universum Film (UFA)"
"112",112,"Taxi Driver","Martin Scorsese",1976,8.2,"tt0075314","https://www.imdb.com/title/tt0075314",93,96,"Martin Scorsese","Columbia Pictures","Columbia Pictures, Italo/Judeo Productions, Bill/Phillips","Columbia Pictures","Columbia Pictures|Columbia Pictures|Bill/Phillips"
"113",113,"Incendies","Denis Villeneuve",2010,8.2,"tt1255953","https://www.imdb.com/title/tt1255953",92,92,"Denis Villeneuve","Sony Pictures Classics","TS Productions, Phi Group","Sony Pictures Classics","micro_scope|TS Productions|Phi Group"
"114",114,"Double Indemnity","Billy Wilder",1944,8.2,"tt0036775","https://www.imdb.com/title/tt0036775",95,97,"Billy Wilder","Paramount Pictures","Paramount Pictures","Paramount Pictures","Paramount Pictures"
"115",115,"The Sting","George Roy Hill",1973,8.2,"tt0070735","https://www.imdb.com/title/tt0070735",95,94,"George Roy Hill","Universal Pictures, Universal Home Entertainment, MCA/Universal Home Video","Universal Pictures","Universal Pictures, Universal Home Entertainment, MCA/Universal Home Video","Zanuck/Brown Productions|Universal Pictures"
"116",116,"A Separation","Asghar Farhadi",2011,8.2,"tt1832382","https://www.imdb.com/title/tt1832382",92,99,"Asghar Farhadi","Sony Pictures Classics","Asghar Farhadi","Sony Pictures Classics","Asghar Farhadi Productions|Dreamlab Films|MPA APSA Academy Film Fund"
"117",117,"Scarface","Brian De Palma",1983,8.2,"tt0086250","https://www.imdb.com/title/tt0086250",93,82,"Brian De Palma",NA,"Universal Pictures","Universal Pictures","Universal Pictures"
"118",118,"1917","Sam Mendes",2019,8.2,"tt8579674","https://www.imdb.com/title/tt8579674",88,89,"Sam Mendes","Universal Pictures","Neal Street Productions, Amblin Entertainment","Universal Pictures","Dreamworks Pictures|Reliance Entertainment|New Republic Pictures"
"119",119,"Snatch","Guy Ritchie",2000,8.2,"tt0208092","https://www.imdb.com/title/tt0208092",93,74,"Guy Ritchie","Screen Gems","Columbia Pictures, SKA Films","Screen Gems","Columbia Pictures|SKA Films"
"120",120,"Amélie","Jean-Pierre Jeunet",2001,8.2,"tt0211915","https://www.imdb.com/title/tt0211915",95,89,"Jean-Pierre Jeunet","Miramax Films","MMC Independent GmbH, Tapioca Films, MMC Independent, France 3 Cinéma, UGC","Miramax Films","Claudie Ossard Productions|Union Générale Cinématographique (UGC)|Victoires Productions"
"121",121,"Toy Story 3","Lee Unkrich",2010,8.2,"tt0435761","https://www.imdb.com/title/tt0435761",90,98,"Lee Unkrich","Walt Disney","Pixar Animation Studios, Walt Disney Animation","Walt Disney","Walt Disney Pictures|Pixar Animation Studios"
"122",122,"To Kill a Mockingbird","Robert Mulligan",1962,8.2,"tt0056592","https://www.imdb.com/title/tt0056592",92,92,"Robert Mulligan","Universal Pictures","Universal International Pictures, Brentwood Productions","Universal Pictures","Pakula-Mulligan|Brentwood Productions"
"123",123,"For a Few Dollars More","Sergio Leone",1965,8.2,"tt0059578","https://www.imdb.com/title/tt0059578",94,92,"Sergio Leone",NA,"Produzioni Europee Associati, Constantin Film Produktion","Produzioni Europee Associati, Constantin Film Produktion","Produzioni Europee Associate (PEA)|Arturo González Producciones Cinematográficas|Constantin Film"
"124",124,"Up","Pete Docter",2009,8.2,"tt1049413","https://www.imdb.com/title/tt1049413",90,98,"Pete Docter, Bob Peterson","Walt Disney, Pixar Animation Studios","Pixar Animation Studios","Walt Disney, Pixar Animation Studios","Pixar Animation Studios|Walt Disney Pictures"
"125",125,"Indiana Jones and the Last Crusade","Steven Spielberg",1989,8.2,"tt0097576","https://www.imdb.com/title/tt0097576",94,88,"Steven Spielberg","Paramount Pictures","Paramount Pictures, Lucasfilm Ltd.","Paramount Pictures","Paramount Pictures|Lucasfilm"
"126",126,"L.A. Confidential","Curtis Hanson",1997,8.2,"tt0119488","https://www.imdb.com/title/tt0119488",94,99,"Curtis Hanson",NA,"Warner Brothers, Regency Enterprises","Warner Brothers, Regency Enterprises","New Regency Productions|The Wolper Organization|Warner Bros."
"127",127,"Heat","Michael Mann",1995,8.2,"tt0113277","https://www.imdb.com/title/tt0113277",94,87,"Michael Mann","Warner Bros.","Forward Pass, Regency Enterprises, Warner Brothers","Warner Bros.","Warner Bros.|New Regency Productions|Forward Pass"
"128",128,"Rashomon","Akira Kurosawa",1950,8.2,"tt0042876","https://www.imdb.com/title/tt0042876",93,98,"Akira Kurosawa","RKO Radio Pictures","Daiei Motion Picture Company","RKO Radio Pictures","Daiei"
"129",129,"Yojimbo","Akira Kurosawa",1961,8.2,"tt0055630","https://www.imdb.com/title/tt0055630",96,95,"Akira Kurosawa",NA,NA,NA,"Kurosawa Production Co.|Toho Company"
"130",130,"Ran","Akira Kurosawa",1985,8.2,"tt0089881","https://www.imdb.com/title/tt0089881",95,96,"Akira Kurosawa",NA,"Nippon Herald Films, Greenwich Film Productions, Herald Ace","Nippon Herald Films, Greenwich Film Productions, Herald Ace","Greenwich Film Productions|Herald Ace|Nippon Herald Films"
"131",131,"Die Hard","John McTiernan",1988,8.2,"tt0095016","https://www.imdb.com/title/tt0095016",94,94,"John McTiernan","20th Century Fox","Silver Pictures, Gordon Company","20th Century Fox","Twentieth Century Fox|Gordon Company|Silver Pictures"
"132",132,"Green Book","Peter Farrelly",2018,8.2,"tt6966692","https://www.imdb.com/title/tt6966692",91,77,"Peter Farrelly","Universal Pictures","Charles B. Wessler Entertainment, Innisfree Pictures","Universal Pictures","Participant|Dreamworks Pictures|Innisfree Pictures"
"133",133,"Downfall","Oliver Hirschbiegel",2004,8.2,"tt0363163","https://www.imdb.com/title/tt0363163",94,90,"Oliver Hirschbiegel",NA,"RAI Cinema, Österreichischer Rundfunk (ORF) [at], Constantin Film Produktion, Degeto Film, EOS Entertainment","RAI Cinema, Österreichischer Rundfunk (ORF) [at], Constantin Film Produktion, Degeto Film, EOS Entertainment","Constantin Film|Norddeutscher Rundfunk (NDR)|Westdeutscher Rundfunk (WDR)"
"134",134,"Monty Python and the Holy Grail","Terry Gilliam",1975,8.2,"tt0071853","https://www.imdb.com/title/tt0071853",95,97,"Terry Gilliam, Terry Jones","Columbia Pictures","Michael White Productions, Python (Monty) Pictures Limited, National Film Trustee Company","Columbia Pictures","Python (Monty) Pictures|Michael White Productions|National Film Trustee Company"
"135",135,"All About Eve","Joseph L. Mankiewicz",1950,8.2,"tt0042192","https://www.imdb.com/title/tt0042192",94,99,"Joseph L. Mankiewicz",NA,"Twentieth Century Fox","Twentieth Century Fox","Twentieth Century Fox"
"136",136,"Some Like It Hot","Billy Wilder",1959,8.2,"tt0053291","https://www.imdb.com/title/tt0053291",94,94,"Billy Wilder","Metro-Goldwyn-Mayer","United Artists, Ashton Productions, Mirisch Company","Metro-Goldwyn-Mayer","Ashton Productions|The Mirisch Corporation"
"137",137,"Batman Begins","Christopher Nolan",2005,8.2,"tt0372784","https://www.imdb.com/title/tt0372784",94,84,"Christopher Nolan","Warner Bros. Pictures","Warner Brothers, Di Bonaventura Pictures","Warner Bros. Pictures","Warner Bros.|Syncopy|DC Comics"
"138",138,"Unforgiven","Clint Eastwood",1992,8.2,"tt0105695","https://www.imdb.com/title/tt0105695",93,96,"Clint Eastwood",NA,"Warner Brothers, Malpaso Company","Warner Brothers, Malpaso Company","Warner Bros.|Malpaso Productions"
"139",139,"Children of Heaven","Majid Majidi",1997,8.2,"tt0118849","https://www.imdb.com/title/tt0118849",96,83,"Majid Majidi",NA,"Miramax","Miramax","Kanun parvaresh fekri"
"140",140,"Howl's Moving Castle","Hayao Miyazaki",2004,8.2,"tt0347149","https://www.imdb.com/title/tt0347149",93,87,"Hayao Miyazaki","Buena Vista Pictures","Walt Disney Pictures, Studio Ghibli","Buena Vista Pictures","Buena Vista Home Entertainment|DENTSU Music And Entertainment|Mitsubishi"
"141",141,"The Wolf of Wall Street","Martin Scorsese",2013,8.2,"tt0993846","https://www.imdb.com/title/tt0993846",83,79,"Martin Scorsese","Paramount Pictures","Appian Way, Emjag, Sikelia","Paramount Pictures","Red Granite Pictures|Appian Way|Sikelia Productions"
"142",142,"Judgment at Nuremberg","Stanley Kramer",1961,8.2,"tt0055031","https://www.imdb.com/title/tt0055031",93,92,"Stanley Kramer",NA,"Roxlom Films Inc.","Roxlom Films Inc.","Roxlom Films Inc."
"143",143,"The Great Escape","John Sturges",1963,8.2,"tt0057115","https://www.imdb.com/title/tt0057115",95,94,"John Sturges",NA,"Mirisch Company","Mirisch Company","The Mirisch Company|Alpha"
"144",144,"Casino","Martin Scorsese",1995,8.2,"tt0112641","https://www.imdb.com/title/tt0112641",93,79,"Martin Scorsese",NA,"Universal Pictures","Universal Pictures","Universal Pictures|Syalis DA|Légende Entreprises"
"145",145,"There Will Be Blood","Paul Thomas Anderson",2007,8.2,"tt0469494","https://www.imdb.com/title/tt0469494",86,91,"Paul Thomas Anderson","Paramount Pictures","Paramount Vantage, Miramax Films, Scott Rudin Productions, Ghoulardi Film Company","Paramount Pictures","Paramount Vantage|Miramax|Ghoulardi Film Company"
"146",146,"The Treasure of the Sierra Madre","John Huston",1948,8.2,"tt0040897","https://www.imdb.com/title/tt0040897",93,100,"John Huston",NA,"Warner Brothers","Warner Brothers","Warner Bros."
"147",147,"Pan's Labyrinth","Guillermo del Toro",2006,8.1,"tt0457430","https://www.imdb.com/title/tt0457430",91,95,"Guillermo del Toro","Picturehouse","Warner Bros., Tequila Gang","Picturehouse","Tequila Gang|Estudios Picasso|Esperanto Filmoj"
"148",148,"A Beautiful Mind","Ron Howard",2001,8.1,"tt0268978","https://www.imdb.com/title/tt0268978",93,74,"Ron Howard","Universal Pictures","DreamWorks, Imagine Entertainment, Universal Pictures","Universal Pictures","Universal Pictures|Dreamworks Pictures|Imagine Entertainment"
"149",149,"The Secret in Their Eyes","Juan José Campanella",2009,8.1,"tt1305806","https://www.imdb.com/title/tt1305806",93,89,"Juan José Campanella","Sony Pictures Classics","Tornasol Films S.A., Canal+ España","Sony Pictures Classics","Tornasol Films|Haddock Films|100 Bares"
"150",150,"Raging Bull","Martin Scorsese",1980,8.1,"tt0081398","https://www.imdb.com/title/tt0081398",93,94,"Martin Scorsese","United Artists","United Artists, Chartoff-Winkler Productions","United Artists","Chartoff-Winkler Productions"
"151",151,"My Neighbor Totoro","Hayao Miyazaki",1988,8.1,"tt0096283","https://www.imdb.com/title/tt0096283",94,94,"Hayao Miyazaki",NA,"Studio Ghibli","Studio Ghibli","Tokuma Japan Communications|Studio Ghibli|Nibariki"
"152",152,"Chinatown","Roman Polanski",1974,8.1,"tt0071315","https://www.imdb.com/title/tt0071315",93,99,"Roman Polanski",NA,"Paramount Pictures","Paramount Pictures","Paramount Pictures|Penthouse Video|Long Road Productions"
"153",153,"Lock, Stock and Two Smoking Barrels","Guy Ritchie",1998,8.1,"tt0120735","https://www.imdb.com/title/tt0120735",93,75,"Guy Ritchie","Gramercy Pictures","SKA Films, Steve Tisch Company","Gramercy Pictures","Summit Entertainment|The Steve Tisch Company|SKA Films"
"154",154,"The Gold Rush","Charles Chaplin",1925,8.1,"tt0015864","https://www.imdb.com/title/tt0015864",93,100,"Charlie Chaplin","United Artists","Charles Chaplin Productions","United Artists","Charles Chaplin Productions"
"155",155,"Shutter Island","Martin Scorsese",2010,8.1,"tt1130884","https://www.imdb.com/title/tt1130884",77,68,"Martin Scorsese","Paramount Pictures","Phoenix, Sikelia, Appian Way","Paramount Pictures","Paramount Pictures|Phoenix Pictures|Sikelia Productions"
"156",156,"No Country for Old Men","Ethan Coen",2007,8.1,"tt0477348","https://www.imdb.com/title/tt0477348",86,93,"Joel Coen, Ethan Coen","Miramax Films","Paramount Vantage, Miramax, Scott Rudin Productions","Miramax Films","Paramount Vantage|Miramax|Scott Rudin Productions"
"157",157,"Dial M for Murder","Alfred Hitchcock",1954,8.1,"tt0046912","https://www.imdb.com/title/tt0046912",92,89,"Alfred Hitchcock","Warner Bros. Pictures","Warner Brothers","Warner Bros. Pictures","Warner Bros."
"158",158,"The Seventh Seal","Ingmar Bergman",1957,8.1,"tt0050976","https://www.imdb.com/title/tt0050976",93,94,"Ingmar Bergman",NA,"Svensk Filmindustri","Svensk Filmindustri","Svensk Filmindustri (SF)"
"159",159,"Three Billboards Outside Ebbing, Missouri","Martin McDonagh",2017,8.1,"tt5027774","https://www.imdb.com/title/tt5027774",87,90,"Martin McDonagh","Fox Searchlight","Fox Searchlight, Blueprint Pictures, Film4","Fox Searchlight","Blueprint Pictures|Film 4|Fox Searchlight Pictures"
"160",160,"The Elephant Man","David Lynch",1980,8.1,"tt0080678","https://www.imdb.com/title/tt0080678",93,92,"David Lynch",NA,"Paramount","Paramount","Brooksfilms"
"161",161,"The Thing","John Carpenter",1982,8.1,"tt0084787","https://www.imdb.com/title/tt0084787",92,86,"John Carpenter",NA,"Universal Pictures, Turman-Foster Company","Universal Pictures, Turman-Foster Company","Universal Pictures|Turman-Foster Company"
"162",162,"The Sixth Sense","M. Night Shyamalan",1999,8.1,"tt0167404","https://www.imdb.com/title/tt0167404",90,86,"M. Night Shyamalan","Buena Vista Pictures","Hollywood Pictures, Spyglass Entertainment","Buena Vista Pictures","Hollywood Pictures|Spyglass Entertainment|The Kennedy/Marshall Company"
"163",163,"Klaus","Sergio Pablos",2019,8.1,"tt4729430","https://www.imdb.com/title/tt4729430",96,94,"Sergio Pablos","Netflix","The SPA Studios, Atresmedia Cine","Netflix","The SPA Studios|Atresmedia Cine|Netflix Animation"
"164",164,"The Third Man","Carol Reed",1949,8.1,"tt0041959","https://www.imdb.com/title/tt0041959",93,99,"Carol Reed","Spiegel Media GmbH, Warner Home Vídeo, Selznick International Pictures, British Lion Films Ltd., Continental Home Vídeo [br], Vintage Video","British Lion Film Corporation, London Film Production","Spiegel Media GmbH, Warner Home Vídeo, Selznick International Pictures, British Lion Films Ltd., Continental Home Vídeo [br], Vintage Video","London Film Productions"
"165",165,"Wild Strawberries","Ingmar Bergman",1957,8.1,"tt0050986","https://www.imdb.com/title/tt0050986",94,96,"Ingmar Bergman",NA,"Svensk Filmindustri","Svensk Filmindustri","Svensk Filmindustri (SF)"
"166",166,"V for Vendetta","James McTeigue",2005,8.1,"tt0434409","https://www.imdb.com/title/tt0434409",90,73,"James McTeigue","Warner Bros.","Virtual Studios, Warner Bros., Anarchos Productions Inc., Silver Pictures","Warner Bros.","Warner Bros.|Virtual Studios|Silver Pictures"
"167",167,"Jurassic Park","Steven Spielberg",1993,8.1,"tt0107290","https://www.imdb.com/title/tt0107290",91,92,"Steven Spielberg","Universal Pictures","Universal Pictures, Amblin Entertainment","Universal Pictures","Universal Pictures|Amblin Entertainment"
"168",168,"Inside Out","Pete Docter",2015,8.1,"tt2096673","https://www.imdb.com/title/tt2096673",89,98,"Pete Docter","Walt Disney","Pixar Animation Studios, Walt Disney Pictures","Walt Disney","Pixar Animation Studios|Walt Disney Pictures"
"169",169,"The Truman Show","Peter Weir",1998,8.1,"tt0120382","https://www.imdb.com/title/tt0120382",89,95,"Peter Weir",NA,"Paramount Pictures, Scott Rudin Productions","Paramount Pictures, Scott Rudin Productions","Paramount Pictures|Scott Rudin Productions"
"170",170,"Memories of Murder","Bong Joon Ho",2003,8.1,"tt0353969","https://www.imdb.com/title/tt0353969",94,95,"Bong Joon-ho",NA,"CJ Entertainment, Sidus, Muhan Investment","CJ Entertainment, Sidus, Muhan Investment","Sidus|CJ Entertainment|Muhan Investment"
"171",171,"Blade Runner","Ridley Scott",1982,8.1,"tt0083658","https://www.imdb.com/title/tt0083658",91,90,"Ridley Scott","Warner Bros. Pictures","Blade Runner Partnership, Ladd Company","Warner Bros. Pictures","The Ladd Company|Shaw Brothers|Warner Bros."
"172",172,"Trainspotting","Danny Boyle",1996,8.1,"tt0117951","https://www.imdb.com/title/tt0117951",93,91,"Danny Boyle","Miramax Films","Figment Films, Noel Gay Motion Picture Company, PolyGram Filmed Entertainment","Miramax Films","Channel Four Films|Figment Films|The Noel Gay Motion Picture Company"
"173",173,"The Bridge on the River Kwai","David Lean",1957,8.1,"tt0050212","https://www.imdb.com/title/tt0050212",93,95,"David Lean","Columbia Pictures","Columbia Pictures, Horizon Films","Columbia Pictures","Horizon Pictures (II)"
"174",174,"Warrior","Gavin O'Connor",2011,8.1,"tt1291584","https://www.imdb.com/title/tt1291584",92,83,"Gavin O'Connor","Lionsgate Films","Lionsgate, Mimran Schur Pictures","Lionsgate Films","Lionsgate|Mimran Schur Pictures|Solaris"
"175",175,"Fargo","Joel Coen",1996,8.1,"tt0116282","https://www.imdb.com/title/tt0116282",93,94,"Joel Coen","Gramercy Pictures","Gramercy Pictures, PolyGram Filmed Entertainment","Gramercy Pictures","PolyGram Filmed Entertainment|Working Title Films"
"176",176,"Finding Nemo","Andrew Stanton",2003,8.1,"tt0266543","https://www.imdb.com/title/tt0266543",86,99,"Andrew Stanton","Walt Disney Pictures","Pixar Animation Studios","Walt Disney Pictures","Pixar Animation Studios|Walt Disney Pictures"
"177",177,"Tokyo Story","Yasujirô Ozu",1953,8.1,"tt0046438","https://www.imdb.com/title/tt0046438",93,100,"Yasujirô Ozu","Shochiku Films Ltd., New Yorker Films, Criterion Collection, DeA Planeta S.L.","Shochiku Films","Shochiku Films Ltd., New Yorker Films, Criterion Collection, DeA Planeta S.L.","Shochiku"
"178",178,"Gone with the Wind","Victor Fleming",1939,8.1,"tt0031381","https://www.imdb.com/title/tt0031381",92,90,"Victor Fleming","Metro-Goldwyn-Mayer","Selznick International Pictures","Metro-Goldwyn-Mayer","Selznick International Pictures|Metro-Goldwyn-Mayer (MGM)"
"179",179,"Kill Bill: Vol. 1","Quentin Tarantino",2003,8.1,"tt0266697","https://www.imdb.com/title/tt0266697",81,85,"Quentin Tarantino","Miramax Films","A Band Apart","Miramax Films","Miramax|A Band Apart|Super Cool ManChu"
"180",180,"My Father and My Son","Cagan Irmak",2005,8.1,"tt0476735","https://www.imdb.com/title/tt0476735",97,NA,"Çagan Irmak",NA,NA,NA,"Avsar Film"
"181",181,"On the Waterfront","Elia Kazan",1954,8.1,"tt0047296","https://www.imdb.com/title/tt0047296",95,99,"Elia Kazan",NA,"Columbia Pictures Corporation","Columbia Pictures Corporation","Horizon Pictures"
"182",182,"Stalker","Andrei Tarkovsky",1979,8.1,"tt0079944","https://www.imdb.com/title/tt0079944",93,100,"Andrei Tarkovsky",NA,"Mosfilm","Mosfilm","Mosfilm|Vtoroe Tvorcheskoe Obedinenie"
"183",183,"Wild Tales","Damián Szifron",2014,8.1,"tt3011894","https://www.imdb.com/title/tt3011894",92,94,"Damián David Szifron","Sony Pictures Classics","Kramer & Sigman Films, Telefe, El Deseo S.A.","Sony Pictures Classics","Kramer & Sigman Films|El Deseo|Televisión Federal (Telefe)"
"184",184,"Sherlock Jr.","Buster Keaton",1924,8.1,"tt0015324","https://www.imdb.com/title/tt0015324",95,92,"Buster Keaton",NA,"Buster Keaton Productions Inc. [us]","Buster Keaton Productions Inc. [us]","Buster Keaton Productions"
"185",185,"The General","Clyde Bruckman",1926,8.1,"tt0017925","https://www.imdb.com/title/tt0017925",92,93,"Clyde Bruckman, Buster Keaton","Image Entertainment Inc., Radio Films S.A.E.S.A. [es], Cineteca S.A., Madacy Entertainment Group Inc. [us], Andrés Vicente Gómez Montero [es], Reel Media International [us], United Artists, Kino Video, Thames Video Collection, Republic Pictures, Aikman Video, LS Video","United Artists, Buster Keaton Productions Inc. [us]","Image Entertainment Inc., Radio Films S.A.E.S.A. [es], Cineteca S.A., Madacy Entertainment Group Inc. [us], Andrés Vicente Gómez Montero [es], Reel Media International [us], United Artists, Kino Video, Thames Video Collection, Republic Pictures, Aikman Video, LS Video","Buster Keaton Productions|Joseph M. Schenck Productions"
"186",186,"The Deer Hunter","Michael Cimino",1978,8.1,"tt0077416","https://www.imdb.com/title/tt0077416",92,92,"Michael Cimino",NA,"Universal Pictures","Universal Pictures","EMI Films|Universal Pictures"
"187",187,"Gran Torino","Clint Eastwood",2008,8.1,"tt1205489","https://www.imdb.com/title/tt1205489",90,81,"Clint Eastwood","Warner Bros.","Malpaso Company","Warner Bros.","Matten Productions|Double Nickel Entertainment|Gerber Pictures"
"188",188,"Persona","Ingmar Bergman",1966,8.1,"tt0060827","https://www.imdb.com/title/tt0060827",94,91,"Ingmar Bergman","Lopert Pictures Corp., Video Yesteryear, Reel Media International [us], United Artists, MGM/UA Home Entertainment Inc.","Svensk Filmindustri","Lopert Pictures Corp., Video Yesteryear, Reel Media International [us], United Artists, MGM/UA Home Entertainment Inc.","AB Svensk Filmindustri"
"189",189,"The Grand Budapest Hotel","Wes Anderson",2014,8.1,"tt2278388","https://www.imdb.com/title/tt2278388",86,92,"Wes Anderson","Fox Searchlight","American Empirical Pictures","Fox Searchlight","Fox Searchlight Pictures|Indian Paintbrush|Studio Babelsberg"
"190",190,"Prisoners","Denis Villeneuve",2013,8.1,"tt1392214","https://www.imdb.com/title/tt1392214",87,81,"Denis Villeneuve","Warner Bros.","8:38 Productions, Madhouse Entertainment","Warner Bros.","Alcon Entertainment|8:38 Productions|Madhouse Entertainment"
"191",191,"Before Sunrise","Richard Linklater",1995,8.1,"tt0112471","https://www.imdb.com/title/tt0112471",93,100,"Richard Linklater",NA,"Castle Rock Entertainment, Columbia Pictures Corporation, Detour Filmproduction","Castle Rock Entertainment, Columbia Pictures Corporation, Detour Filmproduction","Castle Rock Entertainment|Detour Filmproduction|Filmhaus Wien Universa Filmproduktions"
"192",192,"Mary and Max","Adam Elliot",2009,8.1,"tt0978762","https://www.imdb.com/title/tt0978762",92,95,"Adam Elliot",NA,"Melodrama Pictures","Melodrama Pictures","Melodrama Pictures"
"193",193,"Mr. Smith Goes to Washington","Frank Capra",1939,8.1,"tt0031679","https://www.imdb.com/title/tt0031679",94,96,"Frank Capra","Columbia Pictures, Columbia TriStar Home Video, Columbia Tristar","Columbia Pictures Corporation","Columbia Pictures, Columbia TriStar Home Video, Columbia Tristar","Columbia Pictures"
"194",194,"Room","Lenny Abrahamson",2015,8.1,"tt3170832","https://www.imdb.com/title/tt3170832",93,93,"Lenny Abrahamson","A24","No Trace Camping, Element Pictures","A24","Element Pictures|Film 4|FilmNation Entertainment"
"195",195,"In the Name of the Father","Jim Sheridan",1993,8.1,"tt0107207","https://www.imdb.com/title/tt0107207",95,94,"Jim Sheridan","Universal Pictures","Universal Pictures, Hell's Kitchen Films","Universal Pictures","Hell's Kitchen Films|Universal Pictures"
"196",196,"Catch Me If You Can","Steven Spielberg",2002,8.1,"tt0264464","https://www.imdb.com/title/tt0264464",89,96,"Steven Spielberg","DreamWorks SKG","Parkes/MacDonald, DreamWorks SKG, Amblin Entertainment, Splendid Pictures","DreamWorks SKG","Dreamworks Pictures|Kemp Company|Splendid Pictures"
"197",197,"Barry Lyndon","Stanley Kubrick",1975,8.1,"tt0072684","https://www.imdb.com/title/tt0072684",92,91,"Stanley Kubrick","Warner Bros. Pictures","Hawk Films, Peregrine","Warner Bros. Pictures","Peregrine|Hawk Films|Warner Bros."
"198",198,"Gone Girl","David Fincher",2014,8.1,"tt2267998","https://www.imdb.com/title/tt2267998",87,87,"David Fincher","20th Century Fox","TSG Entertainment","20th Century Fox","Twentieth Century Fox|New Regency Productions|TSG Entertainment"
"199",199,"Hacksaw Ridge","Mel Gibson",2016,8.1,"tt2119532","https://www.imdb.com/title/tt2119532",91,84,"Mel Gibson","Lionsgate Films","Kylin Pictures, Demarest Films, Pandemonium, IM Global, Cross Creek Pictures, Tunnel Post","Lionsgate Films","Summit Entertainment|Cross Creek Pictures|Demarest Films"
"200",200,"Andhadhun","Sriram Raghavan",2018,8.1,"tt8108198","https://www.imdb.com/title/tt8108198",91,100,"Sriram Raghavan",NA,"Matchbox Pictures Inc., Viacom 18 Motion Pictures","Matchbox Pictures Inc., Viacom 18 Motion Pictures","Matchbox Pictures|Viacom18 Motion Pictures"
"201",201,"To Be or Not to Be","Ernst Lubitsch",1942,8.1,"tt0035446","https://www.imdb.com/title/tt0035446",93,96,"Ernst Lubitsch",NA,"Ernst Lubitsch-Film","Ernst Lubitsch-Film","Romaine Film Corporation"
"202",202,"The Passion of Joan of Arc","Carl Theodor Dreyer",1928,8.1,"tt0019254","https://www.imdb.com/title/tt0019254",93,98,"Carl Theodor Dreyer",NA,"Société générale des films","Société générale des films","Société générale des films"
"203",203,"Ford v Ferrari","James Mangold",2019,8.1,"tt1950186","https://www.imdb.com/title/tt1950186",98,92,"James Mangold","20th Century Fox","20th Century Fox, Chernin Entertainment","20th Century Fox","Chernin Entertainment|TSG Entertainment|Turnpike Films"
"204",204,"12 Years a Slave","Steve McQueen",2013,8.1,"tt2024544","https://www.imdb.com/title/tt2024544",90,95,"Steve McQueen","Fox Searchlight","River Road, New Regency Pictures, Plan B Entertainment","Fox Searchlight","New Regency Productions|River Road Entertainment|Plan B Entertainment"
"205",205,"The Big Lebowski","Joel Coen",1998,8.1,"tt0118715","https://www.imdb.com/title/tt0118715",93,83,"Joel Coen","Gramercy Pictures","PolyGram Filmed Entertainment","Gramercy Pictures","Polygram Filmed Entertainment|Working Title Films"
"206",206,"How to Train Your Dragon","Dean DeBlois",2010,8.1,"tt0892769","https://www.imdb.com/title/tt0892769",91,99,"Christopher Sanders, Dean DeBlois","Paramount Pictures, DreamWorks SKG","DreamWorks Animation, Vertigo Entertainment","Paramount Pictures, DreamWorks SKG","DreamWorks Animation|Mad Hatter Entertainment|Vertigo Entertainment"
"207",207,"Mad Max: Fury Road","George Miller",2015,8.1,"tt1392190","https://www.imdb.com/title/tt1392190",86,97,"George Miller","Warner Bros. Pictures","Kennedy Miller Mitchell, Village Roadshow Pictures, Warner Bros. Pictures","Warner Bros. Pictures","Warner Bros.|Village Roadshow Pictures|Kennedy Miller Productions"
"208",208,"Dead Poets Society","Peter Weir",1989,8.1,"tt0097165","https://www.imdb.com/title/tt0097165",92,85,"Peter Weir",NA,"Touchstone Pictures","Touchstone Pictures","Touchstone Pictures|Silver Screen Partners IV|A Steven Haft Production"
"209",209,"Ben-Hur","William Wyler",1959,8.1,"tt0052618","https://www.imdb.com/title/tt0052618",89,86,"William Wyler","Metro-Goldwyn-Mayer","Metro Goldwyn Mayer","Metro-Goldwyn-Mayer","Metro-Goldwyn-Mayer (MGM)"
"210",210,"Autumn Sonata","Ingmar Bergman",1978,8.1,"tt0077711","https://www.imdb.com/title/tt0077711",92,86,"Ingmar Bergman",NA,"Suede Film, Filmédis, Personafilm, Incorporated Television Company","Suede Film, Filmédis, Personafilm, Incorporated Television Company","Persona Film|Suede Film|Incorporated Television Company (ITC)"
"211",211,"The Wages of Fear","Henri-Georges Clouzot",1953,8.1,"tt0046268","https://www.imdb.com/title/tt0046268",95,100,"Henri-Georges Clouzot","DCA Releasing","Filmsonor, Vera Films","DCA Releasing","Compagnie Industrielle et Commerciale Cinématographique (CICC)|Filmsonor|Vera Films"
"212",212,"Million Dollar Baby","Clint Eastwood",2004,8.1,"tt0405159","https://www.imdb.com/title/tt0405159",90,90,"Clint Eastwood","Warner Bros.","Malpaso Company","Warner Bros.","Warner Bros.|Lakeshore Entertainment|Malpaso Productions"
"213",213,"Harry Potter and the Deathly Hallows: Part 2","David Yates",2011,8.1,"tt1201607","https://www.imdb.com/title/tt1201607",89,96,"David Yates","Warner Bros. Pictures","Warner Bros., Moving Picture Company, Heyday Films","Warner Bros. Pictures","Warner Bros.|Heyday Films|Moving Picture Company (MPC)"
"214",214,"The Handmaiden","Park Chan-Wook",2016,8.1,"tt4016934","https://www.imdb.com/title/tt4016934",91,95,"Park Chan-wook","Amazon Studios, Magnolia Pictures","Moho Film, Yong Film","Amazon Studios, Magnolia Pictures","CJ Entertainment|Moho Film|Yong Film"
"215",215,"Network","Sidney Lumet",1976,8.1,"tt0074958","https://www.imdb.com/title/tt0074958",93,91,"Sidney Lumet",NA,"United Artists, Metro Goldwyn Mayer","United Artists, Metro Goldwyn Mayer","Metro-Goldwyn-Mayer (MGM)"
"216",216,"Stand by Me","Rob Reiner",1986,8.1,"tt0092005","https://www.imdb.com/title/tt0092005",94,91,"Rob Reiner",NA,"Columbia Pictures Corporation","Columbia Pictures Corporation","Columbia Pictures|Act III|Act III Communications"
"217",217,"Cool Hand Luke","Stuart Rosenberg",1967,8.1,"tt0061512","https://www.imdb.com/title/tt0061512",95,100,"Stuart Rosenberg","Warner Home Vídeo, Warner Bros. Pictures","Warner Brothers, Jalem Productions","Warner Home Vídeo, Warner Bros. Pictures","Jalem Productions"
"218",218,"Logan","James Mangold",2017,8.1,"tt3315342","https://www.imdb.com/title/tt3315342",90,93,"James Mangold","20th Century Fox","Marvel Entertainment, 20th Century Fox, Hutch Parker Entertainment, Donners' Company","20th Century Fox","Twentieth Century Fox|Marvel Entertainment|TSG Entertainment"
"219",219,"The 400 Blows","François Truffaut",1959,8.1,"tt0053198","https://www.imdb.com/title/tt0053198",94,98,"François Truffaut","Criterion Collection","Les Films du Carrosse","Criterion Collection","Les Films du Carrosse|Sédif Productions"
"220",220,"Gangs of Wasseypur","Anurag Kashyap",2012,8,"tt1954470","https://www.imdb.com/title/tt1954470",90,97,"Anurag Kashyap",NA,NA,NA,"Jar Pictures|AKFPL|Bohra Bros Productions"
"221",221,"Hachi: A Dog's Tale","Lasse Hallström",2009,8,"tt1028532","https://www.imdb.com/title/tt1028532",84,64,"Lasse Hallström",NA,"Stage 6 Films, Inferno Distribution","Stage 6 Films, Inferno Distribution","Stage 6 Films|Inferno Distribution|Hachiko"
"222",222,"La Haine","Mathieu Kassovitz",1995,8,"tt0113247","https://www.imdb.com/title/tt0113247",95,100,"Mathieu Kassovitz",NA,"Les Productions Lazennec, Canal+, Kasso Inc. Productions, Egg Pictures, PolyGram Filmed Entertainment","Les Productions Lazennec, Canal+, Kasso Inc. Productions, Egg Pictures, PolyGram Filmed Entertainment","Le Studio Canal+|La Sept Cinéma|Kasso Inc. Productions"
"223",223,"The Bandit","Yavuz Turgul",1996,8,"tt0116231","https://www.imdb.com/title/tt0116231",86,86,"Jesse Moss",NA,"Mile End Films West","Mile End Films West","Artcam International|Filma-Cass|Geopoly"
"224",224,"Platoon","Oliver Stone",1986,8,"tt0091763","https://www.imdb.com/title/tt0091763",93,87,"Oliver Stone",NA,"Hemdale Film Corporation [us]","Hemdale Film Corporation [us]","Hemdale|Cinema '84|Cinema 86"
"225",225,"Spotlight","Tom McCarthy",2015,8,"tt1895587","https://www.imdb.com/title/tt1895587",93,97,"Tom McCarthy","Open Road","Anonymous Content, Rocklin/Faust","Open Road","Participant|First Look Media|Anonymous Content"
"226",226,"A Silent Voice: The Movie","Naoko Yamada",2016,8,"tt5323662","https://www.imdb.com/title/tt5323662",93,94,"Naoko Yamada","Eleven Arts","Kodansha Ltd., Shochiku Company, Pony Canyon Inc.","Eleven Arts","ABC Animation|Kodansha|Kyoto Animation"
"227",227,"Monty Python's Life of Brian","Terry Jones",1979,8,"tt0079470","https://www.imdb.com/title/tt0079470",93,95,"Terry Jones",NA,"Paramount","Paramount","HandMade Films|Python (Monty) Pictures"
"228",228,"Rebecca","Alfred Hitchcock",1940,8,"tt0032976","https://www.imdb.com/title/tt0032976",92,100,"Alfred Hitchcock","United Artists","Selznick International Pictures","United Artists","Selznick International Pictures"
"229",229,"Monsters, Inc.","Pete Docter",2001,8,"tt0198781","https://www.imdb.com/title/tt0198781",90,96,"Pete Docter","Walt Disney Pictures","Walt Disney Productions, Pixar Animation Studios","Walt Disney Pictures","Pixar Animation Studios|Walt Disney Pictures"
"230",230,"Hotel Rwanda","Terry George",2004,8,"tt0395169","https://www.imdb.com/title/tt0395169",94,91,"Terry George","United Artists","United Artists","United Artists","United Artists|Lions Gate Films|Industrial Development Corporation of South Africa"
"231",231,"Rush","Ron Howard",2013,8,"tt1979320","https://www.imdb.com/title/tt1979320",88,89,"Ron Howard","Universal Pictures","Working Title Films, Revolution, Imagine Entertainment","Universal Pictures","Exclusive Media Group|Cross Creek Pictures|Imagine Entertainment"
"232",232,"In the Mood for Love","Kar-Wai Wong",2000,8,"tt0118694","https://www.imdb.com/title/tt0118694",94,91,"Kar-Wai Wong","Criterion Collection, Criterion Film Corp., USA Films","Paradis Film, Jet Tone Productions, Block 2 Pictures","Criterion Collection, Criterion Film Corp., USA Films","Block 2 Pictures|Jet Tone Production|Orly Films"
"233",233,"Into the Wild","Sean Penn",2007,8,"tt0758758","https://www.imdb.com/title/tt0758758",89,83,"Sean Penn","Paramount Pictures","Paramount Vantage, Art Linson Productions, River Road","Paramount Pictures","Paramount Vantage|Art Linson Productions|Into the Wild"
"234",234,"Andrei Rublev","Andrei Tarkovsky",1966,8,"tt0060107","https://www.imdb.com/title/tt0060107",93,95,"Andrei Tarkovsky",NA,"Mosfilm","Mosfilm","Mosfilm|Tvorcheskoe Obedinienie Pisateley i Kinorabotnikov"
"235",235,"Love's a Bitch","Alejandro G. Iñárritu",2000,8,"tt0245712","https://www.imdb.com/title/tt0245712",94,93,"Alejandro González Iñárritu","Lionsgate Films","Altavista Films, Zeta Film","Lionsgate Films","Altavista Films|Zeta Film"
"236",236,"Rocky","John G. Avildsen",1976,8,"tt0075148","https://www.imdb.com/title/tt0075148",69,93,"John G. Avildsen","MGM/UA Home Entertainment Inc., CBS/Fox, United Artists","United Artists","MGM/UA Home Entertainment Inc., CBS/Fox, United Artists","Chartoff-Winkler Productions"
"237",237,"It Happened One Night","Frank Capra",1934,8,"tt0025316","https://www.imdb.com/title/tt0025316",93,99,"Frank Capra",NA,"Columbia Pictures Corporation","Columbia Pictures Corporation","Columbia Pictures"
"238",238,"Nausicaä of the Valley of the Wind","Hayao Miyazaki",1984,8,"tt0087544","https://www.imdb.com/title/tt0087544",82,89,"Hayao Miyazaki",NA,"Studio Ghibli","Studio Ghibli","Nibariki|Tokuma Shoten|Hakuhodo"
"239",239,"Neon Genesis Evangelion: The End of Evangelion","Hideaki Anno",1997,8,"tt0169858","https://www.imdb.com/title/tt0169858",85,88,"Hideaki Anno, Kazuya Tsurumaki",NA,"Gainex, Production IP, TV Tokyo","Gainex, Production IP, TV Tokyo","Gainax|Kadokawa Shoten Publishing Co.|Movic"
"240",240,"The Battle of Algiers","Gillo Pontecorvo",1966,8,"tt0058946","https://www.imdb.com/title/tt0058946",95,99,"Gillo Pontecorvo","Rizzoli, Rialto Pictures, Criterion Collection, Image Entertainment Inc.","Cashbah, Igor Film","Rizzoli, Rialto Pictures, Criterion Collection, Image Entertainment Inc.","Igor Film|Casbah Film"
"241",241,"Before Sunset","Richard Linklater",2004,8,"tt0381681","https://www.imdb.com/title/tt0381681",92,94,"Richard Linklater",NA,"Warner Independent Pictures","Warner Independent Pictures","Warner Independent Pictures (WIP)|Castle Rock Entertainment|Detour Filmproduction"
"242",242,"Fanny and Alexander","Ingmar Bergman",1982,8,"tt0083922","https://www.imdb.com/title/tt0083922",94,100,"Ingmar Bergman",NA,"Persona Films, Cinematograph AB, Gaumont, Svenska Filminstitutet, SVT Drama","Persona Films, Cinematograph AB, Gaumont, Svenska Filminstitutet, SVT Drama","Cinematograph AB|Svenska Filminstitutet (SFI)|Gaumont"
"243",243,"Demon Slayer: Mugen Train","Haruo Sotozaki",2020,8,"tt11032374","https://www.imdb.com/title/tt11032374",99,98,"Haruo Sotozaki","Funimation",NA,"Funimation","Aniplex|Shueisha|Ufotable"
"244",244,"Three Colors: Red","Krzysztof Kieslowski",1994,8,"tt0111495","https://www.imdb.com/title/tt0111495",94,100,"Krzysztof Kieslowski",NA,"Canal+, MK2 Productions, CAB Productions, France 3 Cinéma, Office Fédéral de la Culture","Canal+, MK2 Productions, CAB Productions, France 3 Cinéma, Office Fédéral de la Culture","MK2 Productions|France 3 Cinéma|CAB Productions"
"245",245,"Paris, Texas","Wim Wenders",1984,8,"tt0087884","https://www.imdb.com/title/tt0087884",93,97,"Wim Wenders",NA,"20th Century Fox","20th Century Fox","Road Movies Filmproduktion|Argos Films|Westdeutscher Rundfunk (WDR)"
"246",246,"The Princess Bride","Rob Reiner",1987,8,"tt0093779","https://www.imdb.com/title/tt0093779",94,97,"Rob Reiner","20th Century Fox","Act III Communications, Princess Bride Ltd., Buttercup Films Ltd.","20th Century Fox","Act III Communications|Buttercup Films Ltd.|The Princess Bride Ltd."
"247",247,"Raatchasan","Ram Kumar",2018,8,"tt7060344","https://www.imdb.com/title/tt7060344",96,85,"Rahi Anil Barve, Adesh Prasad","Eros International","Film i Väst, Filmgate Films","Eros International","Axess Film Factory"
"248",248,"Rififi","Jules Dassin",1955,8,"tt0048021","https://www.imdb.com/title/tt0048021",95,92,"Jules Dassin","UMPO, Criterion Collection, Rialto Pictures","Prima Film, Indusfilms, Société Nouvelle Prodis","UMPO, Criterion Collection, Rialto Pictures","Pathé Consortium Cinéma|Indusfilms|Société Nouvelle Pathé Cinéma"
"249",249,"Nights of Cabiria","Federico Fellini",1957,8,"tt0050783","https://www.imdb.com/title/tt0050783",94,100,"Federico Fellini",NA,"Dino de Laurentiis Corp., Les Films Marceau","Dino de Laurentiis Corp., Les Films Marceau","Dino de Laurentiis Cinematografica|Les Films Marceau"
"250",250,"Hera Pheri","Priyadarshan",2000,8,"tt0242519","https://www.imdb.com/title/tt0242519",92,NA,"Priyadarsan",NA,"A.G. Films","A.G. Films","A.G. Films"
