tconst,your_rating,personal_rank,elo,wins,losses,manual,graduated
tt0903747,10,1,1392,6,0,FALSE,TRUE
tt0417299,10,2,1389,5,1,TRUE,TRUE
tt6741278,10,3,1386,6,0,FALSE,TRUE
tt0468569,10,4,1386,6,0,FALSE,TRUE
tt0119217,10,5,1384,6,0,FALSE,TRUE
tt0111161,10,6,1370,4,2,TRUE,TRUE
tt2560140,10,7,1359,4,2,TRUE,TRUE
tt0944947,10,8,1358,5,1,TRUE,TRUE
tt7678620,10,9,1357,4,2,TRUE,TRUE
tt10986410,10,10,1357,4,2,TRUE,TRUE
tt7366338,10,11,1357,4,2,TRUE,TRUE
tt4574334,10,12,1357,5,1,FALSE,TRUE
tt1375666,10,13,1357,5,1,FALSE,TRUE
tt2861424,10,14,1336,2,4,TRUE,TRUE
tt0892769,10,15,1328,4,2,FALSE,TRUE
tt4633694,10,16,1312,6,0,TRUE,TRUE
tt9362722,10,17,1308,5,1,TRUE,TRUE
tt3890160,10,18,1307,3,3,TRUE,TRUE
tt0317705,10,19,1306,3,3,TRUE,TRUE
tt0167260,10,20,1304,2,4,TRUE,FALSE
tt0382932,10,21,1303,2,4,TRUE,TRUE
tt0118799,10,22,1303,3,3,TRUE,TRUE
tt2380307,10,23,1302,0,6,TRUE,FALSE
tt7129636,10,24,1300,0,0,FALSE,FALSE
tt5807780,10,25,1300,0,0,FALSE,FALSE
tt0322968,10,26,1300,0,0,FALSE,FALSE
tt3554580,10,27,1300,0,0,FALSE,FALSE
tt1568322,10,28,1300,0,0,FALSE,FALSE
tt0110357,10,29,1297,3,3,FALSE,TRUE
tt3581920,10,30,1296,3,3,FALSE,TRUE
tt3530232,10,31,1296,3,3,FALSE,FALSE
tt11126994,10,32,1278,2,4,FALSE,TRUE
tt5687612,10,33,1272,2,4,FALSE,TRUE
tt1865718,10,34,1272,2,4,FALSE,TRUE
tt0458254,10,35,1271,2,4,FALSE,TRUE
tt5348176,10,36,1264,2,4,FALSE,TRUE
tt0266543,10,37,1247,1,5,FALSE,TRUE
tt0115147,10,38,1244,1,5,FALSE,TRUE
tt0795176,10,39,1242,1,5,FALSE,FALSE
tt3315342,10,40,1240,1,5,FALSE,TRUE
tt2582802,10,41,1228,0,6,TRUE,FALSE
tt8503618,10,42,1216,0,6,FALSE,FALSE
tt1190634,10,43,1214,0,6,FALSE,FALSE
tt8420184,10,44,1211,0,6,FALSE,FALSE
tt1877830,9,1,1461,26,3,FALSE,FALSE
tt15239678,9,2,1334,6,0,FALSE,TRUE
tt0437745,9,3,1308,5,1,FALSE,TRUE
tt3322312,9,4,1304,5,1,FALSE,TRUE
tt8946378,9,5,1274,1,0,FALSE,FALSE
tt0120917,9,6,1274,1,0,FALSE,FALSE
tt1439629,9,7,1269,1,0,FALSE,FALSE
tt5052448,9,8,1267,1,0,FALSE,FALSE
tt0296310,9,9,1267,1,0,FALSE,FALSE
tt0496424,9,10,1267,1,0,FALSE,FALSE
tt0361748,9,11,1266,1,0,FALSE,FALSE
tt2584384,9,12,1266,1,0,FALSE,FALSE
tt5027774,9,13,1266,1,0,FALSE,FALSE
tt3032476,9,14,1266,1,0,FALSE,FALSE
tt1475582,9,15,1265,1,0,FALSE,FALSE
tt0397306,9,16,1265,1,0,FALSE,FALSE
tt0120815,9,17,1254,1,1,FALSE,FALSE
tt31193180,9,18,1250,0,0,FALSE,FALSE
tt16027074,9,19,1250,0,0,FALSE,FALSE
tt29623480,9,20,1250,0,0,FALSE,FALSE
tt0816692,9,21,1250,0,0,FALSE,FALSE
tt15435876,9,22,1250,0,0,FALSE,FALSE
tt22022452,9,23,1250,0,0,FALSE,FALSE
tt14681596,9,24,1250,0,0,FALSE,FALSE
tt16026746,9,25,1250,0,0,FALSE,FALSE
tt0110413,9,26,1250,0,0,FALSE,FALSE
tt14452776,9,27,1250,0,0,FALSE,FALSE
tt13309742,9,28,1250,0,0,FALSE,FALSE
tt15398776,9,29,1250,0,0,FALSE,FALSE
tt14681924,9,30,1250,0,0,FALSE,FALSE
tt3915174,9,31,1250,0,0,FALSE,FALSE
tt12496734,9,32,1250,0,0,FALSE,FALSE
tt4468740,9,33,1250,1,1,FALSE,FALSE
tt20723374,9,34,1250,0,0,FALSE,FALSE
tt6710474,9,35,1250,0,0,FALSE,FALSE
tt10366460,9,36,1250,0,0,FALSE,FALSE
tt0477348,9,37,1250,0,0,FALSE,FALSE
tt5580036,9,38,1250,0,0,FALSE,FALSE
tt13146488,9,39,1250,0,0,FALSE,FALSE
tt0172495,9,40,1250,0,0,FALSE,FALSE
tt10872600,9,41,1250,0,0,FALSE,FALSE
tt4729430,9,42,1250,0,0,FALSE,FALSE
tt2953050,9,43,1250,0,0,FALSE,FALSE
tt8050756,9,44,1250,0,0,FALSE,FALSE
tt5691474,9,45,1250,0,0,FALSE,FALSE
tt2883512,9,46,1250,0,0,FALSE,FALSE
tt5834204,9,47,1250,0,0,FALSE,FALSE
tt0038650,9,48,1250,0,0,FALSE,FALSE
tt0325980,9,49,1250,0,0,FALSE,FALSE
tt7658402,9,50,1250,0,0,FALSE,FALSE
tt5613056,9,51,1250,0,0,FALSE,FALSE
tt3783958,9,52,1250,0,0,FALSE,FALSE
tt4154796,9,53,1250,0,0,FALSE,FALSE
tt6524350,9,54,1250,0,0,FALSE,FALSE
tt4154756,9,55,1250,0,0,FALSE,FALSE
tt5462602,9,56,1250,0,0,FALSE,FALSE
tt2527336,9,57,1250,0,0,FALSE,FALSE
tt1125798,9,58,1250,0,0,FALSE,FALSE
tt1450746,9,59,1250,0,0,FALSE,FALSE
tt1282022,9,60,1250,0,0,FALSE,FALSE
tt1225687,9,61,1250,0,0,FALSE,FALSE
tt0928380,9,62,1250,0,0,FALSE,FALSE
tt1392190,9,63,1250,0,0,FALSE,FALSE
tt2250912,9,64,1250,0,0,FALSE,FALSE
tt0451279,9,65,1250,0,0,FALSE,FALSE
tt3183660,9,66,1250,0,0,FALSE,FALSE
tt1490017,9,67,1250,0,0,FALSE,FALSE
tt3322314,9,68,1250,0,0,FALSE,FALSE
tt2401256,9,69,1250,0,0,FALSE,FALSE
tt1431045,9,70,1250,0,0,FALSE,FALSE
tt3498820,9,71,1250,0,0,FALSE,FALSE
tt0097576,9,72,1250,0,0,FALSE,FALSE
tt0407887,9,73,1250,0,0,FALSE,FALSE
tt1533395,9,74,1250,0,0,FALSE,FALSE
tt1020990,9,75,1250,0,0,FALSE,FALSE
tt3170832,9,76,1250,0,0,FALSE,FALSE
tt2357547,9,77,1250,0,0,FALSE,FALSE
tt0082971,9,78,1250,0,0,FALSE,FALSE
tt1877832,9,79,1250,0,0,FALSE,FALSE
tt2096673,9,80,1250,0,0,FALSE,FALSE
tt0050083,9,81,1250,0,0,FALSE,FALSE
tt0852863,9,82,1250,0,0,FALSE,FALSE
tt0149460,9,83,1250,0,0,FALSE,FALSE
tt1561755,9,84,1250,0,0,FALSE,FALSE
tt1486217,9,85,1250,0,0,FALSE,FALSE
tt2980516,9,86,1250,0,0,FALSE,FALSE
tt1535109,9,87,1250,0,0,FALSE,FALSE
tt1569923,9,88,1250,0,0,FALSE,FALSE
tt2820466,9,89,1250,0,0,FALSE,FALSE
tt0169590,9,90,1250,0,0,FALSE,FALSE
tt1285016,9,91,1250,0,0,FALSE,FALSE
tt1646971,9,92,1250,0,0,FALSE,FALSE
tt2084970,9,93,1250,0,0,FALSE,FALSE
tt1049413,9,94,1250,0,0,FALSE,FALSE
tt0435761,9,95,1250,0,0,FALSE,FALSE
tt0167261,9,96,1250,0,0,FALSE,FALSE
tt0120737,9,97,1250,0,0,FALSE,FALSE
tt0120623,9,98,1250,0,0,FALSE,FALSE
tt23289160,9,99,1242,0,1,FALSE,FALSE
tt0080684,9,100,1242,0,1,FALSE,FALSE
tt8579674,9,101,1241,0,1,FALSE,FALSE
tt0097165,9,102,1241,0,1,FALSE,FALSE
tt0316654,9,103,1241,0,1,FALSE,FALSE
tt1825683,9,104,1241,0,1,FALSE,FALSE
tt2278388,9,105,1241,0,1,FALSE,FALSE
tt0133093,9,106,1240,0,1,FALSE,FALSE
tt2948372,9,107,1239,0,1,FALSE,FALSE
tt4698684,9,108,1238,0,1,FALSE,FALSE
tt1010048,9,109,1238,0,1,FALSE,FALSE
tt3513388,9,110,1237,0,1,FALSE,FALSE
tt2386490,9,111,1237,0,1,FALSE,FALSE
tt7014006,9,112,1236,0,1,FALSE,FALSE
tt6317068,9,113,1236,0,1,FALSE,FALSE
tt1981558,9,114,1236,0,1,FALSE,FALSE
tt13159924,9,115,1235,0,1,FALSE,FALSE
tt10048342,9,116,1235,0,1,FALSE,FALSE
tt0118298,9,117,1235,0,1,FALSE,FALSE
tt5580390,9,118,1235,0,1,FALSE,FALSE
tt3606756,9,119,1235,0,1,FALSE,FALSE
tt1759761,9,120,1235,0,1,FALSE,FALSE
tt0386676,9,121,1235,0,1,FALSE,FALSE
tt9253284,9,122,1234,0,1,FALSE,FALSE
tt9811316,9,123,1234,0,1,FALSE,FALSE
tt4302938,9,124,1234,0,1,FALSE,FALSE
tt5034326,9,125,1234,0,1,FALSE,FALSE
tt2103281,9,126,1234,0,1,FALSE,FALSE
tt0470752,9,127,1234,0,1,FALSE,FALSE
tt1504320,9,128,1234,0,1,FALSE,FALSE
tt2024544,9,129,1234,0,1,FALSE,FALSE
tt1631867,9,130,1233,0,2,FALSE,FALSE
tt2092588,9,131,1232,0,1,FALSE,FALSE
tt6751668,9,132,1230,0,2,FALSE,FALSE
tt1979376,9,133,1229,0,2,FALSE,FALSE
tt1663202,9,134,1228,0,2,FALSE,FALSE
tt0209144,9,135,1225,0,2,FALSE,FALSE
tt6644200,9,136,1224,0,2,FALSE,FALSE
tt8111088,9,137,1221,2,4,FALSE,TRUE
tt8332922,9,138,1212,0,3,FALSE,FALSE
tt5013056,8,1,1394,20,2,FALSE,TRUE
tt0268978,8,2,1284,6,0,FALSE,TRUE
tt7286456,8,3,1266,4,0,FALSE,FALSE
tt1270798,8,4,1256,5,1,FALSE,TRUE
tt1843866,8,5,1237,2,0,FALSE,FALSE
tt0107688,8,6,1232,3,1,FALSE,FALSE
tt7979580,8,7,1231,2,0,FALSE,FALSE
tt0942385,8,8,1231,2,0,FALSE,FALSE
tt2872718,8,9,1231,2,0,FALSE,FALSE
tt5463162,8,10,1229,4,2,FALSE,TRUE
tt2543164,8,11,1219,2,1,FALSE,FALSE
tt7131622,8,12,1217,1,0,FALSE,FALSE
tt3521164,8,13,1217,1,0,FALSE,FALSE
tt3748528,8,14,1217,1,0,FALSE,FALSE
tt2802144,8,15,1217,1,0,FALSE,FALSE
tt0910970,8,16,1217,1,0,FALSE,FALSE
tt14364480,8,17,1216,1,0,FALSE,FALSE
tt5136700,8,18,1216,1,0,FALSE,FALSE
tt3501632,8,19,1216,1,0,FALSE,FALSE
tt3896198,8,20,1216,1,0,FALSE,FALSE
tt1136608,8,21,1216,1,0,FALSE,FALSE
tt0080339,8,22,1216,1,0,FALSE,FALSE
tt0398286,8,23,1216,1,0,FALSE,FALSE
tt1045658,8,24,1216,1,0,FALSE,FALSE
tt0926084,8,25,1216,1,0,FALSE,FALSE
tt0848228,8,26,1216,1,0,FALSE,FALSE
tt2015381,8,27,1216,1,0,FALSE,FALSE
tt0372784,8,28,1216,1,0,FALSE,FALSE
tt0102926,8,29,1216,1,0,FALSE,FALSE
tt0076759,8,30,1216,1,0,FALSE,FALSE
tt1282140,8,31,1201,1,1,FALSE,FALSE
tt3513498,8,32,1201,1,1,FALSE,FALSE
tt0877057,8,33,1200,0,0,FALSE,FALSE
tt14205554,8,34,1200,0,0,FALSE,FALSE
tt16311594,8,35,1200,0,0,FALSE,FALSE
tt36414431,8,36,1200,0,0,FALSE,FALSE
tt32019314,8,37,1200,0,0,FALSE,FALSE
tt17163970,8,38,1200,0,0,FALSE,FALSE
tt0103064,8,39,1200,0,0,FALSE,FALSE
tt1745960,8,40,1200,0,0,FALSE,FALSE
tt12593682,8,41,1200,0,0,FALSE,FALSE
tt11198330,8,42,1200,0,0,FALSE,FALSE
tt13443470,8,43,1200,0,0,FALSE,FALSE
tt0114814,8,44,1200,0,0,FALSE,FALSE
tt22667880,8,45,1200,0,0,FALSE,FALSE
tt2930604,8,46,1200,0,0,FALSE,FALSE
tt7631058,8,47,1200,0,0,FALSE,FALSE
tt11564570,8,48,1200,0,0,FALSE,FALSE
tt2467372,8,49,1200,0,0,FALSE,FALSE
tt2382320,8,50,1200,0,0,FALSE,FALSE
tt13622958,8,51,1200,0,0,FALSE,FALSE
tt10857164,8,52,1200,0,0,FALSE,FALSE
tt7466442,8,53,1200,0,0,FALSE,FALSE
tt16116174,8,54,1200,0,0,FALSE,FALSE
tt1130884,8,55,1200,0,0,FALSE,FALSE
tt10160804,8,56,1200,0,0,FALSE,FALSE
tt10919420,8,57,1200,0,0,FALSE,FALSE
tt1160419,8,58,1200,0,0,FALSE,FALSE
tt10168312,8,59,1200,0,0,FALSE,FALSE
tt9561862,8,60,1200,0,0,FALSE,FALSE
tt9376612,8,61,1200,0,0,FALSE,FALSE
tt3189976,8,62,1200,0,0,FALSE,FALSE
tt12708542,8,63,1200,0,0,FALSE,FALSE
tt9140554,8,64,1200,0,0,FALSE,FALSE
tt14544192,8,65,1200,0,0,FALSE,FALSE
tt1321510,8,66,1200,0,0,FALSE,FALSE
tt12801262,8,67,1200,0,0,FALSE,FALSE
tt11337862,8,68,1200,0,0,FALSE,FALSE
tt9140560,8,69,1200,0,0,FALSE,FALSE
tt12366826,8,70,1200,0,0,FALSE,FALSE
tt9536832,8,71,1200,0,0,FALSE,FALSE
tt11464826,8,72,1200,0,0,FALSE,FALSE
tt0780521,8,73,1200,0,0,FALSE,FALSE
tt0137523,8,74,1200,0,0,FALSE,FALSE
tt1117563,8,75,1200,0,0,FALSE,FALSE
tt5727208,8,76,1200,0,0,FALSE,FALSE
tt1706620,8,77,1200,0,0,FALSE,FALSE
tt0458290,8,78,1200,0,0,FALSE,FALSE
tt1957945,8,79,1200,0,0,FALSE,FALSE
tt2616880,8,80,1200,0,0,FALSE,FALSE
tt3824386,8,81,1200,0,0,FALSE,FALSE
tt1659337,8,82,1200,0,0,FALSE,FALSE
tt7775622,8,83,1200,0,0,FALSE,FALSE
tt6857112,8,84,1200,0,0,FALSE,FALSE
tt1051906,8,85,1200,0,0,FALSE,FALSE
tt4520988,8,86,1200,0,0,FALSE,FALSE
tt0108778,8,87,1200,0,0,FALSE,FALSE
tt0934616,8,88,1200,0,0,FALSE,FALSE
tt2842418,8,89,1200,0,0,FALSE,FALSE
tt5565334,8,90,1200,0,0,FALSE,FALSE
tt3487356,8,91,1200,0,0,FALSE,FALSE
tt0115341,8,92,1200,0,0,FALSE,FALSE
tt1706593,8,93,1200,0,0,FALSE,FALSE
tt0106977,8,94,1200,0,0,FALSE,FALSE
tt0343314,8,95,1200,0,0,FALSE,FALSE
tt1396484,8,96,1200,0,0,FALSE,FALSE
tt0499549,8,97,1200,0,0,FALSE,FALSE
tt0386789,8,98,1200,0,0,FALSE,FALSE
tt3521126,8,99,1200,0,0,FALSE,FALSE
tt0883772,8,100,1200,0,0,FALSE,FALSE
tt3330488,8,101,1200,0,0,FALSE,FALSE
tt0469287,8,102,1200,0,0,FALSE,FALSE
tt4230076,8,103,1200,0,0,FALSE,FALSE
tt0206512,8,104,1200,0,0,FALSE,FALSE
tt2671706,8,105,1200,0,0,FALSE,FALSE
tt3640424,8,106,1200,0,0,FALSE,FALSE
tt3450958,8,107,1200,0,0,FALSE,FALSE
tt3322310,8,108,1200,0,0,FALSE,FALSE
tt0381061,8,109,1200,0,0,FALSE,FALSE
tt2119532,8,110,1200,0,0,FALSE,FALSE
tt1442437,8,111,1200,0,0,FALSE,FALSE
tt1695360,8,112,1200,0,0,FALSE,FALSE
tt0275137,8,113,1200,0,0,FALSE,FALSE
tt0096697,8,114,1200,0,0,FALSE,FALSE
tt1520211,8,115,1200,0,0,FALSE,FALSE
tt2948356,8,116,1200,0,0,FALSE,FALSE
tt0106364,8,117,1200,0,0,FALSE,FALSE
tt1398426,8,118,1200,0,0,FALSE,FALSE
tt0053488,8,119,1200,0,0,FALSE,FALSE
tt0105941,8,120,1200,0,0,FALSE,FALSE
tt0471711,8,121,1200,0,0,FALSE,FALSE
tt1054486,8,122,1200,0,0,FALSE,FALSE
tt0383126,8,123,1200,0,0,FALSE,FALSE
tt0934814,8,124,1200,0,0,FALSE,FALSE
tt3659388,8,125,1200,0,0,FALSE,FALSE
tt2388725,8,126,1200,0,0,FALSE,FALSE
tt1691338,8,127,1200,0,0,FALSE,FALSE
tt1334272,8,128,1200,0,0,FALSE,FALSE
tt1895587,8,129,1200,0,0,FALSE,FALSE
tt2381111,8,130,1200,0,0,FALSE,FALSE
tt2488496,8,131,1200,0,0,FALSE,FALSE
tt0081505,8,132,1200,0,0,FALSE,FALSE
tt0212671,8,133,1200,0,0,FALSE,FALSE
tt0455565,8,134,1200,0,0,FALSE,FALSE
tt0479113,8,135,1200,0,0,FALSE,FALSE
tt1425244,8,136,1200,0,0,FALSE,FALSE
tt0945571,8,137,1200,0,0,FALSE,FALSE
tt1245104,8,138,1200,0,0,FALSE,FALSE
tt0248808,8,139,1200,0,0,FALSE,FALSE
tt0405576,8,140,1200,0,0,FALSE,FALSE
tt2166834,8,141,1200,0,0,FALSE,FALSE
tt2313197,8,142,1200,0,0,FALSE,FALSE
tt3444938,8,143,1200,0,0,FALSE,FALSE
tt1266020,8,144,1200,0,0,FALSE,FALSE
tt1020072,8,145,1200,0,0,FALSE,FALSE
tt1798709,8,146,1200,0,0,FALSE,FALSE
tt3689498,8,147,1200,0,0,FALSE,FALSE
tt0126029,8,148,1200,0,0,FALSE,FALSE
tt0412142,8,149,1200,0,0,FALSE,FALSE
tt0285403,8,150,1200,0,0,FALSE,FALSE
tt0460649,8,151,1200,0,0,FALSE,FALSE
tt0103359,8,152,1200,0,0,FALSE,FALSE
tt0182576,8,153,1200,0,0,FALSE,FALSE
tt0898266,8,154,1200,0,0,FALSE,FALSE
tt0173528,8,155,1200,0,0,FALSE,FALSE
tt0108847,8,156,1200,0,0,FALSE,FALSE
tt3107288,8,157,1200,0,0,FALSE,FALSE
tt2193021,8,158,1200,0,0,FALSE,FALSE
tt0175058,8,159,1200,0,0,FALSE,FALSE
tt0363328,8,160,1200,0,0,FALSE,FALSE
tt0366005,8,161,1200,0,0,FALSE,FALSE
tt0491738,8,162,1200,0,0,FALSE,FALSE
tt1454468,8,163,1200,0,0,FALSE,FALSE
tt0120363,8,164,1200,0,0,FALSE,FALSE
tt0454921,8,165,1200,0,0,FALSE,FALSE
tt1542344,8,166,1200,0,0,FALSE,FALSE
tt2179136,8,167,1200,0,0,FALSE,FALSE
tt1318514,8,168,1200,0,0,FALSE,FALSE
tt0290334,8,169,1200,0,0,FALSE,FALSE
tt2027128,8,170,1200,0,0,FALSE,FALSE
tt0454876,8,171,1200,0,0,FALSE,FALSE
tt0107290,8,172,1200,0,0,FALSE,FALSE
tt0101414,8,173,1200,0,0,FALSE,FALSE
tt0198781,8,174,1200,0,0,FALSE,FALSE
tt2245084,8,175,1200,0,0,FALSE,FALSE
tt0056592,8,176,1200,0,0,FALSE,FALSE
tt0482571,8,177,1200,0,0,FALSE,FALSE
tt1345836,8,178,1200,0,0,FALSE,FALSE
tt0054215,8,179,1200,0,0,FALSE,FALSE
tt2267998,8,180,1199,1,1,FALSE,FALSE
tt0347149,8,181,1199,1,1,FALSE,FALSE
tt3076658,8,182,1197,3,3,FALSE,TRUE
tt8526872,8,183,1191,0,1,FALSE,FALSE
tt5848272,8,184,1191,0,1,FALSE,FALSE
tt9243946,8,185,1190,0,1,FALSE,FALSE
tt1727824,8,186,1189,0,1,FALSE,FALSE
tt1605783,8,187,1189,0,1,FALSE,FALSE
tt1517451,8,188,1188,0,1,FALSE,FALSE
tt0098635,8,189,1188,0,1,FALSE,FALSE
tt6320628,8,190,1187,0,1,FALSE,FALSE
tt0371746,8,191,1187,0,1,FALSE,FALSE
tt0878804,8,192,1187,0,1,FALSE,FALSE
tt3040964,8,193,1186,0,1,FALSE,FALSE
tt1211837,8,194,1186,0,1,FALSE,FALSE
tt2395427,8,195,1186,0,1,FALSE,FALSE
tt0103639,8,196,1186,0,1,FALSE,FALSE
tt0790636,8,197,1186,0,1,FALSE,FALSE
tt0117571,8,198,1185,0,1,FALSE,FALSE
tt4972582,8,199,1185,0,1,FALSE,FALSE
tt7653254,8,200,1185,0,1,FALSE,FALSE
tt6499752,8,201,1185,0,1,FALSE,FALSE
tt7689966,8,202,1185,0,1,FALSE,FALSE
tt0105793,8,203,1185,0,1,FALSE,FALSE
tt2381287,8,204,1185,0,1,FALSE,FALSE
tt0047396,8,205,1185,0,1,FALSE,FALSE
tt0432283,8,206,1185,0,1,FALSE,FALSE
tt0298148,8,207,1185,0,1,FALSE,FALSE
tt0095016,8,208,1184,0,1,FALSE,FALSE
tt6791350,8,209,1184,0,1,FALSE,FALSE
tt10954984,8,210,1184,0,1,FALSE,FALSE
tt0077651,8,211,1184,0,1,FALSE,FALSE
tt6264654,8,212,1184,0,1,FALSE,FALSE
tt4160708,8,213,1184,0,1,FALSE,FALSE
tt1074638,8,214,1184,0,1,FALSE,FALSE
tt7146812,8,215,1184,0,1,FALSE,FALSE
tt4912910,8,216,1184,0,1,FALSE,FALSE
tt7349662,8,217,1184,0,1,FALSE,FALSE
tt1772341,8,218,1184,0,1,FALSE,FALSE
tt4846340,8,219,1184,0,1,FALSE,FALSE
tt1700841,8,220,1184,0,1,FALSE,FALSE
tt3316960,8,221,1184,0,1,FALSE,FALSE
tt0478970,8,222,1184,0,1,FALSE,FALSE
tt0312004,8,223,1184,0,1,FALSE,FALSE
tt1065073,8,224,1184,0,1,FALSE,FALSE
tt0317219,8,225,1184,0,1,FALSE,FALSE
tt0093779,8,226,1184,0,1,FALSE,FALSE
tt0114709,8,227,1184,0,1,FALSE,FALSE
tt3741834,8,228,1183,0,1,FALSE,FALSE
tt1170358,8,229,1183,0,1,FALSE,FALSE
tt1950186,8,230,1182,0,2,FALSE,FALSE
tt1119646,8,231,1176,0,2,FALSE,FALSE
tt5950044,8,232,1172,0,2,FALSE,FALSE
tt6155172,8,233,1171,0,2,FALSE,FALSE
tt8589698,8,234,1170,0,2,FALSE,FALSE
tt1302006,8,235,1169,0,2,FALSE,FALSE
tt0964517,8,236,1169,0,2,FALSE,FALSE
tt28452191,8,237,1162,0,3,FALSE,FALSE
tt1856101,7,1,1346,20,2,FALSE,TRUE
tt0844471,7,2,1211,5,1,FALSE,TRUE
tt0073195,7,3,1210,5,1,FALSE,TRUE
tt0947798,7,4,1208,5,1,FALSE,TRUE
tt0120762,7,5,1204,5,1,FALSE,TRUE
tt0332379,7,6,1203,3,0,FALSE,FALSE
tt2294629,7,7,1185,2,0,FALSE,FALSE
tt0145487,7,8,1181,2,0,FALSE,FALSE
tt0120855,7,9,1181,2,0,FALSE,FALSE
tt0377092,7,10,1181,2,0,FALSE,FALSE
tt1430607,7,11,1178,4,2,FALSE,TRUE
tt2381249,7,12,1175,5,3,FALSE,FALSE
tt0970179,7,13,1173,4,2,FALSE,TRUE
tt9603212,7,14,1169,1,0,FALSE,FALSE
tt0876563,7,15,1168,1,0,FALSE,FALSE
tt0461770,7,16,1168,1,0,FALSE,FALSE
tt9419884,7,17,1167,1,0,FALSE,FALSE
tt1485796,7,18,1167,1,0,FALSE,FALSE
tt4116284,7,19,1167,1,0,FALSE,FALSE
tt0441773,7,20,1167,1,0,FALSE,FALSE
tt2294449,7,21,1167,1,0,FALSE,FALSE
tt0119282,7,22,1167,1,0,FALSE,FALSE
tt0088763,7,23,1166,1,0,FALSE,FALSE
tt10366206,7,24,1166,1,0,FALSE,FALSE
tt2283362,7,25,1166,1,0,FALSE,FALSE
tt4139124,7,26,1166,1,0,FALSE,FALSE
tt0343660,7,27,1166,1,0,FALSE,FALSE
tt0416449,7,28,1166,1,0,FALSE,FALSE
tt3578794,7,29,1166,1,0,FALSE,FALSE
tt1596363,7,30,1166,1,0,FALSE,FALSE
tt1825918,7,31,1166,1,0,FALSE,FALSE
tt2911666,7,32,1166,1,0,FALSE,FALSE
tt0486822,7,33,1166,1,0,FALSE,FALSE
tt0058536,7,34,1166,1,0,FALSE,FALSE
tt0993846,7,35,1166,1,0,FALSE,FALSE
tt0083866,7,36,1166,1,0,FALSE,FALSE
tt0903624,7,37,1166,1,0,FALSE,FALSE
tt1201607,7,38,1166,1,0,FALSE,FALSE
tt1323594,7,39,1165,1,0,FALSE,FALSE
tt0120630,7,40,1165,1,0,FALSE,FALSE
tt1853728,7,41,1165,1,0,FALSE,FALSE
tt1951264,7,42,1156,1,1,FALSE,FALSE
tt20969586,7,43,1152,1,1,FALSE,FALSE
tt2704998,7,44,1152,1,1,FALSE,FALSE
tt10676052,7,45,1150,0,0,FALSE,FALSE
tt13622970,7,46,1150,0,0,FALSE,FALSE
tt1517268,7,47,1150,0,0,FALSE,FALSE
tt13622776,7,48,1150,0,0,FALSE,FALSE
tt0365748,7,49,1150,0,0,FALSE,FALSE
tt1630029,7,50,1150,0,0,FALSE,FALSE
tt3484406,7,51,1150,0,0,FALSE,FALSE
tt13623148,7,52,1150,0,0,FALSE,FALSE
tt8466564,7,53,1150,0,0,FALSE,FALSE
tt3513500,7,54,1150,0,0,FALSE,FALSE
tt10234724,7,55,1150,0,0,FALSE,FALSE
tt0310460,7,56,1150,0,0,FALSE,FALSE
tt13668894,7,57,1150,0,0,FALSE,FALSE
tt0109830,7,58,1150,0,0,FALSE,FALSE
tt7888964,7,59,1150,0,0,FALSE,FALSE
tt15475608,7,60,1150,0,0,FALSE,FALSE
tt15476620,7,61,1150,0,0,FALSE,FALSE
tt14927356,7,62,1150,0,0,FALSE,FALSE
tt10633456,7,63,1150,0,0,FALSE,FALSE
tt13622982,7,64,1150,0,0,FALSE,FALSE
tt0289043,7,65,1150,0,0,FALSE,FALSE
tt6334354,7,66,1150,0,0,FALSE,FALSE
tt0166792,7,67,1150,0,0,FALSE,FALSE
tt3480822,7,68,1150,0,0,FALSE,FALSE
tt2194499,7,69,1150,0,0,FALSE,FALSE
tt5109280,7,70,1150,0,0,FALSE,FALSE
tt9208876,7,71,1150,0,0,FALSE,FALSE
tt6723592,7,72,1150,0,0,FALSE,FALSE
tt5363618,7,73,1150,0,0,FALSE,FALSE
tt12361974,7,74,1150,0,0,FALSE,FALSE
tt6432466,7,75,1150,0,0,FALSE,FALSE
tt8952294,7,76,1150,0,0,FALSE,FALSE
tt13167288,7,77,1150,0,0,FALSE,FALSE
tt9536846,7,78,1150,0,0,FALSE,FALSE
tt9536850,7,79,1150,0,0,FALSE,FALSE
tt0143127,7,80,1150,0,0,FALSE,FALSE
tt0448115,7,81,1150,0,0,FALSE,FALSE
tt10167284,7,82,1150,0,0,FALSE,FALSE
tt1620446,7,83,1150,0,0,FALSE,FALSE
tt8075496,7,84,1150,0,0,FALSE,FALSE
tt6267732,7,85,1150,0,0,FALSE,FALSE
tt2854926,7,86,1150,0,0,FALSE,FALSE
tt3104988,7,87,1150,0,0,FALSE,FALSE
tt7452910,7,88,1150,0,0,FALSE,FALSE
tt0411302,7,89,1150,0,0,FALSE,FALSE
tt2277860,7,90,1150,0,0,FALSE,FALSE
tt0823463,7,91,1150,0,0,FALSE,FALSE
tt0411906,7,92,1150,0,0,FALSE,FALSE
tt3385516,7,93,1150,0,0,FALSE,FALSE
tt0165598,7,94,1150,0,0,FALSE,FALSE
tt0058805,7,95,1150,0,0,FALSE,FALSE
tt3697842,7,96,1150,0,0,FALSE,FALSE
tt4853102,7,97,1150,0,0,FALSE,FALSE
tt3079380,7,98,1150,0,0,FALSE,FALSE
tt0112123,7,99,1150,0,0,FALSE,FALSE
tt1054485,7,100,1150,0,0,FALSE,FALSE
tt0450259,7,101,1150,0,0,FALSE,FALSE
tt2089467,7,102,1150,0,0,FALSE,FALSE
tt0118360,7,103,1150,0,0,FALSE,FALSE
tt1054487,7,104,1150,0,0,FALSE,FALSE
tt0190211,7,105,1150,0,0,FALSE,FALSE
tt0460091,7,106,1150,0,0,FALSE,FALSE
tt1588412,7,107,1150,0,0,FALSE,FALSE
tt0379623,7,108,1150,0,0,FALSE,FALSE
tt4941804,7,109,1150,0,0,FALSE,FALSE
tt3279494,7,110,1150,0,0,FALSE,FALSE
tt4532368,7,111,1150,0,0,FALSE,FALSE
tt1853533,7,112,1150,0,0,FALSE,FALSE
tt0320808,7,113,1150,0,0,FALSE,FALSE
tt1537759,7,114,1150,0,0,FALSE,FALSE
tt1134859,7,115,1150,0,0,FALSE,FALSE
tt0901686,7,116,1150,0,0,FALSE,FALSE
tt1334585,7,117,1150,0,0,FALSE,FALSE
tt0323250,7,118,1150,0,0,FALSE,FALSE
tt0091455,7,119,1150,0,0,FALSE,FALSE
tt0097674,7,120,1150,0,0,FALSE,FALSE
tt0131409,7,121,1150,0,0,FALSE,FALSE
tt1433811,7,122,1150,0,0,FALSE,FALSE
tt2637276,7,123,1150,0,0,FALSE,FALSE
tt2321549,7,124,1150,0,0,FALSE,FALSE
tt3230454,7,125,1150,0,0,FALSE,FALSE
tt0169414,7,126,1150,0,0,FALSE,FALSE
tt1637574,7,127,1150,0,0,FALSE,FALSE
tt1430587,7,128,1150,0,0,FALSE,FALSE
tt0115157,7,129,1150,0,0,FALSE,FALSE
tt0072562,7,130,1150,0,0,FALSE,FALSE
tt0067992,7,131,1150,0,0,FALSE,FALSE
tt0233298,7,132,1150,0,0,FALSE,FALSE
tt0162222,7,133,1150,0,0,FALSE,FALSE
tt0120338,7,134,1150,0,0,FALSE,FALSE
tt0120903,7,135,1150,0,0,FALSE,FALSE
tt1229238,7,136,1150,0,0,FALSE,FALSE
tt1001526,7,137,1150,0,0,FALSE,FALSE
tt0053285,7,138,1150,0,0,FALSE,FALSE
tt3060952,7,139,1150,0,0,FALSE,FALSE
tt1398941,7,140,1150,0,0,FALSE,FALSE
tt0800369,7,141,1150,0,0,FALSE,FALSE
tt1637725,7,142,1150,0,0,FALSE,FALSE
tt1655442,7,143,1150,0,0,FALSE,FALSE
tt0796366,7,144,1150,0,0,FALSE,FALSE
tt0032138,7,145,1150,0,0,FALSE,FALSE
tt2562232,7,146,1150,0,0,FALSE,FALSE
tt0045152,7,147,1150,0,0,FALSE,FALSE
tt0110912,7,148,1150,0,0,FALSE,FALSE
tt9114286,7,149,1149,1,1,FALSE,FALSE
tt0258463,7,150,1149,3,3,FALSE,TRUE
tt0434409,7,151,1149,1,1,FALSE,FALSE
tt0345950,7,152,1145,1,2,FALSE,FALSE
tt0033870,7,153,1142,0,1,FALSE,FALSE
tt2310332,7,154,1141,0,1,FALSE,FALSE
tt4154664,7,155,1140,0,1,FALSE,FALSE
tt7349950,7,156,1139,1,2,FALSE,FALSE
tt0414387,7,157,1138,0,1,FALSE,FALSE
tt4649466,7,158,1138,0,1,FALSE,FALSE
tt0059026,7,159,1138,0,1,FALSE,FALSE
tt11286314,7,160,1137,0,1,FALSE,FALSE
tt1677720,7,161,1137,0,1,FALSE,FALSE
tt7374948,7,162,1137,0,1,FALSE,FALSE
tt1489887,7,163,1136,0,1,FALSE,FALSE
tt0266697,7,164,1136,0,1,FALSE,FALSE
tt5028778,7,165,1136,1,2,FALSE,FALSE
tt2305051,7,166,1136,1,2,FALSE,FALSE
tt0121766,7,167,1136,0,1,FALSE,FALSE
tt0034583,7,168,1136,0,1,FALSE,FALSE
tt1436562,7,169,1136,0,1,FALSE,FALSE
tt6263850,7,170,1135,0,1,FALSE,FALSE
tt1446192,7,171,1135,0,1,FALSE,FALSE
tt1486834,7,172,1135,0,1,FALSE,FALSE
tt2452042,7,173,1135,0,1,FALSE,FALSE
tt7424200,7,174,1135,0,1,FALSE,FALSE
tt5095030,7,175,1135,0,1,FALSE,FALSE
tt1499658,7,176,1135,0,1,FALSE,FALSE
tt2582846,7,177,1135,0,1,FALSE,FALSE
tt0240468,7,178,1135,0,1,FALSE,FALSE
tt0364725,7,179,1135,0,1,FALSE,FALSE
tt0060550,7,180,1135,0,1,FALSE,FALSE
tt21382296,7,181,1134,0,1,FALSE,FALSE
tt1684562,7,182,1134,0,1,FALSE,FALSE
tt1210166,7,183,1134,0,1,FALSE,FALSE
tt3228774,7,184,1134,0,1,FALSE,FALSE
tt0147800,7,185,1134,0,1,FALSE,FALSE
tt8936646,7,186,1134,1,2,FALSE,FALSE
tt7713068,7,187,1134,0,1,FALSE,FALSE
tt0311289,7,188,1134,0,1,FALSE,FALSE
tt3774114,7,189,1134,0,1,FALSE,FALSE
tt0060345,7,190,1134,0,1,FALSE,FALSE
tt1217209,7,191,1134,0,1,FALSE,FALSE
tt1748122,7,192,1134,0,1,FALSE,FALSE
tt3235888,7,193,1134,0,1,FALSE,FALSE
tt2170439,7,194,1134,0,1,FALSE,FALSE
tt0042546,7,195,1134,0,1,FALSE,FALSE
tt1981677,7,196,1134,0,1,FALSE,FALSE
tt0929632,7,197,1134,0,1,FALSE,FALSE
tt1690953,7,198,1134,0,1,FALSE,FALSE
tt0357413,7,199,1134,0,1,FALSE,FALSE
tt1204342,7,200,1134,0,1,FALSE,FALSE
tt1985966,7,201,1134,0,1,FALSE,FALSE
tt1650062,7,202,1133,0,1,FALSE,FALSE
tt3152624,7,203,1133,0,1,FALSE,FALSE
tt2980648,7,204,1133,0,1,FALSE,FALSE
tt4178092,7,205,1126,0,2,FALSE,FALSE
tt0358273,7,206,1125,0,2,FALSE,FALSE
tt4701182,7,207,1124,0,2,FALSE,FALSE
tt1306980,7,208,1121,0,2,FALSE,FALSE
tt2446040,7,209,1120,0,2,FALSE,FALSE
tt1477834,7,210,1120,0,2,FALSE,FALSE
tt1457767,7,211,1119,0,2,FALSE,FALSE
tt0086190,7,212,1119,0,2,FALSE,FALSE
tt8426854,7,213,1118,0,2,FALSE,FALSE
tt1979388,7,214,1118,0,2,FALSE,FALSE
tt0289408,7,215,1116,2,4,FALSE,TRUE
tt0063230,7,216,1091,1,5,FALSE,TRUE
tt0948470,6,1,1234,17,4,FALSE,FALSE
tt0147746,6,2,1186,6,0,FALSE,TRUE
tt0102057,6,3,1157,3,0,FALSE,FALSE
tt0241527,6,4,1154,3,0,FALSE,FALSE
tt0114148,6,5,1136,2,0,FALSE,FALSE
tt0295297,6,6,1132,2,0,FALSE,FALSE
tt5097410,6,7,1131,2,0,FALSE,FALSE
tt3065204,6,8,1131,2,0,FALSE,FALSE
tt0351283,6,9,1121,1,0,FALSE,FALSE
tt0118655,6,10,1120,1,0,FALSE,FALSE
tt1430132,6,11,1119,1,0,FALSE,FALSE
tt0029583,6,12,1119,2,1,FALSE,FALSE
tt0831387,6,13,1119,1,0,FALSE,FALSE
tt7975244,6,14,1118,1,0,FALSE,FALSE
tt0458339,6,15,1118,1,0,FALSE,FALSE
tt1951265,6,16,1117,1,0,FALSE,FALSE
tt0816711,6,17,1117,1,0,FALSE,FALSE
tt1790864,6,18,1117,1,0,FALSE,FALSE
tt5884052,6,19,1116,1,0,FALSE,FALSE
tt3606752,6,20,1116,1,0,FALSE,FALSE
tt2267968,6,21,1116,1,0,FALSE,FALSE
tt0368891,6,22,1116,1,0,FALSE,FALSE
tt1156398,6,23,1116,1,0,FALSE,FALSE
tt1232829,6,24,1116,1,0,FALSE,FALSE
tt0449088,6,25,1116,1,0,FALSE,FALSE
tt0800080,6,26,1116,1,0,FALSE,FALSE
tt0319343,6,27,1116,1,0,FALSE,FALSE
tt1535108,6,28,1116,1,0,FALSE,FALSE
tt0480249,6,29,1115,1,0,FALSE,FALSE
tt0043014,6,30,1115,1,0,FALSE,FALSE
tt0988045,6,31,1114,1,0,FALSE,FALSE
tt0451079,6,32,1114,1,0,FALSE,FALSE
tt0268380,6,33,1106,13,9,FALSE,FALSE
tt0190641,6,34,1104,1,1,FALSE,FALSE
tt0425061,6,35,1103,1,1,FALSE,FALSE
tt1951266,6,36,1101,1,1,FALSE,FALSE
tt0314331,6,37,1100,0,0,FALSE,FALSE
tt0457939,6,38,1100,0,0,FALSE,FALSE
tt19847976,6,39,1100,0,0,FALSE,FALSE
tt13623136,6,40,1100,0,0,FALSE,FALSE
tt3794354,6,41,1100,0,0,FALSE,FALSE
tt9536836,6,42,1100,0,0,FALSE,FALSE
tt8980868,6,43,1100,0,0,FALSE,FALSE
tt3731562,6,44,1100,0,0,FALSE,FALSE
tt10167262,6,45,1100,0,0,FALSE,FALSE
tt6587640,6,46,1100,0,0,FALSE,FALSE
tt0187393,6,47,1100,0,0,FALSE,FALSE
tt4123430,6,48,1100,0,0,FALSE,FALSE
tt1679335,6,49,1100,0,0,FALSE,FALSE
tt2527338,6,50,1100,0,0,FALSE,FALSE
tt4034354,6,51,1100,0,0,FALSE,FALSE
tt6139732,6,52,1100,0,0,FALSE,FALSE
tt1139628,6,53,1100,0,0,FALSE,FALSE
tt0837564,6,54,1100,0,0,FALSE,FALSE
tt0245429,6,55,1100,0,0,FALSE,FALSE
tt2836450,6,56,1100,0,0,FALSE,FALSE
tt3139086,6,57,1100,0,0,FALSE,FALSE
tt1637688,6,58,1100,0,0,FALSE,FALSE
tt4046784,6,59,1100,0,0,FALSE,FALSE
tt3323254,6,60,1100,0,0,FALSE,FALSE
tt1593756,6,61,1100,0,0,FALSE,FALSE
tt0068359,6,62,1100,0,0,FALSE,FALSE
tt0292800,6,63,1100,0,0,FALSE,FALSE
tt0312109,6,64,1100,0,0,FALSE,FALSE
tt1054478,6,65,1100,0,0,FALSE,FALSE
tt1279935,6,66,1100,0,0,FALSE,FALSE
tt0096273,6,67,1100,0,0,FALSE,FALSE
tt4007502,6,68,1100,0,0,FALSE,FALSE
tt0395479,6,69,1100,0,0,FALSE,FALSE
tt2891574,6,70,1100,0,0,FALSE,FALSE
tt0168366,6,71,1100,0,0,FALSE,FALSE
tt1442464,6,72,1100,0,0,FALSE,FALSE
tt0285335,6,73,1100,0,0,FALSE,FALSE
tt3278316,6,74,1100,0,0,FALSE,FALSE
tt0899126,6,75,1100,0,0,FALSE,FALSE
tt0106052,6,76,1100,0,0,FALSE,FALSE
tt2212323,6,77,1100,0,0,FALSE,FALSE
tt1641349,6,78,1100,0,0,FALSE,FALSE
tt0312172,6,79,1100,0,0,FALSE,FALSE
tt0091042,6,80,1100,0,0,FALSE,FALSE
tt0096438,6,81,1100,0,0,FALSE,FALSE
tt0061852,6,82,1100,0,0,FALSE,FALSE
tt0417741,6,83,1100,0,0,FALSE,FALSE
tt0032910,6,84,1100,0,0,FALSE,FALSE
tt1453405,6,85,1100,0,0,FALSE,FALSE
tt0462538,6,86,1100,0,0,FALSE,FALSE
tt1672723,6,87,1100,0,0,FALSE,FALSE
tt1392170,6,88,1100,0,0,FALSE,FALSE
tt0383574,6,89,1100,0,0,FALSE,FALSE
tt1302011,6,90,1100,0,0,FALSE,FALSE
tt0418279,6,91,1100,0,0,FALSE,FALSE
tt1673430,6,92,1100,0,0,FALSE,FALSE
tt0934706,6,93,1100,0,0,FALSE,FALSE
tt1701223,6,94,1100,0,0,FALSE,FALSE
tt0120794,6,95,1100,0,0,FALSE,FALSE
tt0110475,6,96,1100,1,1,FALSE,FALSE
tt0448694,6,97,1100,0,0,FALSE,FALSE
tt0119567,6,98,1100,0,0,FALSE,FALSE
tt0059742,6,99,1100,0,0,FALSE,FALSE
tt0031679,6,100,1100,0,0,FALSE,FALSE
tt1408101,6,101,1099,1,1,FALSE,FALSE
tt0046183,6,102,1093,4,4,FALSE,FALSE
tt0097757,6,103,1090,1,2,FALSE,FALSE
tt10954600,6,104,1089,0,1,FALSE,FALSE
tt9032400,6,105,1089,0,1,FALSE,FALSE
tt3741700,6,106,1089,0,1,FALSE,FALSE
tt0055254,6,107,1089,0,1,FALSE,FALSE
tt20215234,6,108,1088,0,1,FALSE,FALSE
tt6718170,6,109,1088,0,1,FALSE,FALSE
tt0454945,6,110,1088,0,1,FALSE,FALSE
tt1193138,6,111,1088,0,1,FALSE,FALSE
tt1386697,6,112,1088,0,1,FALSE,FALSE
tt1663662,6,113,1088,0,1,FALSE,FALSE
tt16027014,6,114,1087,0,1,FALSE,FALSE
tt7991608,6,115,1087,0,1,FALSE,FALSE
tt1588173,6,116,1087,0,1,FALSE,FALSE
tt0478087,6,117,1087,0,1,FALSE,FALSE
tt5477566,6,118,1087,0,1,FALSE,FALSE
tt4501244,6,119,1087,0,1,FALSE,FALSE
tt0759364,6,120,1087,0,1,FALSE,FALSE
tt3778644,6,121,1086,0,1,FALSE,FALSE
tt2788710,6,122,1086,0,1,FALSE,FALSE
tt0108525,6,123,1086,0,1,FALSE,FALSE
tt0235918,6,124,1086,0,1,FALSE,FALSE
tt1277953,6,125,1086,0,1,FALSE,FALSE
tt2180411,6,126,1086,0,1,FALSE,FALSE
tt0477347,6,127,1086,0,1,FALSE,FALSE
tt3402138,6,128,1085,0,1,FALSE,FALSE
tt5012504,6,129,1085,0,1,FALSE,FALSE
tt3014284,6,130,1085,0,1,FALSE,FALSE
tt0070016,6,131,1085,0,1,FALSE,FALSE
tt0278866,6,132,1085,0,1,FALSE,FALSE
tt0460644,6,133,1085,0,1,FALSE,FALSE
tt1022603,6,134,1085,0,1,FALSE,FALSE
tt0363771,6,135,1085,0,1,FALSE,FALSE
tt1716772,6,136,1084,0,1,FALSE,FALSE
tt6108178,6,137,1084,0,1,FALSE,FALSE
tt2205697,6,138,1084,0,1,FALSE,FALSE
tt1270797,6,139,1084,0,1,FALSE,FALSE
tt0130623,6,140,1084,0,1,FALSE,FALSE
tt0088128,6,141,1084,0,1,FALSE,FALSE
tt0096895,6,142,1084,0,1,FALSE,FALSE
tt0210234,6,143,1084,0,1,FALSE,FALSE
tt2388715,6,144,1084,0,1,FALSE,FALSE
tt0369610,6,145,1084,0,1,FALSE,FALSE
tt0972534,6,146,1084,0,1,FALSE,FALSE
tt0373889,6,147,1084,0,1,FALSE,FALSE
tt0815236,6,148,1083,0,1,FALSE,FALSE
tt3895884,6,149,1083,0,1,FALSE,FALSE
tt0116483,6,150,1071,0,2,FALSE,FALSE
tt6472976,6,151,1055,0,3,FALSE,FALSE
tt1059786,6,152,1038,2,6,FALSE,FALSE
tt2848292,6,153,1027,1,6,FALSE,FALSE
tt0034492,5,1,1077,4,2,FALSE,TRUE
tt0145660,5,2,1067,1,0,FALSE,FALSE
tt0356470,5,3,1067,1,0,FALSE,FALSE
tt0098258,5,4,1066,1,0,FALSE,FALSE
tt4786282,5,5,1066,1,0,FALSE,FALSE
tt0087363,5,6,1066,1,0,FALSE,FALSE
tt1298650,5,7,1066,1,0,FALSE,FALSE
tt0322330,5,8,1051,1,1,FALSE,FALSE
tt12262202,5,9,1050,0,0,FALSE,FALSE
tt21692408,5,10,1050,0,0,FALSE,FALSE
tt2004420,5,11,1050,0,0,FALSE,FALSE
tt7097896,5,12,1050,0,0,FALSE,FALSE
tt1985019,5,13,1050,0,0,FALSE,FALSE
tt0183790,5,14,1050,0,0,FALSE,FALSE
tt0072431,5,15,1050,0,0,FALSE,FALSE
tt0089686,5,16,1050,0,0,FALSE,FALSE
tt0331632,5,17,1050,0,0,FALSE,FALSE
tt0120632,5,18,1050,0,0,FALSE,FALSE
tt0293429,5,19,1050,0,0,FALSE,FALSE
tt0278500,5,20,1050,0,0,FALSE,FALSE
tt7126948,5,21,1050,0,0,FALSE,FALSE
tt5022702,5,22,1050,0,0,FALSE,FALSE
tt0974015,5,23,1050,0,0,FALSE,FALSE
tt2561572,5,24,1050,0,0,FALSE,FALSE
tt1981115,5,25,1050,0,0,FALSE,FALSE
tt2975590,5,26,1050,0,0,FALSE,FALSE
tt1195935,5,27,1050,0,0,FALSE,FALSE
tt0318155,5,28,1050,0,0,FALSE,FALSE
tt3722332,5,29,1050,0,0,FALSE,FALSE
tt4834194,5,30,1050,0,0,FALSE,FALSE
tt0266915,5,31,1050,0,0,FALSE,FALSE
tt0360717,5,32,1050,0,0,FALSE,FALSE
tt1596350,5,33,1050,0,0,FALSE,FALSE
tt0453494,5,34,1050,0,0,FALSE,FALSE
tt0298130,5,35,1050,0,0,FALSE,FALSE
tt0064349,5,36,1050,0,0,FALSE,FALSE
tt2555736,5,37,1050,0,0,FALSE,FALSE
tt0388595,5,38,1050,0,0,FALSE,FALSE
tt0089218,5,39,1050,0,0,FALSE,FALSE
tt0066327,5,40,1050,0,0,FALSE,FALSE
tt0304141,5,41,1050,0,0,FALSE,FALSE
tt0330373,5,42,1050,0,0,FALSE,FALSE
tt0087469,5,43,1050,0,0,FALSE,FALSE
tt0467406,5,44,1050,0,0,FALSE,FALSE
tt1515091,5,45,1050,0,0,FALSE,FALSE
tt0121164,5,46,1050,0,0,FALSE,FALSE
tt0048280,5,47,1050,0,0,FALSE,FALSE
tt0770828,5,48,1050,0,0,FALSE,FALSE
tt1300854,5,49,1050,0,0,FALSE,FALSE
tt0042332,5,50,1050,0,0,FALSE,FALSE
tt1494772,5,51,1050,0,0,FALSE,FALSE
tt0119654,5,52,1050,0,0,FALSE,FALSE
tt1228705,5,53,1050,0,0,FALSE,FALSE
tt0343818,5,54,1050,0,0,FALSE,FALSE
tt0212338,5,55,1050,0,0,FALSE,FALSE
tt0298203,5,56,1050,0,0,FALSE,FALSE
tt1068680,5,57,1050,0,0,FALSE,FALSE
tt0120812,5,58,1050,0,0,FALSE,FALSE
tt0116583,5,59,1050,0,0,FALSE,FALSE
tt0458352,5,60,1050,0,0,FALSE,FALSE
tt1478338,5,61,1050,0,0,FALSE,FALSE
tt1601913,5,62,1050,0,0,FALSE,FALSE
tt0116683,5,63,1050,0,0,FALSE,FALSE
tt0328880,5,64,1050,0,0,FALSE,FALSE
tt1632708,5,65,1050,0,0,FALSE,FALSE
tt3139072,5,66,1050,0,0,FALSE,FALSE
tt0318403,5,67,1050,0,0,FALSE,FALSE
tt0366548,5,68,1050,0,0,FALSE,FALSE
tt0264734,5,69,1050,0,0,FALSE,FALSE
tt1179904,5,70,1050,0,0,FALSE,FALSE
tt0327679,5,71,1050,0,0,FALSE,FALSE
tt0295178,5,72,1050,0,0,FALSE,FALSE
tt0163025,5,73,1050,0,0,FALSE,FALSE
tt1245492,5,74,1035,0,1,FALSE,FALSE
tt0043274,5,75,1035,0,1,FALSE,FALSE
tt0094737,5,76,1035,0,1,FALSE,FALSE
tt10648342,5,77,1034,0,1,FALSE,FALSE
tt0438097,5,78,1034,0,1,FALSE,FALSE
tt0472033,5,79,1034,0,1,FALSE,FALSE
tt0119528,5,80,1034,0,1,FALSE,FALSE
tt0117008,5,81,1033,0,1,FALSE,FALSE
tt0838283,4,1,1059,5,1,FALSE,TRUE
tt0120915,4,2,1017,1,0,FALSE,FALSE
tt0449010,4,3,1016,1,0,FALSE,FALSE
tt0405422,4,4,1016,1,0,FALSE,FALSE
tt0101272,4,5,1016,1,0,FALSE,FALSE
tt0119137,4,6,1016,1,0,FALSE,FALSE
tt0433400,4,7,1000,0,0,FALSE,FALSE
tt0212346,4,8,1000,0,0,FALSE,FALSE
tt0173886,4,9,1000,0,0,FALSE,FALSE
tt0389722,4,10,1000,0,0,FALSE,FALSE
tt0120804,4,11,1000,0,0,FALSE,FALSE
tt1241317,4,12,1000,0,0,FALSE,FALSE
tt6556890,4,13,1000,0,0,FALSE,FALSE
tt0405325,4,14,1000,0,0,FALSE,FALSE
tt1308728,4,15,1000,0,0,FALSE,FALSE
tt0338094,4,16,1000,0,0,FALSE,FALSE
tt7153766,4,17,1000,0,0,FALSE,FALSE
tt3216586,4,18,1000,0,0,FALSE,FALSE
tt3919922,4,19,1000,0,0,FALSE,FALSE
tt0424823,4,20,1000,0,0,FALSE,FALSE
tt0304415,4,21,1000,0,0,FALSE,FALSE
tt0318233,4,22,1000,0,0,FALSE,FALSE
tt0235679,4,23,1000,0,0,FALSE,FALSE
tt1286124,4,24,1000,0,0,FALSE,FALSE
tt0376994,4,25,1000,0,0,FALSE,FALSE
tt3749900,4,26,1000,0,0,FALSE,FALSE
tt2557490,4,27,1000,0,0,FALSE,FALSE
tt0319931,4,28,1000,0,0,FALSE,FALSE
tt0449059,4,29,1000,0,0,FALSE,FALSE
tt1446714,4,30,1000,0,0,FALSE,FALSE
tt0163651,4,31,1000,0,0,FALSE,FALSE
tt1872181,4,32,1000,0,0,FALSE,FALSE
tt1104001,4,33,1000,0,0,FALSE,FALSE
tt0458525,4,34,1000,0,0,FALSE,FALSE
tt2247476,4,35,1000,0,0,FALSE,FALSE
tt0479952,4,36,1000,0,0,FALSE,FALSE
tt0338348,4,37,1000,0,0,FALSE,FALSE
tt0892782,4,38,1000,0,0,FALSE,FALSE
tt1229340,4,39,1000,0,0,FALSE,FALSE
tt1155076,4,40,1000,0,0,FALSE,FALSE
tt0117705,4,41,1000,0,0,FALSE,FALSE
tt0307453,4,42,1000,0,0,FALSE,FALSE
tt0120912,4,43,1000,0,0,FALSE,FALSE
tt0268397,4,44,1000,0,0,FALSE,FALSE
tt0349205,4,45,1000,0,0,FALSE,FALSE
tt0120667,4,46,1000,0,0,FALSE,FALSE
tt0799949,4,47,1000,0,0,FALSE,FALSE
tt0033467,4,48,1000,0,0,FALSE,FALSE
tt0814255,4,49,986,0,1,FALSE,FALSE
tt1723121,4,50,985,0,1,FALSE,FALSE
tt1587310,4,51,985,0,1,FALSE,FALSE
tt0107120,4,52,984,0,1,FALSE,FALSE
tt0871426,4,53,984,0,1,FALSE,FALSE
tt0103776,4,54,984,0,1,FALSE,FALSE
tt0910936,4,55,984,0,1,FALSE,FALSE
tt1014759,4,56,984,0,1,FALSE,FALSE
tt0384793,4,57,984,0,1,FALSE,FALSE
tt0389790,3,1,966,1,0,FALSE,FALSE
tt0356680,3,2,950,0,0,FALSE,FALSE
tt9866072,3,3,950,0,0,FALSE,FALSE
tt1615065,3,4,950,0,0,FALSE,FALSE
tt0164912,3,5,950,0,0,FALSE,FALSE
tt1666186,3,6,950,0,0,FALSE,FALSE
tt4263482,3,7,950,0,0,FALSE,FALSE
tt0413300,3,8,950,0,0,FALSE,FALSE
tt0358082,3,9,950,0,0,FALSE,FALSE
tt1231583,3,10,950,0,0,FALSE,FALSE
tt1133985,3,11,950,0,0,FALSE,FALSE
tt0080487,3,12,950,0,0,FALSE,FALSE
tt1212450,3,13,950,0,0,FALSE,FALSE
tt0433035,3,14,950,0,0,FALSE,FALSE
tt0837562,3,15,950,0,0,FALSE,FALSE
tt0374900,3,16,950,0,0,FALSE,FALSE
tt0121765,3,17,950,0,0,FALSE,FALSE
tt0367594,3,18,950,0,0,FALSE,FALSE
tt1041829,3,19,950,0,0,FALSE,FALSE
tt0473075,3,20,950,0,0,FALSE,FALSE
tt0415306,3,21,950,0,0,FALSE,FALSE
tt1216475,3,22,950,0,0,FALSE,FALSE
tt1399103,3,23,950,0,0,FALSE,FALSE
tt1268799,3,24,950,0,0,FALSE,FALSE
tt0247638,3,25,950,0,0,FALSE,FALSE
tt0367882,3,26,950,0,0,FALSE,FALSE
tt0170016,3,27,950,0,0,FALSE,FALSE
tt1078912,3,28,950,0,0,FALSE,FALSE
tt1778304,3,29,950,0,0,FALSE,FALSE
tt1046173,3,30,950,0,0,FALSE,FALSE
tt0239395,3,31,950,0,0,FALSE,FALSE
tt0267913,3,32,950,0,0,FALSE,FALSE
tt0413267,3,33,934,0,1,FALSE,FALSE
tt1073498,2,1,900,0,0,FALSE,FALSE
tt0424774,2,2,900,0,0,FALSE,FALSE
tt0111070,2,3,900,0,0,FALSE,FALSE
tt0486576,2,4,900,0,0,FALSE,FALSE
tt1001508,2,5,900,0,0,FALSE,FALSE
tt1411697,2,6,900,0,0,FALSE,FALSE
tt0290002,2,7,900,0,0,FALSE,FALSE
tt0293564,2,8,900,0,0,FALSE,FALSE
tt1253864,2,9,900,0,0,FALSE,FALSE
tt1055369,2,10,900,0,0,FALSE,FALSE
tt0817230,2,11,900,0,0,FALSE,FALSE
tt1536044,2,12,900,0,0,FALSE,FALSE
tt0383216,2,13,900,0,0,FALSE,FALSE
tt0304669,2,14,900,0,0,FALSE,FALSE
tt0112462,2,15,900,0,0,FALSE,FALSE
tt0452598,2,16,900,0,0,FALSE,FALSE
tt1034032,1,1,850,0,0,FALSE,FALSE
tt0371606,1,2,850,0,0,FALSE,FALSE
tt1259571,1,3,850,0,0,FALSE,FALSE
tt0938283,1,4,850,0,0,FALSE,FALSE
tt0118688,1,5,850,0,0,FALSE,FALSE
