year,title,id,nominees_or_winner,imdb_url,producers
2025,Anora,tt28607951,winner,https://www.imdb.com/title/tt28607951/,NA
2025,Wicked,tt1262426,nominee,https://www.imdb.com/title/tt1262426/,NA
2025,The Substance,tt17526714,nominee,https://www.imdb.com/title/tt17526714/,NA
2025,Conclave,tt20215234,nominee,https://www.imdb.com/title/tt20215234/,NA
2025,The Brutalist,tt8999762,nominee,https://www.imdb.com/title/tt8999762/,NA
2025,Dune: Part Two,tt15239678,nominee,https://www.imdb.com/title/tt15239678/,NA
2025,Emilia Pérez,tt20221436,nominee,https://www.imdb.com/title/tt20221436/,NA
2025,Nickel Boys,tt23055660,nominee,https://www.imdb.com/title/tt23055660/,NA
2025,A Complete Unknown,tt11563598,nominee,https://www.imdb.com/title/tt11563598/,NA
2025,I'm Still Here,tt14961016,nominee,https://www.imdb.com/title/tt14961016/,NA
2024,Oppenheimer,tt15398776,winner,https://www.imdb.com/title/tt15398776/,NA
2024,Barbie,tt1517268,nominee,https://www.imdb.com/title/tt1517268/,NA
2024,Killers of the Flower Moon,tt5537002,nominee,https://www.imdb.com/title/tt5537002/,NA
2024,Poor Things,tt14230458,nominee,https://www.imdb.com/title/tt14230458/,NA
2024,The Holdovers,tt14849194,nominee,https://www.imdb.com/title/tt14849194/,NA
2024,Anatomy of a Fall,tt17009710,nominee,https://www.imdb.com/title/tt17009710/,NA
2024,Past Lives,tt13238346,nominee,https://www.imdb.com/title/tt13238346/,NA
2024,Maestro,tt5535276,nominee,https://www.imdb.com/title/tt5535276/,NA
2024,The Zone of Interest,tt7160372,nominee,https://www.imdb.com/title/tt7160372/,NA
2024,American Fiction,tt23561236,nominee,https://www.imdb.com/title/tt23561236/,NA
2023,Everything Everywhere All at Once,tt6710474,winner,https://www.imdb.com/title/tt6710474/,NA
2023,Elvis,tt3704428,nominee,https://www.imdb.com/title/tt3704428/,NA
2023,Top Gun: Maverick,tt1745960,nominee,https://www.imdb.com/title/tt1745960/,NA
2023,The Banshees of Inisherin,tt11813216,nominee,https://www.imdb.com/title/tt11813216/,NA
2023,The Fabelmans,tt14208870,nominee,https://www.imdb.com/title/tt14208870/,NA
2023,Tár,tt14444726,nominee,https://www.imdb.com/title/tt14444726/,NA
2023,Avatar: The Way of Water,tt1630029,nominee,https://www.imdb.com/title/tt1630029/,NA
2023,Women Talking,tt13669038,nominee,https://www.imdb.com/title/tt13669038/,NA
2023,Triangle of Sadness,tt7322224,nominee,https://www.imdb.com/title/tt7322224/,NA
2023,All Quiet on the Western Front,tt1016150,nominee,https://www.imdb.com/title/tt1016150/,NA
2022,CODA,tt10366460,winner,https://www.imdb.com/title/tt10366460/,NA
2022,Belfast,tt12789558,nominee,https://www.imdb.com/title/tt12789558/,NA
2022,West Side Story,tt3581652,nominee,https://www.imdb.com/title/tt3581652/,NA
2022,Licorice Pizza,tt11271038,nominee,https://www.imdb.com/title/tt11271038/,NA
2022,Dune: Part One,tt1160419,nominee,https://www.imdb.com/title/tt1160419/,NA
2022,The Power of the Dog,tt10293406,nominee,https://www.imdb.com/title/tt10293406/,NA
2022,King Richard,tt9620288,nominee,https://www.imdb.com/title/tt9620288/,NA
2022,Drive My Car,tt14039582,nominee,https://www.imdb.com/title/tt14039582/,NA
2022,Don't Look Up,tt11286314,nominee,https://www.imdb.com/title/tt11286314/,NA
2022,Nightmare Alley,tt7740496,nominee,https://www.imdb.com/title/tt7740496/,NA
2021,Nomadland,tt9770150,winner,https://www.imdb.com/title/tt9770150/,NA
2021,Mank,tt10618286,nominee,https://www.imdb.com/title/tt10618286/,NA
2021,The Trial of the Chicago 7,tt1070874,nominee,https://www.imdb.com/title/tt1070874/,NA
2021,Promising Young Woman,tt9620292,nominee,https://www.imdb.com/title/tt9620292/,NA
2021,Minari,tt10633456,nominee,https://www.imdb.com/title/tt10633456/,NA
2021,Sound of Metal,tt5363618,nominee,https://www.imdb.com/title/tt5363618/,NA
2021,Judas and the Black Messiah,tt9784798,nominee,https://www.imdb.com/title/tt9784798/,NA
2021,The Father,tt10272386,nominee,https://www.imdb.com/title/tt10272386/,NA
2020,Parasite,tt6751668,winner,https://www.imdb.com/title/tt6751668/,NA
2020,Once Upon a Time... in Hollywood,tt7131622,nominee,https://www.imdb.com/title/tt7131622/,NA
2020,1917,tt8579674,nominee,https://www.imdb.com/title/tt8579674/,NA
2020,Marriage Story,tt7653254,nominee,https://www.imdb.com/title/tt7653254/,NA
2020,Joker,tt7286456,nominee,https://www.imdb.com/title/tt7286456/,NA
2020,Jojo Rabbit,tt2584384,nominee,https://www.imdb.com/title/tt2584384/,NA
2020,Little Women,tt3281548,nominee,https://www.imdb.com/title/tt3281548/,NA
2020,Ford v Ferrari,tt1950186,nominee,https://www.imdb.com/title/tt1950186/,NA
2020,The Irishman,tt1302006,nominee,https://www.imdb.com/title/tt1302006/,NA
2019,Green Book,tt6966692,winner,https://www.imdb.com/title/tt6966692/,NA
2019,BlacKkKlansman,tt7349662,nominee,https://www.imdb.com/title/tt7349662/,NA
2019,Black Panther,tt1825683,nominee,https://www.imdb.com/title/tt1825683/,NA
2019,Bohemian Rhapsody,tt1727824,nominee,https://www.imdb.com/title/tt1727824/,NA
2019,The Favourite,tt5083738,nominee,https://www.imdb.com/title/tt5083738/,NA
2019,Roma,tt6155172,nominee,https://www.imdb.com/title/tt6155172/,NA
2019,A Star Is Born,tt1517451,nominee,https://www.imdb.com/title/tt1517451/,NA
2019,Vice,tt6266538,nominee,https://www.imdb.com/title/tt6266538/,NA
2018,The Shape of Water,tt5580390,winner,https://www.imdb.com/title/tt5580390/,NA
2018,Call Me by Your Name,tt5726616,nominee,https://www.imdb.com/title/tt5726616/,NA
2018,Darkest Hour,tt4555426,nominee,https://www.imdb.com/title/tt4555426/,NA
2018,Dunkirk,tt5013056,nominee,https://www.imdb.com/title/tt5013056/,NA
2018,Get Out,tt5052448,nominee,https://www.imdb.com/title/tt5052448/,NA
2018,Lady Bird,tt4925292,nominee,https://www.imdb.com/title/tt4925292/,NA
2018,The Post,tt6294822,nominee,https://www.imdb.com/title/tt6294822/,NA
2018,"Three Billboards Outside Ebbing, Missouri",tt5027774,nominee,https://www.imdb.com/title/tt5027774/,NA
2018,Phantom Thread,tt5776858,nominee,https://www.imdb.com/title/tt5776858/,NA
2017,Moonlight,tt4975722,winner,https://www.imdb.com/title/tt4975722/,NA
2017,Arrival,tt2543164,nominee,https://www.imdb.com/title/tt2543164/,NA
2017,Fences,tt2671706,nominee,https://www.imdb.com/title/tt2671706/,NA
2017,Hacksaw Ridge,tt2119532,nominee,https://www.imdb.com/title/tt2119532/,NA
2017,Hell or High Water,tt2582782,nominee,https://www.imdb.com/title/tt2582782/,NA
2017,Hidden Figures,tt4846340,nominee,https://www.imdb.com/title/tt4846340/,NA
2017,La La Land,tt3783958,nominee,https://www.imdb.com/title/tt3783958/,NA
2017,Lion,tt3741834,nominee,https://www.imdb.com/title/tt3741834/,NA
2017,Manchester by the Sea,tt4034228,nominee,https://www.imdb.com/title/tt4034228/,NA
2016,Spotlight,tt1895587,winner,https://www.imdb.com/title/tt1895587/,NA
2016,The Revenant,tt1663202,nominee,https://www.imdb.com/title/tt1663202/,NA
2016,Room,tt3170832,nominee,https://www.imdb.com/title/tt3170832/,NA
2016,Brooklyn,tt2381111,nominee,https://www.imdb.com/title/tt2381111/,NA
2016,Bridge of Spies,tt3682448,nominee,https://www.imdb.com/title/tt3682448/,NA
2016,The Martian,tt3659388,nominee,https://www.imdb.com/title/tt3659388/,NA
2016,Mad Max: Fury Road,tt1392190,nominee,https://www.imdb.com/title/tt1392190/,NA
2016,The Big Short,tt1596363,nominee,https://www.imdb.com/title/tt1596363/,NA
2015,Birdman or (The Unexpected Virtue of Ignorance),tt2562232,winner,https://www.imdb.com/title/tt2562232/,NA
2015,American Sniper,tt2179136,nominee,https://www.imdb.com/title/tt2179136/,NA
2015,Boyhood,tt1065073,nominee,https://www.imdb.com/title/tt1065073/,NA
2015,The Imitation Game,tt2084970,nominee,https://www.imdb.com/title/tt2084970/,NA
2015,The Grand Budapest Hotel,tt2278388,nominee,https://www.imdb.com/title/tt2278388/,NA
2015,Selma,tt1020072,nominee,https://www.imdb.com/title/tt1020072/,NA
2015,The Theory of Everything,tt2980516,nominee,https://www.imdb.com/title/tt2980516/,NA
2015,Whiplash,tt2582802,nominee,https://www.imdb.com/title/tt2582802/,NA
2014,12 Years a Slave,tt2024544,winner,https://www.imdb.com/title/tt2024544/,NA
2014,The Wolf of Wall Street,tt0993846,nominee,https://www.imdb.com/title/tt0993846/,NA
2014,American Hustle,tt1800241,nominee,https://www.imdb.com/title/tt1800241/,NA
2014,Nebraska,tt1821549,nominee,https://www.imdb.com/title/tt1821549/,NA
2014,Captain Phillips,tt1535109,nominee,https://www.imdb.com/title/tt1535109/,NA
2014,Philomena,tt2431286,nominee,https://www.imdb.com/title/tt2431286/,NA
2014,Dallas Buyers Club,tt0790636,nominee,https://www.imdb.com/title/tt0790636/,NA
2014,Gravity,tt1454468,nominee,https://www.imdb.com/title/tt1454468/,NA
2014,Her,tt1798709,nominee,https://www.imdb.com/title/tt1798709/,NA
2013,Argo,tt1024648,winner,https://www.imdb.com/title/tt1024648/,NA
2013,Amour,tt1602620,nominee,https://www.imdb.com/title/tt1602620/,NA
2013,Beasts of the Southern Wild,tt2125435,nominee,https://www.imdb.com/title/tt2125435/,NA
2013,Django Unchained,tt1853728,nominee,https://www.imdb.com/title/tt1853728/,NA
2013,Les Misérables,tt1707386,nominee,https://www.imdb.com/title/tt1707386/,NA
2013,Life of Pi,tt0454876,nominee,https://www.imdb.com/title/tt0454876/,NA
2013,Lincoln,tt0443272,nominee,https://www.imdb.com/title/tt0443272/,NA
2013,Silver Linings Playbook,tt1045658,nominee,https://www.imdb.com/title/tt1045658/,NA
2013,Zero Dark Thirty,tt1790885,nominee,https://www.imdb.com/title/tt1790885/,NA
2012,The Artist,tt1655442,winner,https://www.imdb.com/title/tt1655442/,NA
2012,The Tree of Life,tt0478304,nominee,https://www.imdb.com/title/tt0478304/,NA
2012,The Descendants,tt1033575,nominee,https://www.imdb.com/title/tt1033575/,NA
2012,Extremely Loud & Incredibly Close,tt0477302,nominee,https://www.imdb.com/title/tt0477302/,NA
2012,The Help,tt1454029,nominee,https://www.imdb.com/title/tt1454029/,NA
2012,Hugo,tt0970179,nominee,https://www.imdb.com/title/tt0970179/,NA
2012,Midnight in Paris,tt1605783,nominee,https://www.imdb.com/title/tt1605783/,NA
2012,Moneyball,tt1210166,nominee,https://www.imdb.com/title/tt1210166/,NA
2012,War Horse,tt1568911,nominee,https://www.imdb.com/title/tt1568911/,NA
2011,The King's Speech,tt1504320,winner,https://www.imdb.com/title/tt1504320/,NA
2011,127 Hours,tt1542344,nominee,https://www.imdb.com/title/tt1542344/,NA
2011,Black Swan,tt0947798,nominee,https://www.imdb.com/title/tt0947798/,NA
2011,The Fighter,tt0964517,nominee,https://www.imdb.com/title/tt0964517/,NA
2011,Inception,tt1375666,nominee,https://www.imdb.com/title/tt1375666/,NA
2011,The Kids Are All Right,tt0842926,nominee,https://www.imdb.com/title/tt0842926/,NA
2011,The Social Network,tt1285016,nominee,https://www.imdb.com/title/tt1285016/,NA
2011,Toy Story 3,tt0435761,nominee,https://www.imdb.com/title/tt0435761/,NA
2011,True Grit,tt1403865,nominee,https://www.imdb.com/title/tt1403865/,NA
2011,Winter's Bone,tt1399683,nominee,https://www.imdb.com/title/tt1399683/,NA
2010,The Hurt Locker,tt0887912,winner,https://www.imdb.com/title/tt0887912/,NA
2010,A Serious Man,tt1019452,nominee,https://www.imdb.com/title/tt1019452/,NA
2010,An Education,tt1174732,nominee,https://www.imdb.com/title/tt1174732/,NA
2010,Avatar,tt0499549,nominee,https://www.imdb.com/title/tt0499549/,NA
2010,District 9,tt1136608,nominee,https://www.imdb.com/title/tt1136608/,NA
2010,Inglourious Basterds,tt0361748,nominee,https://www.imdb.com/title/tt0361748/,NA
2010,Precious,tt0929632,nominee,https://www.imdb.com/title/tt0929632/,NA
2010,The Blind Side,tt0878804,nominee,https://www.imdb.com/title/tt0878804/,NA
2010,Up,tt1049413,nominee,https://www.imdb.com/title/tt1049413/,NA
2010,Up in the Air,tt1193138,nominee,https://www.imdb.com/title/tt1193138/,NA
2009,Slumdog Millionaire,tt1010048,winner,https://www.imdb.com/title/tt1010048/,NA
2009,The Curious Case of Benjamin Button,tt0421715,nominee,https://www.imdb.com/title/tt0421715/,NA
2009,Frost/Nixon,tt0870111,nominee,https://www.imdb.com/title/tt0870111/,NA
2009,Milk,tt1013753,nominee,https://www.imdb.com/title/tt1013753/,NA
2009,The Reader,tt0976051,nominee,https://www.imdb.com/title/tt0976051/,NA
2008,No Country for Old Men,tt0477348,winner,https://www.imdb.com/title/tt0477348/,NA
2008,Atonement,tt0783233,nominee,https://www.imdb.com/title/tt0783233/,NA
2008,Juno,tt0467406,nominee,https://www.imdb.com/title/tt0467406/,NA
2008,Michael Clayton,tt0465538,nominee,https://www.imdb.com/title/tt0465538/,NA
2008,There Will Be Blood,tt0469494,nominee,https://www.imdb.com/title/tt0469494/,NA
2007,The Departed,tt0407887,winner,https://www.imdb.com/title/tt0407887/,NA
2007,Babel,tt0449467,nominee,https://www.imdb.com/title/tt0449467/,NA
2007,Letters from Iwo Jima,tt0498380,nominee,https://www.imdb.com/title/tt0498380/,NA
2007,Little Miss Sunshine,tt0449059,nominee,https://www.imdb.com/title/tt0449059/,NA
2007,The Queen,tt0436697,nominee,https://www.imdb.com/title/tt0436697/,NA
2006,Crash,tt0375679,winner,https://www.imdb.com/title/tt0375679/,NA
2006,Brokeback Mountain,tt0388795,nominee,https://www.imdb.com/title/tt0388795/,NA
2006,Capote,tt0379725,nominee,https://www.imdb.com/title/tt0379725/,NA
2006,"Good Night, and Good Luck.",tt0433383,nominee,https://www.imdb.com/title/tt0433383/,NA
2006,Munich,tt0408306,nominee,https://www.imdb.com/title/tt0408306/,NA
2005,Million Dollar Baby,tt0405159,winner,https://www.imdb.com/title/tt0405159/,NA
2005,The Aviator,tt0338751,nominee,https://www.imdb.com/title/tt0338751/,NA
2005,Finding Neverland,tt0308644,nominee,https://www.imdb.com/title/tt0308644/,NA
2005,Ray,tt0350258,nominee,https://www.imdb.com/title/tt0350258/,NA
2005,Sideways,tt0375063,nominee,https://www.imdb.com/title/tt0375063/,NA
2004,The Lord of the Rings: The Return of the King,tt0167260,winner,https://www.imdb.com/title/tt0167260/,NA
2004,Lost in Translation,tt0335266,nominee,https://www.imdb.com/title/tt0335266/,NA
2004,Master and Commander: The Far Side of the World,tt0311113,nominee,https://www.imdb.com/title/tt0311113/,NA
2004,Mystic River,tt0327056,nominee,https://www.imdb.com/title/tt0327056/,NA
2004,Seabiscuit,tt0329575,nominee,https://www.imdb.com/title/tt0329575/,NA
2003,Chicago,tt0299658,winner,https://www.imdb.com/title/tt0299658/,NA
2003,Gangs of New York,tt0217505,nominee,https://www.imdb.com/title/tt0217505/,NA
2003,The Hours,tt0274558,nominee,https://www.imdb.com/title/tt0274558/,NA
2003,The Lord of the Rings: The Two Towers,tt0167261,nominee,https://www.imdb.com/title/tt0167261/,NA
2003,The Pianist,tt0253474,nominee,https://www.imdb.com/title/tt0253474/,NA
2002,A Beautiful Mind,tt0268978,winner,https://www.imdb.com/title/tt0268978/,NA
2002,Gosford Park,tt0280707,nominee,https://www.imdb.com/title/tt0280707/,NA
2002,In the Bedroom,tt0247425,nominee,https://www.imdb.com/title/tt0247425/,NA
2002,The Lord of the Rings: The Fellowship of the Ring,tt0120737,nominee,https://www.imdb.com/title/tt0120737/,NA
2002,Moulin Rouge!,tt0203009,nominee,https://www.imdb.com/title/tt0203009/,NA
2001,Gladiator,tt0172495,winner,https://www.imdb.com/title/tt0172495/,NA
2001,Chocolat,tt0241303,nominee,https://www.imdb.com/title/tt0241303/,NA
2001,"Crouching Tiger, Hidden Dragon",tt0190332,nominee,https://www.imdb.com/title/tt0190332/,NA
2001,Erin Brockovich,tt0195685,nominee,https://www.imdb.com/title/tt0195685/,NA
2001,Traffic,tt0181865,nominee,https://www.imdb.com/title/tt0181865/,NA
2000,American Beauty,tt0169547,winner,https://www.imdb.com/title/tt0169547/,NA
2000,The Cider House Rules,tt0124315,nominee,https://www.imdb.com/title/tt0124315/,NA
2000,The Green Mile,tt0120689,nominee,https://www.imdb.com/title/tt0120689/,NA
2000,The Insider,tt0140352,nominee,https://www.imdb.com/title/tt0140352/,NA
2000,The Sixth Sense,tt0167404,nominee,https://www.imdb.com/title/tt0167404/,NA
1999,Shakespeare in Love,tt0138097,winner,https://www.imdb.com/title/tt0138097/,NA
1999,Elizabeth,tt0127536,nominee,https://www.imdb.com/title/tt0127536/,NA
1999,Life Is Beautiful,tt0118799,nominee,https://www.imdb.com/title/tt0118799/,NA
1999,Saving Private Ryan,tt0120815,nominee,https://www.imdb.com/title/tt0120815/,NA
1999,The Thin Red Line,tt0120863,nominee,https://www.imdb.com/title/tt0120863/,NA
1998,Titanic,tt0120338,winner,https://www.imdb.com/title/tt0120338/,NA
1998,As Good as It Gets,tt0119822,nominee,https://www.imdb.com/title/tt0119822/,NA
1998,The Full Monty,tt0119164,nominee,https://www.imdb.com/title/tt0119164/,NA
1998,Good Will Hunting,tt0119217,nominee,https://www.imdb.com/title/tt0119217/,NA
1998,L.A. Confidential,tt0119488,nominee,https://www.imdb.com/title/tt0119488/,NA
1997,The English Patient,tt0116209,winner,https://www.imdb.com/title/tt0116209/,NA
1997,Fargo,tt0116282,nominee,https://www.imdb.com/title/tt0116282/,NA
1997,Jerry Maguire,tt0116695,nominee,https://www.imdb.com/title/tt0116695/,NA
1997,Secrets & Lies,tt0117589,nominee,https://www.imdb.com/title/tt0117589/,NA
1997,Shine,tt0117631,nominee,https://www.imdb.com/title/tt0117631/,NA
1996,Braveheart,tt0112573,winner,https://www.imdb.com/title/tt0112573/,NA
1996,Apollo 13,tt0112384,nominee,https://www.imdb.com/title/tt0112384/,NA
1996,Babe,tt0112431,nominee,https://www.imdb.com/title/tt0112431/,NA
1996,The Postman,tt0110877,nominee,https://www.imdb.com/title/tt0110877/,NA
1996,Sense and Sensibility,tt0114388,nominee,https://www.imdb.com/title/tt0114388/,NA
1995,Forrest Gump,tt0109830,winner,https://www.imdb.com/title/tt0109830/,NA
1995,Four Weddings and a Funeral,tt0109831,nominee,https://www.imdb.com/title/tt0109831/,NA
1995,Pulp Fiction,tt0110912,nominee,https://www.imdb.com/title/tt0110912/,NA
1995,Quiz Show,tt0110932,nominee,https://www.imdb.com/title/tt0110932/,NA
1995,The Shawshank Redemption,tt0111161,nominee,https://www.imdb.com/title/tt0111161/,NA
1994,Schindler's List,tt0108052,winner,https://www.imdb.com/title/tt0108052/,NA
1994,The Fugitive,tt0106977,nominee,https://www.imdb.com/title/tt0106977/,NA
1994,In the Name of the Father,tt0107207,nominee,https://www.imdb.com/title/tt0107207/,NA
1994,The Piano,tt0107822,nominee,https://www.imdb.com/title/tt0107822/,NA
1994,The Remains of the Day,tt0107943,nominee,https://www.imdb.com/title/tt0107943/,NA
1993,Unforgiven,tt0105695,winner,https://www.imdb.com/title/tt0105695/,NA
1993,The Crying Game,tt0104036,nominee,https://www.imdb.com/title/tt0104036/,NA
1993,A Few Good Men,tt0104257,nominee,https://www.imdb.com/title/tt0104257/,NA
1993,Howards End,tt0104454,nominee,https://www.imdb.com/title/tt0104454/,NA
1993,Scent of a Woman,tt0105323,nominee,https://www.imdb.com/title/tt0105323/,NA
1992,The Silence of the Lambs,tt0102926,winner,https://www.imdb.com/title/tt0102926/,NA
1992,Beauty and the Beast,tt0101414,nominee,https://www.imdb.com/title/tt0101414/,NA
1992,Bugsy,tt0101516,nominee,https://www.imdb.com/title/tt0101516/,NA
1992,JFK,tt0102138,nominee,https://www.imdb.com/title/tt0102138/,NA
1992,The Prince of Tides,tt0102713,nominee,https://www.imdb.com/title/tt0102713/,NA
1991,Dances with Wolves,tt0099348,winner,https://www.imdb.com/title/tt0099348/,NA
1991,Awakenings,tt0099077,nominee,https://www.imdb.com/title/tt0099077/,NA
1991,Ghost,tt0099653,nominee,https://www.imdb.com/title/tt0099653/,NA
1991,The Godfather Part III,tt0099674,nominee,https://www.imdb.com/title/tt0099674/,NA
1991,Goodfellas,tt0099685,nominee,https://www.imdb.com/title/tt0099685/,NA
1990,Driving Miss Daisy,tt0097239,winner,https://www.imdb.com/title/tt0097239/,NA
1990,Born on the Fourth of July,tt0096969,nominee,https://www.imdb.com/title/tt0096969/,NA
1990,Dead Poets Society,tt0097165,nominee,https://www.imdb.com/title/tt0097165/,NA
1990,Field of Dreams,tt0097351,nominee,https://www.imdb.com/title/tt0097351/,NA
1990,My Left Foot,tt0097937,nominee,https://www.imdb.com/title/tt0097937/,NA
1989,Rain Man,tt0095953,winner,https://www.imdb.com/title/tt0095953/,NA
1989,The Accidental Tourist,tt0094606,nominee,https://www.imdb.com/title/tt0094606/,NA
1989,Dangerous Liaisons,tt0094947,nominee,https://www.imdb.com/title/tt0094947/,NA
1989,Mississippi Burning,tt0095647,nominee,https://www.imdb.com/title/tt0095647/,NA
1989,Working Girl,tt0096463,nominee,https://www.imdb.com/title/tt0096463/,NA
1988,The Last Emperor,tt0093389,winner,https://www.imdb.com/title/tt0093389/,NA
1988,Broadcast News,tt0092699,nominee,https://www.imdb.com/title/tt0092699/,NA
1988,Fatal Attraction,tt0093010,nominee,https://www.imdb.com/title/tt0093010/,NA
1988,Hope and Glory,tt0093209,nominee,https://www.imdb.com/title/tt0093209/,NA
1988,Moonstruck,tt0093565,nominee,https://www.imdb.com/title/tt0093565/,NA
1987,Platoon,tt0091763,winner,https://www.imdb.com/title/tt0091763/,NA
1987,Children of a Lesser God,tt0090830,nominee,https://www.imdb.com/title/tt0090830/,NA
1987,Hannah and Her Sisters,tt0091167,nominee,https://www.imdb.com/title/tt0091167/,NA
1987,The Mission,tt0091530,nominee,https://www.imdb.com/title/tt0091530/,NA
1987,A Room with a View,tt0091867,nominee,https://www.imdb.com/title/tt0091867/,NA
1986,Out of Africa,tt0089755,winner,https://www.imdb.com/title/tt0089755/,NA
1986,The Color Purple,tt0088939,nominee,https://www.imdb.com/title/tt0088939/,NA
1986,Kiss of the Spider Woman,tt0089424,nominee,https://www.imdb.com/title/tt0089424/,NA
1986,Prizzi's Honor,tt0089841,nominee,https://www.imdb.com/title/tt0089841/,NA
1986,Witness,tt0090329,nominee,https://www.imdb.com/title/tt0090329/,NA
1985,Amadeus,tt0086879,winner,https://www.imdb.com/title/tt0086879/,NA
1985,The Killing Fields,tt0087553,nominee,https://www.imdb.com/title/tt0087553/,NA
1985,A Passage to India,tt0087892,nominee,https://www.imdb.com/title/tt0087892/,NA
1985,Places in the Heart,tt0087921,nominee,https://www.imdb.com/title/tt0087921/,NA
1985,A Soldier's Story,tt0088146,nominee,https://www.imdb.com/title/tt0088146/,NA
1984,Terms of Endearment,tt0086425,winner,https://www.imdb.com/title/tt0086425/,NA
1984,The Big Chill,tt0085244,nominee,https://www.imdb.com/title/tt0085244/,NA
1984,The Dresser,tt0085461,nominee,https://www.imdb.com/title/tt0085461/,NA
1984,The Right Stuff,tt0086197,nominee,https://www.imdb.com/title/tt0086197/,NA
1984,Tender Mercies,tt0086423,nominee,https://www.imdb.com/title/tt0086423/,NA
1983,Gandhi,tt0083987,winner,https://www.imdb.com/title/tt0083987/,NA
1983,E.T. the Extra-Terrestrial,tt0083866,nominee,https://www.imdb.com/title/tt0083866/,NA
1983,Missing,tt0084335,nominee,https://www.imdb.com/title/tt0084335/,NA
1983,Tootsie,tt0084805,nominee,https://www.imdb.com/title/tt0084805/,NA
1983,The Verdict,tt0084855,nominee,https://www.imdb.com/title/tt0084855/,NA
1982,Chariots of Fire,tt0082158,winner,https://www.imdb.com/title/tt0082158/,NA
1982,Atlantic City,tt0080388,nominee,https://www.imdb.com/title/tt0080388/,NA
1982,On Golden Pond,tt0082846,nominee,https://www.imdb.com/title/tt0082846/,NA
1982,Raiders of the Lost Ark,tt0082971,nominee,https://www.imdb.com/title/tt0082971/,NA
1982,Reds,tt0082979,nominee,https://www.imdb.com/title/tt0082979/,NA
1981,Ordinary People,tt0081283,winner,https://www.imdb.com/title/tt0081283/,NA
1981,Coal Miner's Daughter,tt0080549,nominee,https://www.imdb.com/title/tt0080549/,NA
1981,The Elephant Man,tt0080678,nominee,https://www.imdb.com/title/tt0080678/,NA
1981,Raging Bull,tt0081398,nominee,https://www.imdb.com/title/tt0081398/,NA
1981,Tess,tt0080009,nominee,https://www.imdb.com/title/tt0080009/,NA
1980,Kramer vs. Kramer,tt0079417,winner,https://www.imdb.com/title/tt0079417/,NA
1980,All That Jazz,tt0078754,nominee,https://www.imdb.com/title/tt0078754/,NA
1980,Apocalypse Now,tt0078788,nominee,https://www.imdb.com/title/tt0078788/,NA
1980,Breaking Away,tt0078902,nominee,https://www.imdb.com/title/tt0078902/,NA
1980,Norma Rae,tt0079638,nominee,https://www.imdb.com/title/tt0079638/,NA
1979,The Deer Hunter,tt0077416,winner,https://www.imdb.com/title/tt0077416/,NA
1979,Coming Home,tt0077362,nominee,https://www.imdb.com/title/tt0077362/,NA
1979,Heaven Can Wait,tt0077663,nominee,https://www.imdb.com/title/tt0077663/,NA
1979,Midnight Express,tt0077928,nominee,https://www.imdb.com/title/tt0077928/,NA
1979,An Unmarried Woman,tt0078444,nominee,https://www.imdb.com/title/tt0078444/,NA
1978,Annie Hall,tt0075686,winner,https://www.imdb.com/title/tt0075686/,NA
1978,The Goodbye Girl,tt0076095,nominee,https://www.imdb.com/title/tt0076095/,NA
1978,Julia,tt0076245,nominee,https://www.imdb.com/title/tt0076245/,NA
1978,Star Wars: Episode IV - A New Hope,tt0076759,nominee,https://www.imdb.com/title/tt0076759/,NA
1978,The Turning Point,tt0076843,nominee,https://www.imdb.com/title/tt0076843/,NA
1977,Rocky,tt0075148,winner,https://www.imdb.com/title/tt0075148/,NA
1977,All the President's Men,tt0074119,nominee,https://www.imdb.com/title/tt0074119/,NA
1977,Bound for Glory,tt0074235,nominee,https://www.imdb.com/title/tt0074235/,NA
1977,Network,tt0074958,nominee,https://www.imdb.com/title/tt0074958/,NA
1977,Taxi Driver,tt0075314,nominee,https://www.imdb.com/title/tt0075314/,NA
1976,One Flew Over the Cuckoo's Nest,tt0073486,winner,https://www.imdb.com/title/tt0073486/,NA
1976,Barry Lyndon,tt0072684,nominee,https://www.imdb.com/title/tt0072684/,NA
1976,Dog Day Afternoon,tt0072890,nominee,https://www.imdb.com/title/tt0072890/,NA
1976,Jaws,tt0073195,nominee,https://www.imdb.com/title/tt0073195/,NA
1976,Nashville,tt0073440,nominee,https://www.imdb.com/title/tt0073440/,NA
1975,The Godfather Part II,tt0071562,winner,https://www.imdb.com/title/tt0071562/,NA
1975,Chinatown,tt0071315,nominee,https://www.imdb.com/title/tt0071315/,NA
1975,The Conversation,tt0071360,nominee,https://www.imdb.com/title/tt0071360/,NA
1975,Lenny,tt0071746,nominee,https://www.imdb.com/title/tt0071746/,NA
1975,The Towering Inferno,tt0072308,nominee,https://www.imdb.com/title/tt0072308/,NA
1974,The Sting,tt0070735,winner,https://www.imdb.com/title/tt0070735/,NA
1974,American Graffiti,tt0069704,nominee,https://www.imdb.com/title/tt0069704/,NA
1974,Cries & Whispers,tt0069467,nominee,https://www.imdb.com/title/tt0069467/,NA
1974,The Exorcist,tt0070047,nominee,https://www.imdb.com/title/tt0070047/,NA
1974,A Touch of Class,tt0070819,nominee,https://www.imdb.com/title/tt0070819/,NA
1973,The Godfather,tt0068646,winner,https://www.imdb.com/title/tt0068646/,NA
1973,Cabaret,tt0068327,nominee,https://www.imdb.com/title/tt0068327/,NA
1973,Deliverance,tt0068473,nominee,https://www.imdb.com/title/tt0068473/,NA
1973,The Emigrants,tt0067919,nominee,https://www.imdb.com/title/tt0067919/,NA
1973,Sounder,tt0069303,nominee,https://www.imdb.com/title/tt0069303/,NA
1972,The French Connection,tt0067116,winner,https://www.imdb.com/title/tt0067116/,NA
1972,A Clockwork Orange,tt0066921,nominee,https://www.imdb.com/title/tt0066921/,NA
1972,Fiddler on the Roof,tt0067093,nominee,https://www.imdb.com/title/tt0067093/,NA
1972,The Last Picture Show,tt0067328,nominee,https://www.imdb.com/title/tt0067328/,NA
1972,Nicholas and Alexandra,tt0067483,nominee,https://www.imdb.com/title/tt0067483/,NA
1971,Patton,tt0066206,winner,https://www.imdb.com/title/tt0066206/,NA
1971,Airport,tt0065377,nominee,https://www.imdb.com/title/tt0065377/,NA
1971,Five Easy Pieces,tt0065724,nominee,https://www.imdb.com/title/tt0065724/,NA
1971,Love Story,tt0066011,nominee,https://www.imdb.com/title/tt0066011/,NA
1971,M*A*S*H,tt0066026,nominee,https://www.imdb.com/title/tt0066026/,NA
1970,Midnight Cowboy,tt0064665,winner,https://www.imdb.com/title/tt0064665/,NA
1970,Anne of the Thousand Days,tt0064030,nominee,https://www.imdb.com/title/tt0064030/,NA
1970,Butch Cassidy and the Sundance Kid,tt0064115,nominee,https://www.imdb.com/title/tt0064115/,NA
1970,"Hello, Dolly!",tt0064418,nominee,https://www.imdb.com/title/tt0064418/,NA
1970,Z,tt0065234,nominee,https://www.imdb.com/title/tt0065234/,NA
1969,Oliver!,tt0063385,winner,https://www.imdb.com/title/tt0063385/,NA
1969,Funny Girl,tt0062994,nominee,https://www.imdb.com/title/tt0062994/,NA
1969,The Lion in Winter,tt0063227,nominee,https://www.imdb.com/title/tt0063227/,NA
1969,"Rachel, Rachel",tt0063483,nominee,https://www.imdb.com/title/tt0063483/,NA
1969,Romeo and Juliet,tt0063518,nominee,https://www.imdb.com/title/tt0063518/,NA
1968,In the Heat of the Night,tt0061811,winner,https://www.imdb.com/title/tt0061811/,NA
1968,Bonnie and Clyde,tt0061418,nominee,https://www.imdb.com/title/tt0061418/,NA
1968,Doctor Dolittle,tt0061584,nominee,https://www.imdb.com/title/tt0061584/,NA
1968,The Graduate,tt0061722,nominee,https://www.imdb.com/title/tt0061722/,NA
1968,Guess Who's Coming to Dinner,tt0061735,nominee,https://www.imdb.com/title/tt0061735/,NA
1967,A Man for All Seasons,tt0060665,winner,https://www.imdb.com/title/tt0060665/,NA
1967,Alfie,tt0060086,nominee,https://www.imdb.com/title/tt0060086/,NA
1967,The Russians Are Coming the Russians Are Coming,tt0060921,nominee,https://www.imdb.com/title/tt0060921/,NA
1967,The Sand Pebbles,tt0060934,nominee,https://www.imdb.com/title/tt0060934/,NA
1967,Who's Afraid of Virginia Woolf?,tt0061184,nominee,https://www.imdb.com/title/tt0061184/,NA
1966,The Sound of Music,tt0059742,winner,https://www.imdb.com/title/tt0059742/,NA
1966,Darling,tt0059084,nominee,https://www.imdb.com/title/tt0059084/,NA
1966,Doctor Zhivago,tt0059113,nominee,https://www.imdb.com/title/tt0059113/,NA
1966,Ship of Fools,tt0059712,nominee,https://www.imdb.com/title/tt0059712/,NA
1966,A Thousand Clowns,tt0059798,nominee,https://www.imdb.com/title/tt0059798/,NA
1965,My Fair Lady,tt0058385,winner,https://www.imdb.com/title/tt0058385/,NA
1965,Becket,tt0057877,nominee,https://www.imdb.com/title/tt0057877/,NA
1965,Dr. Strangelove or: How I Learned to Stop Worrying and Love the Bomb,tt0057012,nominee,https://www.imdb.com/title/tt0057012/,NA
1965,Mary Poppins,tt0058331,nominee,https://www.imdb.com/title/tt0058331/,NA
1965,Zorba the Greek,tt0057831,nominee,https://www.imdb.com/title/tt0057831/,NA
1964,Tom Jones,tt0057590,winner,https://www.imdb.com/title/tt0057590/,NA
1964,America America,tt0056825,nominee,https://www.imdb.com/title/tt0056825/,NA
1964,Cleopatra,tt0056937,nominee,https://www.imdb.com/title/tt0056937/,NA
1964,How the West Was Won,tt0056085,nominee,https://www.imdb.com/title/tt0056085/,NA
1964,Lilies of the Field,tt0057251,nominee,https://www.imdb.com/title/tt0057251/,NA
1963,Lawrence of Arabia,tt0056172,winner,https://www.imdb.com/title/tt0056172/,NA
1963,The Longest Day,tt0056197,nominee,https://www.imdb.com/title/tt0056197/,NA
1963,The Music Man,tt0056262,nominee,https://www.imdb.com/title/tt0056262/,NA
1963,Mutiny on the Bounty,tt0056264,nominee,https://www.imdb.com/title/tt0056264/,NA
1963,To Kill a Mockingbird,tt0056592,nominee,https://www.imdb.com/title/tt0056592/,NA
1962,West Side Story,tt0055614,winner,https://www.imdb.com/title/tt0055614/,NA
1962,Fanny,tt0054866,nominee,https://www.imdb.com/title/tt0054866/,NA
1962,The Guns of Navarone,tt0054953,nominee,https://www.imdb.com/title/tt0054953/,NA
1962,The Hustler,tt0054997,nominee,https://www.imdb.com/title/tt0054997/,NA
1962,Judgment at Nuremberg,tt0055031,nominee,https://www.imdb.com/title/tt0055031/,NA
1961,The Apartment,tt0053604,winner,https://www.imdb.com/title/tt0053604/,NA
1961,The Alamo,tt0053580,nominee,https://www.imdb.com/title/tt0053580/,NA
1961,Elmer Gantry,tt0053793,nominee,https://www.imdb.com/title/tt0053793/,NA
1961,Sons and Lovers,tt0054326,nominee,https://www.imdb.com/title/tt0054326/,NA
1961,The Sundowners,tt0054353,nominee,https://www.imdb.com/title/tt0054353/,NA
1960,Ben-Hur,tt0052618,winner,https://www.imdb.com/title/tt0052618/,NA
1960,Anatomy of a Murder,tt0052561,nominee,https://www.imdb.com/title/tt0052561/,NA
1960,The Diary of Anne Frank,tt0052738,nominee,https://www.imdb.com/title/tt0052738/,NA
1960,The Nun's Story,tt0053131,nominee,https://www.imdb.com/title/tt0053131/,NA
1960,Room at the Top,tt0053226,nominee,https://www.imdb.com/title/tt0053226/,NA
1959,Gigi,tt0051658,winner,https://www.imdb.com/title/tt0051658/,NA
1959,Auntie Mame,tt0051383,nominee,https://www.imdb.com/title/tt0051383/,NA
1959,Cat on a Hot Tin Roof,tt0051459,nominee,https://www.imdb.com/title/tt0051459/,NA
1959,The Defiant Ones,tt0051525,nominee,https://www.imdb.com/title/tt0051525/,NA
1959,Separate Tables,tt0052182,nominee,https://www.imdb.com/title/tt0052182/,NA
1958,The Bridge on the River Kwai,tt0050212,winner,https://www.imdb.com/title/tt0050212/,NA
1958,Peyton Place,tt0050839,nominee,https://www.imdb.com/title/tt0050839/,NA
1958,Sayonara,tt0050933,nominee,https://www.imdb.com/title/tt0050933/,NA
1958,12 Angry Men,tt0050083,nominee,https://www.imdb.com/title/tt0050083/,NA
1958,Witness for the Prosecution,tt0051201,nominee,https://www.imdb.com/title/tt0051201/,NA
1957,Around the World in 80 Days,tt0048960,winner,https://www.imdb.com/title/tt0048960/,NA
1957,Friendly Persuasion,tt0049233,nominee,https://www.imdb.com/title/tt0049233/,NA
1957,Giant,tt0049261,nominee,https://www.imdb.com/title/tt0049261/,NA
1957,The King and I,tt0049408,nominee,https://www.imdb.com/title/tt0049408/,NA
1957,The Ten Commandments,tt0049833,nominee,https://www.imdb.com/title/tt0049833/,NA
1956,Marty,tt0048356,winner,https://www.imdb.com/title/tt0048356/,NA
1956,Love Is a Many-Splendored Thing,tt0048316,nominee,https://www.imdb.com/title/tt0048316/,NA
1956,Mister Roberts,tt0048380,nominee,https://www.imdb.com/title/tt0048380/,NA
1956,Picnic,tt0048491,nominee,https://www.imdb.com/title/tt0048491/,NA
1956,The Rose Tattoo,tt0048563,nominee,https://www.imdb.com/title/tt0048563/,NA
1955,On the Waterfront,tt0047296,winner,https://www.imdb.com/title/tt0047296/,NA
1955,The Caine Mutiny,tt0046816,nominee,https://www.imdb.com/title/tt0046816/,NA
1955,The Country Girl,tt0046874,nominee,https://www.imdb.com/title/tt0046874/,NA
1955,Seven Brides for Seven Brothers,tt0047472,nominee,https://www.imdb.com/title/tt0047472/,NA
1955,Three Coins in the Fountain,tt0047580,nominee,https://www.imdb.com/title/tt0047580/,NA
1954,From Here to Eternity,tt0045793,winner,https://www.imdb.com/title/tt0045793/,NA
1954,Julius Caesar,tt0045943,nominee,https://www.imdb.com/title/tt0045943/,NA
1954,The Robe,tt0046247,nominee,https://www.imdb.com/title/tt0046247/,NA
1954,Roman Holiday,tt0046250,nominee,https://www.imdb.com/title/tt0046250/,NA
1954,Shane,tt0046303,nominee,https://www.imdb.com/title/tt0046303/,NA
1953,The Greatest Show on Earth,tt0044672,winner,https://www.imdb.com/title/tt0044672/,NA
1953,High Noon,tt0044706,nominee,https://www.imdb.com/title/tt0044706/,NA
1953,Ivanhoe,tt0044760,nominee,https://www.imdb.com/title/tt0044760/,NA
1953,Moulin Rouge,tt0044926,nominee,https://www.imdb.com/title/tt0044926/,NA
1953,The Quiet Man,tt0045061,nominee,https://www.imdb.com/title/tt0045061/,NA
1952,An American in Paris,tt0043278,winner,https://www.imdb.com/title/tt0043278/,NA
1952,Decision Before Dawn,tt0043459,nominee,https://www.imdb.com/title/tt0043459/,NA
1952,A Place in the Sun,tt0043924,nominee,https://www.imdb.com/title/tt0043924/,NA
1952,Quo Vadis,tt0043949,nominee,https://www.imdb.com/title/tt0043949/,NA
1952,A Streetcar Named Desire,tt0044081,nominee,https://www.imdb.com/title/tt0044081/,NA
1951,All About Eve,tt0042192,winner,https://www.imdb.com/title/tt0042192/,NA
1951,Born Yesterday,tt0042276,nominee,https://www.imdb.com/title/tt0042276/,NA
1951,Father of the Bride,tt0042451,nominee,https://www.imdb.com/title/tt0042451/,NA
1951,King Solomon's Mines,tt0042646,nominee,https://www.imdb.com/title/tt0042646/,NA
1951,Sunset Boulevard,tt0043014,nominee,https://www.imdb.com/title/tt0043014/,NA
1950,All the King's Men,tt0041113,winner,https://www.imdb.com/title/tt0041113/,NA
1950,Battleground,tt0041163,nominee,https://www.imdb.com/title/tt0041163/,NA
1950,The Heiress,tt0041452,nominee,https://www.imdb.com/title/tt0041452/,NA
1950,A Letter to Three Wives,tt0041587,nominee,https://www.imdb.com/title/tt0041587/,NA
1950,Twelve O'Clock High,tt0041996,nominee,https://www.imdb.com/title/tt0041996/,NA
1949,Hamlet,tt0040416,winner,https://www.imdb.com/title/tt0040416/,NA
1949,Johnny Belinda,tt0040495,nominee,https://www.imdb.com/title/tt0040495/,NA
1949,The Red Shoes,tt0040725,nominee,https://www.imdb.com/title/tt0040725/,NA
1949,The Snake Pit,tt0040806,nominee,https://www.imdb.com/title/tt0040806/,NA
1949,The Treasure of the Sierra Madre,tt0040897,nominee,https://www.imdb.com/title/tt0040897/,NA
1948,Gentleman's Agreement,tt0039416,winner,https://www.imdb.com/title/tt0039416/,NA
1948,Miracle on 34th Street,tt0039628,nominee,https://www.imdb.com/title/tt0039628/,NA
1948,The Bishop's Wife,tt0039190,nominee,https://www.imdb.com/title/tt0039190/,NA
1948,Crossfire,tt0039286,nominee,https://www.imdb.com/title/tt0039286/,NA
1948,Great Expectations,tt0038574,nominee,https://www.imdb.com/title/tt0038574/,NA
1947,The Best Years of Our Lives,tt0036868,winner,https://www.imdb.com/title/tt0036868/,NA
1947,Henry V,tt0036910,nominee,https://www.imdb.com/title/tt0036910/,NA
1947,It's a Wonderful Life,tt0038650,nominee,https://www.imdb.com/title/tt0038650/,NA
1947,The Razor's Edge,tt0038873,nominee,https://www.imdb.com/title/tt0038873/,NA
1947,The Yearling,tt0039111,nominee,https://www.imdb.com/title/tt0039111/,NA
1946,The Lost Weekend,tt0037884,winner,https://www.imdb.com/title/tt0037884/,NA
1946,Anchors Aweigh,tt0037514,nominee,https://www.imdb.com/title/tt0037514/,NA
1946,The Bells of St. Mary's,tt0037536,nominee,https://www.imdb.com/title/tt0037536/,NA
1946,Mildred Pierce,tt0037913,nominee,https://www.imdb.com/title/tt0037913/,NA
1946,Spellbound,tt0038109,nominee,https://www.imdb.com/title/tt0038109/,NA
1945,Going My Way,tt0036872,winner,https://www.imdb.com/title/tt0036872/,NA
1945,Double Indemnity,tt0036775,nominee,https://www.imdb.com/title/tt0036775/,NA
1945,Gaslight,tt0036855,nominee,https://www.imdb.com/title/tt0036855/,NA
1945,Since You Went Away,tt0037280,nominee,https://www.imdb.com/title/tt0037280/,NA
1945,Wilson,tt0037465,nominee,https://www.imdb.com/title/tt0037465/,NA
1944,Casablanca,tt0034583,winner,https://www.imdb.com/title/tt0034583/,NA
1944,For Whom the Bell Tolls,tt0035896,nominee,https://www.imdb.com/title/tt0035896/,NA
1944,Heaven Can Wait,tt0035979,nominee,https://www.imdb.com/title/tt0035979/,NA
1944,The Human Comedy,tt0036022,nominee,https://www.imdb.com/title/tt0036022/,NA
1944,In Which We Serve,tt0034891,nominee,https://www.imdb.com/title/tt0034891/,NA
1944,Madame Curie,tt0036126,nominee,https://www.imdb.com/title/tt0036126/,NA
1944,The More the Merrier,tt0036172,nominee,https://www.imdb.com/title/tt0036172/,NA
1944,The Ox-Bow Incident,tt0036244,nominee,https://www.imdb.com/title/tt0036244/,NA
1944,The Song of Bernadette,tt0036377,nominee,https://www.imdb.com/title/tt0036377/,NA
1944,Watch on the Rhine,tt0036515,nominee,https://www.imdb.com/title/tt0036515/,NA
1943,Mrs. Miniver,tt0035093,winner,https://www.imdb.com/title/tt0035093/,NA
1943,The Invaders,tt0033627,nominee,https://www.imdb.com/title/tt0033627/,NA
1943,Kings Row,tt0034946,nominee,https://www.imdb.com/title/tt0034946/,NA
1943,The Magnificent Ambersons,tt0035015,nominee,https://www.imdb.com/title/tt0035015/,NA
1943,The Pied Piper,tt0035189,nominee,https://www.imdb.com/title/tt0035189/,NA
1943,The Pride of the Yankees,tt0035211,nominee,https://www.imdb.com/title/tt0035211/,NA
1943,Random Harvest,tt0035238,nominee,https://www.imdb.com/title/tt0035238/,NA
1943,The Talk of the Town,tt0035417,nominee,https://www.imdb.com/title/tt0035417/,NA
1943,Wake Island,tt0035530,nominee,https://www.imdb.com/title/tt0035530/,NA
1943,Yankee Doodle Dandy,tt0035575,nominee,https://www.imdb.com/title/tt0035575/,NA
1942,How Green Was My Valley,tt0033729,winner,https://www.imdb.com/title/tt0033729/,NA
1942,Blossoms in the Dust,tt0033407,nominee,https://www.imdb.com/title/tt0033407/,NA
1942,Citizen Kane,tt0033467,nominee,https://www.imdb.com/title/tt0033467/,NA
1942,Here Comes Mr. Jordan,tt0033712,nominee,https://www.imdb.com/title/tt0033712/,NA
1942,Hold Back the Dawn,tt0033722,nominee,https://www.imdb.com/title/tt0033722/,NA
1942,The Little Foxes,tt0033836,nominee,https://www.imdb.com/title/tt0033836/,NA
1942,The Maltese Falcon,tt0033870,nominee,https://www.imdb.com/title/tt0033870/,NA
1942,One Foot in Heaven,tt0033980,nominee,https://www.imdb.com/title/tt0033980/,NA
1942,Sergeant York,tt0034167,nominee,https://www.imdb.com/title/tt0034167/,NA
1942,Suspicion,tt0034248,nominee,https://www.imdb.com/title/tt0034248/,NA
1941,Rebecca,tt0032976,winner,https://www.imdb.com/title/tt0032976/,NA
1941,"All This, and Heaven Too",tt0032194,nominee,https://www.imdb.com/title/tt0032194/,NA
1941,Foreign Correspondent,tt0032484,nominee,https://www.imdb.com/title/tt0032484/,NA
1941,The Grapes of Wrath,tt0032551,nominee,https://www.imdb.com/title/tt0032551/,NA
1941,The Great Dictator,tt0032553,nominee,https://www.imdb.com/title/tt0032553/,NA
1941,Kitty Foyle,tt0032671,nominee,https://www.imdb.com/title/tt0032671/,NA
1941,The Letter,tt0032701,nominee,https://www.imdb.com/title/tt0032701/,NA
1941,The Long Voyage Home,tt0032728,nominee,https://www.imdb.com/title/tt0032728/,NA
1941,Our Town,tt0032881,nominee,https://www.imdb.com/title/tt0032881/,NA
1941,The Philadelphia Story,tt0032904,nominee,https://www.imdb.com/title/tt0032904/,NA
1940,Gone with the Wind,tt0031381,winner,https://www.imdb.com/title/tt0031381/,NA
1940,Dark Victory,tt0031210,nominee,https://www.imdb.com/title/tt0031210/,NA
1940,"Goodbye, Mr. Chips",tt0031385,nominee,https://www.imdb.com/title/tt0031385/,NA
1940,Love Affair,tt0031593,nominee,https://www.imdb.com/title/tt0031593/,NA
1940,Mr. Smith Goes to Washington,tt0031679,nominee,https://www.imdb.com/title/tt0031679/,NA
1940,Ninotchka,tt0031725,nominee,https://www.imdb.com/title/tt0031725/,NA
1940,Of Mice and Men,tt0031742,nominee,https://www.imdb.com/title/tt0031742/,NA
1940,Stagecoach,tt0031971,nominee,https://www.imdb.com/title/tt0031971/,NA
1940,The Wizard of Oz,tt0032138,nominee,https://www.imdb.com/title/tt0032138/,NA
1940,Wuthering Heights,tt0032145,nominee,https://www.imdb.com/title/tt0032145/,NA
1939,You Can't Take It with You,tt0030993,winner,https://www.imdb.com/title/tt0030993/,NA
1939,The Adventures of Robin Hood,tt0029843,nominee,https://www.imdb.com/title/tt0029843/,NA
1939,Alexander's Ragtime Band,tt0029852,nominee,https://www.imdb.com/title/tt0029852/,NA
1939,Boys Town,tt0029942,nominee,https://www.imdb.com/title/tt0029942/,NA
1939,The Citadel,tt0029995,nominee,https://www.imdb.com/title/tt0029995/,NA
1939,Four Daughters,tt0030149,nominee,https://www.imdb.com/title/tt0030149/,NA
1939,La grande illusion,tt0028950,nominee,https://www.imdb.com/title/tt0028950/,NA
1939,Jezebel,tt0030287,nominee,https://www.imdb.com/title/tt0030287/,NA
1939,Pygmalion,tt0030637,nominee,https://www.imdb.com/title/tt0030637/,NA
1939,Test Pilot,tt0030848,nominee,https://www.imdb.com/title/tt0030848/,NA
1938,The Life of Emile Zola,tt0029146,winner,https://www.imdb.com/title/tt0029146/,NA
1938,The Awful Truth,tt0028597,nominee,https://www.imdb.com/title/tt0028597/,NA
1938,Captains Courageous,tt0028691,nominee,https://www.imdb.com/title/tt0028691/,NA
1938,Dead End,tt0028773,nominee,https://www.imdb.com/title/tt0028773/,NA
1938,The Good Earth,tt0028944,nominee,https://www.imdb.com/title/tt0028944/,NA
1938,In Old Chicago,tt0029047,nominee,https://www.imdb.com/title/tt0029047/,NA
1938,Lost Horizon,tt0029162,nominee,https://www.imdb.com/title/tt0029162/,NA
1938,One Hundred Men and a Girl,tt0029347,nominee,https://www.imdb.com/title/tt0029347/,NA
1938,Stage Door,tt0029604,nominee,https://www.imdb.com/title/tt0029604/,NA
1938,A Star Is Born,tt0029606,nominee,https://www.imdb.com/title/tt0029606/,NA
1937,The Great Ziegfeld,tt0027698,winner,https://www.imdb.com/title/tt0027698/,NA
1937,Anthony Adverse,tt0027300,nominee,https://www.imdb.com/title/tt0027300/,NA
1937,Dodsworth,tt0027532,nominee,https://www.imdb.com/title/tt0027532/,NA
1937,Libeled Lady,tt0027884,nominee,https://www.imdb.com/title/tt0027884/,NA
1937,Mr. Deeds Goes to Town,tt0027996,nominee,https://www.imdb.com/title/tt0027996/,NA
1937,Romeo and Juliet,tt0028203,nominee,https://www.imdb.com/title/tt0028203/,NA
1937,San Francisco,tt0028216,nominee,https://www.imdb.com/title/tt0028216/,NA
1937,The Story of Louis Pasteur,tt0028313,nominee,https://www.imdb.com/title/tt0028313/,NA
1937,A Tale of Two Cities,tt0027075,nominee,https://www.imdb.com/title/tt0027075/,NA
1937,Three Smart Girls,tt0028373,nominee,https://www.imdb.com/title/tt0028373/,NA
1936,Mutiny on the Bounty,tt0026752,winner,https://www.imdb.com/title/tt0026752/,NA
1936,Alice Adams,tt0026056,nominee,https://www.imdb.com/title/tt0026056/,NA
1936,Broadway Melody of 1936,tt0026144,nominee,https://www.imdb.com/title/tt0026144/,NA
1936,Captain Blood,tt0026174,nominee,https://www.imdb.com/title/tt0026174/,NA
1936,David Copperfield,tt0026266,nominee,https://www.imdb.com/title/tt0026266/,NA
1936,The Informer,tt0026529,nominee,https://www.imdb.com/title/tt0026529/,NA
1936,Les Misérables,tt0026725,nominee,https://www.imdb.com/title/tt0026725/,NA
1936,The Lives of a Bengal Lancer,tt0026643,nominee,https://www.imdb.com/title/tt0026643/,NA
1936,A Midsummer Night's Dream,tt0026714,nominee,https://www.imdb.com/title/tt0026714/,NA
1936,Naughty Marietta,tt0026768,nominee,https://www.imdb.com/title/tt0026768/,NA
1936,Ruggles of Red Gap,tt0026955,nominee,https://www.imdb.com/title/tt0026955/,NA
1936,Top Hat,tt0027125,nominee,https://www.imdb.com/title/tt0027125/,NA
1935,It Happened One Night,tt0025316,winner,https://www.imdb.com/title/tt0025316/,NA
1935,The Barretts of Wimpole Street,tt0024865,nominee,https://www.imdb.com/title/tt0024865/,NA
1935,Cleopatra,tt0024991,nominee,https://www.imdb.com/title/tt0024991/,NA
1935,Flirtation Walk,tt0025124,nominee,https://www.imdb.com/title/tt0025124/,NA
1935,The Gay Divorcee,tt0025164,nominee,https://www.imdb.com/title/tt0025164/,NA
1935,Here Comes the Navy,tt0025238,nominee,https://www.imdb.com/title/tt0025238/,NA
1935,The House of Rothschild,tt0025272,nominee,https://www.imdb.com/title/tt0025272/,NA
1935,Imitation of Life,tt0025301,nominee,https://www.imdb.com/title/tt0025301/,NA
1935,One Night of Love,tt0025601,nominee,https://www.imdb.com/title/tt0025601/,NA
1935,The Thin Man,tt0025878,nominee,https://www.imdb.com/title/tt0025878/,NA
1935,Viva Villa!,tt0025948,nominee,https://www.imdb.com/title/tt0025948/,NA
1935,The White Parade,tt0025986,nominee,https://www.imdb.com/title/tt0025986/,NA
1934,Cavalcade,tt0023876,winner,https://www.imdb.com/title/tt0023876/,NA
1934,42nd Street,tt0024034,nominee,https://www.imdb.com/title/tt0024034/,NA
1934,A Farewell to Arms,tt0022879,nominee,https://www.imdb.com/title/tt0022879/,NA
1934,I Am a Fugitive from a Chain Gang,tt0023042,nominee,https://www.imdb.com/title/tt0023042/,NA
1934,Lady for a Day,tt0024240,nominee,https://www.imdb.com/title/tt0024240/,NA
1934,Little Women,tt0024264,nominee,https://www.imdb.com/title/tt0024264/,NA
1934,The Private Life of Henry VIII,tt0024473,nominee,https://www.imdb.com/title/tt0024473/,NA
1934,She Done Him Wrong,tt0024548,nominee,https://www.imdb.com/title/tt0024548/,NA
1934,Smilin' Through,tt0023488,nominee,https://www.imdb.com/title/tt0023488/,NA
1934,State Fair,tt0024610,nominee,https://www.imdb.com/title/tt0024610/,NA
1932,Grand Hotel,tt0022958,winner,https://www.imdb.com/title/tt0022958/,NA
1932,Arrowsmith,tt0021622,nominee,https://www.imdb.com/title/tt0021622/,NA
1932,Bad Girl,tt0021635,nominee,https://www.imdb.com/title/tt0021635/,NA
1932,The Champ,tt0021730,nominee,https://www.imdb.com/title/tt0021730/,NA
1932,Five Star Final,tt0021873,nominee,https://www.imdb.com/title/tt0021873/,NA
1932,One Hour with You,tt0023303,nominee,https://www.imdb.com/title/tt0023303/,NA
1932,Shanghai Express,tt0023458,nominee,https://www.imdb.com/title/tt0023458/,NA
1932,The Smiling Lieutenant,tt0022074,nominee,https://www.imdb.com/title/tt0022074/,NA
1931,Cimarron,tt0021746,winner,https://www.imdb.com/title/tt0021746/,NA
1931,East Lynne,tt0021826,nominee,https://www.imdb.com/title/tt0021826/,NA
1931,The Front Page,tt0021890,nominee,https://www.imdb.com/title/tt0021890/,NA
1931,Skippy,tt0022397,nominee,https://www.imdb.com/title/tt0022397/,NA
1931,Trader Horn,tt0022495,nominee,https://www.imdb.com/title/tt0022495/,NA
1930,All Quiet on the Western Front,tt0020629,winner,https://www.imdb.com/title/tt0020629/,NA
1930,The Big House,tt0020686,nominee,https://www.imdb.com/title/tt0020686/,NA
1930,Disraeli,tt0019823,nominee,https://www.imdb.com/title/tt0019823/,NA
1930,The Divorcee,tt0020827,nominee,https://www.imdb.com/title/tt0020827/,NA
1930,The Love Parade,tt0020112,nominee,https://www.imdb.com/title/tt0020112/,NA
1930,The Broadway Melody,tt0019729,winner,https://www.imdb.com/title/tt0019729/,NA
1930,Alibi,tt0019630,nominee,https://www.imdb.com/title/tt0019630/,NA
1930,The Hollywood Revue of 1929,tt0019993,nominee,https://www.imdb.com/title/tt0019993/,NA
1930,In Old Arizona,tt0020018,nominee,https://www.imdb.com/title/tt0020018/,NA
1930,The Patriot,tt0019257,nominee,https://www.imdb.com/title/tt0019257/,NA
1929,Wings,tt0018578,winner,https://www.imdb.com/title/tt0018578/,NA
1929,The Racket,tt0019304,nominee,https://www.imdb.com/title/tt0019304/,NA
1929,7th Heaven,tt0018379,nominee,https://www.imdb.com/title/tt0018379/,NA
1929,Sunrise,tt0018455,winner,https://www.imdb.com/title/tt0018455/,NA
1929,Chang: A Drama of the Wilderness,tt0017743,nominee,https://www.imdb.com/title/tt0017743/,NA
1929,The Crowd,tt0018806,nominee,https://www.imdb.com/title/tt0018806/,NA
